run_id,year,total_agents,total_affected,prevalence_total_pct,prevalence_armenian_pct,diagnosed,on_colchicine,diagnosed_pct,undiagnosed_symptomatic,prevented_births_total,age_0_14_pct,age_15_49_pct,age_50_plus_pct,m694v_homo_absolute,m694v_homo_prevalence_pct,total_carriers_absolute,total_compound_absolute,m694v_homo_in_affected_pct,m694v_homo_count,compound_in_affected_pct,compound_count,other_homo_in_affected_pct,other_homo_count,hetero_in_affected_pct,hetero_count,total_population,total_births_cumulative,total_deaths_cumulative,prevented_fmf_births,total_children_born,children_healthy,children_carrier,children_affected,mendel_healthy_healthy_total,mendel_healthy_healthy_healthy_count,mendel_healthy_healthy_healthy_pct,mendel_healthy_healthy_carrier_count,mendel_healthy_healthy_carrier_pct,mendel_healthy_healthy_affected_count,mendel_healthy_healthy_affected_pct,mendel_carrier_healthy_total,mendel_carrier_healthy_healthy_count,mendel_carrier_healthy_healthy_pct,mendel_carrier_healthy_carrier_count,mendel_carrier_healthy_carrier_pct,mendel_carrier_healthy_affected_count,mendel_carrier_healthy_affected_pct,mendel_carrier_carrier_total,mendel_affected_healthy_total,mendel_affected_carrier_total,mendel_affected_affected_total,healthy_births,carrier_births,affected_births,pgt_attempts,pgt_births,pgt_eligible_but_declined,mean_age,population_total,arm_count,true_prevalence_genetic,clinical_prevalence,carrier_frequency_pct,diagnostic_coverage,screening_coverage_pct,scenario,cache_version,timestamp,mendel_carrier_carrier_healthy_count,mendel_carrier_carrier_healthy_pct,mendel_carrier_carrier_carrier_count,mendel_carrier_carrier_carrier_pct,mendel_carrier_carrier_affected_count,mendel_carrier_carrier_affected_pct,mendel_affected_carrier_healthy_count,mendel_affected_carrier_healthy_pct,mendel_affected_carrier_carrier_count,mendel_affected_carrier_carrier_pct,mendel_affected_carrier_affected_count,mendel_affected_carrier_affected_pct,mendel_affected_healthy_healthy_count,mendel_affected_healthy_healthy_pct,mendel_affected_healthy_carrier_count,mendel_affected_healthy_carrier_pct,mendel_affected_healthy_affected_count,mendel_affected_healthy_affected_pct
0,1950,837,0,0.0,0.0,0,0,0.0,0,0,39.18757467144564,60.81242532855436,0.0,0,0.0,0,0,0.0,0,0.0,0,0.0,0,0.0,0,1014,23,9,0,23,0,0,0,15,15,100.0,0,0.0,0,0.0,8,6,75.0,2,25.0,0,0.0,0,0,0,0,0,0,0,0,0,0,28.36587771203156,1014,910,0.39447731755424065,0.09861932938856016,15.088757396449704,25.0,0.0,ModelParams,v3,1779217955.3114967,,,,,,,,,,,,,,,,,,
0,1951,838,0,0.0,0.0,0,0,0.0,0,0,38.18615751789976,61.813842482100235,0.0,0,0.0,0,0,0.0,0,0.0,0,0.0,0,0.0,0,1017,37,20,0,37,0,0,0,25,25,100.0,0,0.0,0,0.0,12,8,66.66666666666666,4,33.33333333333333,0,0.0,0,0,0,0,0,0,0,0,0,0,28.657817109144542,1017,916,0.39331366764995085,0.09832841691248771,15.142576204523106,25.0,0.0,ModelParams,v3,1779217955.3114967,,,,,,,,,,,,,,,,,,
0,1952,854,0,0.0,0.0,0,0,0.0,0,0,39.578454332552695,60.421545667447305,0.0,0,0.0,0,0,0.0,0,0.0,0,0.0,0,0.0,0,1039,67,28,0,67,0,0,0,71,71,100.0,0,0.0,0,0.0,38,21,55.26315789473685,17,44.73684210526316,0,0.0,2,0,1,0,0,0,0,0,0,0,28.51973051010587,1039,932,0.384985563041386,0.0962463907603465,14.918190567853706,25.0,0.0,ModelParams,v3,1779217955.3114967,0.0,0.0,2.0,100.0,0.0,0.0,0.0,0.0,1.0,100.0,0.0,0.0,,,,,,
0,1953,861,0,0.0,0.0,0,0,0.0,0,0,38.32752613240418,61.672473867595826,0.0,0,0.0,0,0,0.0,0,0.0,0,0.0,0,0.0,0,1045,86,41,0,86,0,0,0,84,84,100.0,0,0.0,0,0.0,44,22,50.0,22,50.0,0,0.0,2,0,1,0,0,0,0,0,0,0,28.51961722488038,1045,936,0.28708133971291866,0.09569377990430622,15.023923444976075,33.33333333333333,0.0,ModelParams,v3,1779217955.3114967,0.0,0.0,2.0,100.0,0.0,0.0,0.0,0.0,1.0,100.0,0.0,0.0,,,,,,
0,1954,872,0,0.0,0.0,0,0,0.0,0,0,38.53211009174312,61.46788990825688,0.0,0,0.0,0,0,0.0,0,0.0,0,0.0,0,0.0,0,1061,109,48,0,109,0,0,0,97,97,100.0,0,0.0,0,0.0,53,27,50.943396226415096,26,49.056603773584904,0,0.0,3,0,1,0,0,0,0,0,0,0,28.770970782280866,1061,948,0.3770028275212064,0.0942507068803016,15.268614514608862,25.0,0.0,ModelParams,v3,1779217955.3114967,0.0,0.0,2.0,66.66666666666666,1.0,33.33333333333333,0.0,0.0,1.0,100.0,0.0,0.0,,,,,,
0,1955,881,0,0.0,0.0,0,0,0.0,0,0,37.79795686719637,62.20204313280363,0.0,0,0.0,0,0,0.0,0,0.0,0,0.0,0,0.0,0,1073,130,57,0,130,0,0,0,131,131,100.0,0,0.0,0,0.0,69,40,57.971014492753625,29,42.028985507246375,0,0.0,4,1,1,0,0,0,0,0,0,0,28.84902143522833,1073,960,0.3727865796831314,0.09319664492078285,15.37744641192917,25.0,0.0,ModelParams,v3,1779217955.3114967,0.0,0.0,3.0,75.0,1.0,25.0,0.0,0.0,1.0,100.0,0.0,0.0,0.0,0.0,1.0,100.0,0.0,0.0
0,1956,889,0,0.0,0.0,0,0,0.0,0,0,38.69516310461192,61.30483689538808,0.0,0,0.0,0,0,0.0,0,0.0,0,0.0,0,0.0,0,1092,158,66,0,158,0,0,0,174,174,100.0,0,0.0,0,0.0,87,49,56.32183908045977,38,43.67816091954023,0,0.0,6,1,2,0,0,0,0,0,0,0,28.856227106227106,1092,974,0.3663003663003663,0.09157509157509157,15.2014652014652,25.0,0.0,ModelParams,v3,1779217955.3114967,0.0,0.0,3.0,50.0,3.0,50.0,0.0,0.0,2.0,100.0,0.0,0.0,0.0,0.0,1.0,100.0,0.0,0.0
0,1957,900,1,0.1111111111111111,0.0,0,0,0.0,1,0,38.111111111111114,61.88888888888889,0.0,0,0.0,1,0,0.0,0,0.0,0,0.0,0,100.0,1,1109,180,71,0,180,0,0,0,188,188,100.0,0,0.0,0,0.0,93,51,54.83870967741935,42,45.16129032258064,0,0.0,7,2,2,0,0,0,0,0,0,0,29.09648331830478,1109,987,0.36068530207394045,0.18034265103697023,15.1487826871055,25.0,0.0,ModelParams,v3,1779217955.3114967,0.0,0.0,3.0,42.857142857142854,4.0,57.14285714285714,0.0,0.0,2.0,100.0,0.0,0.0,0.0,0.0,2.0,100.0,0.0,0.0
0,1958,923,2,0.21668472372697722,0.1226993865030675,0,0,0.0,2,0,39.00325027085591,60.99674972914409,0.0,0,0.0,1,0,0.0,0,0.0,0,50.0,1,50.0,1,1130,215,85,0,215,0,0,0,227,227,100.0,0,0.0,0,0.0,120,67,55.833333333333336,53,44.166666666666664,0,0.0,9,2,2,0,0,0,0,0,0,0,28.799115044247788,1130,1006,0.35398230088495575,0.2654867256637168,14.955752212389381,25.0,0.0,ModelParams,v3,1779217955.3114967,0.0,0.0,5.0,55.55555555555556,4.0,44.44444444444444,0.0,0.0,2.0,100.0,0.0,0.0,0.0,0.0,2.0,100.0,0.0,0.0
0,1959,928,2,0.21551724137931033,0.12180267965895249,0,0,0.0,2,0,39.439655172413794,60.560344827586206,0.0,0,0.0,1,0,0.0,0,0.0,0,50.0,1,50.0,1,1143,239,96,0,239,0,0,0,264,264,100.0,0,0.0,0,0.0,139,77,55.39568345323741,62,44.60431654676259,0,0.0,9,2,2,0,0,0,0,0,0,0,28.937882764654418,1143,1017,0.3499562554680665,0.26246719160104987,15.223097112860891,25.0,0.0,ModelParams,v3,1779217955.3114967,0.0,0.0,5.0,55.55555555555556,4.0,44.44444444444444,0.0,0.0,2.0,100.0,0.0,0.0,0.0,0.0,2.0,100.0,0.0,0.0
0,1960,946,2,0.21141649048625794,0.12062726176115801,1,1,50.0,1,0,38.372093023255815,61.627906976744185,0.0,0,0.0,1,0,0.0,0,0.0,0,50.0,1,50.0,1,1165,269,104,0,269,0,0,0,307,307,100.0,0,0.0,0,0.0,159,87,54.71698113207547,72,45.28301886792453,0,0.0,12,2,2,0,0,0,0,0,0,0,28.983690987124465,1165,1028,0.34334763948497854,0.2575107296137339,15.36480686695279,50.0,0.0,ModelParams,v3,1779217955.3114967,2.0,16.666666666666664,6.0,50.0,4.0,33.33333333333333,0.0,0.0,2.0,100.0,0.0,0.0,0.0,0.0,2.0,100.0,0.0,0.0
0,1961,954,2,0.20964360587002098,0.12004801920768307,1,1,50.0,1,0,38.78406708595388,61.21593291404612,0.0,0,0.0,1,0,0.0,0,0.0,0,50.0,1,50.0,1,1172,295,123,0,295,0,0,0,326,326,100.0,0,0.0,0,0.0,166,90,54.21686746987952,76,45.78313253012048,0,0.0,12,2,2,0,0,0,0,0,0,0,28.85494880546075,1172,1029,0.3412969283276451,0.25597269624573377,15.187713310580206,50.0,0.0,ModelParams,v3,1779217955.3114967,2.0,16.666666666666664,6.0,50.0,4.0,33.33333333333333,0.0,0.0,2.0,100.0,0.0,0.0,0.0,0.0,2.0,100.0,0.0,0.0
0,1962,965,2,0.20725388601036268,0.11904761904761905,1,1,50.0,1,0,38.34196891191709,61.6580310880829,0.0,0,0.0,1,0,0.0,0,0.0,0,50.0,1,50.0,1,1188,319,131,0,319,0,0,0,343,343,100.0,0,0.0,0,0.0,172,94,54.65116279069767,78,45.348837209302324,0,0.0,13,2,2,0,0,0,0,0,0,0,29.05892255892256,1188,1042,0.33670033670033667,0.25252525252525254,15.235690235690235,50.0,0.0,ModelParams,v3,1779217955.3114967,3.0,23.076923076923077,6.0,46.15384615384615,4.0,30.76923076923077,0.0,0.0,2.0,100.0,0.0,0.0,0.0,0.0,2.0,100.0,0.0,0.0
0,1963,978,2,0.2044989775051125,0.117096018735363,1,1,50.0,1,0,38.13905930470348,61.86094069529653,0.0,0,0.0,1,0,0.0,0,0.0,0,50.0,1,50.0,1,1206,350,144,0,350,0,0,0,397,397,100.0,0,0.0,0,0.0,185,99,53.51351351351351,86,46.48648648648649,0,0.0,14,2,2,0,0,0,0,0,0,0,28.91625207296849,1206,1059,0.33167495854063017,0.24875621890547264,14.925373134328357,50.0,0.0,ModelParams,v3,1779217955.3114967,3.0,21.428571428571427,6.0,42.857142857142854,5.0,35.714285714285715,0.0,0.0,2.0,100.0,0.0,0.0,0.0,0.0,2.0,100.0,0.0,0.0
0,1964,980,2,0.20408163265306123,0.117096018735363,1,1,50.0,1,0,37.44897959183673,62.55102040816326,0.0,0,0.0,1,0,0.0,0,0.0,0,50.0,1,50.0,1,1216,372,156,0,372,0,0,0,446,446,100.0,0,0.0,0,0.0,201,104,51.741293532338304,97,48.258706467661696,0,0.0,17,2,2,0,0,0,0,0,0,0,29.245065789473685,1216,1068,0.3289473684210526,0.24671052631578946,14.802631578947366,50.0,0.0,ModelParams,v3,1779217955.3114967,3.0,17.647058823529413,8.0,47.05882352941176,6.0,35.294117647058826,0.0,0.0,2.0,100.0,0.0,0.0,0.0,0.0,2.0,100.0,0.0,0.0
0,1965,979,2,0.20429009193054137,0.11750881316098707,1,1,50.0,1,0,36.77221654749744,63.22778345250255,0.0,0,0.0,1,0,0.0,0,0.0,0,50.0,1,50.0,1,1221,388,167,0,388,0,0,0,457,457,100.0,0,0.0,0,0.0,206,109,52.9126213592233,97,47.0873786407767,0,0.0,17,2,2,0,0,0,0,0,0,0,29.582309582309584,1221,1070,0.32760032760032765,0.2457002457002457,14.905814905814907,50.0,0.0,ModelParams,v3,1779217955.3114967,3.0,17.647058823529413,8.0,47.05882352941176,6.0,35.294117647058826,0.0,0.0,2.0,100.0,0.0,0.0,0.0,0.0,2.0,100.0,0.0,0.0
0,1966,992,2,0.20161290322580644,0.11668611435239205,1,1,50.0,1,0,37.70161290322581,62.298387096774185,0.0,0,0.0,1,0,0.0,0,0.0,0,50.0,1,50.0,1,1237,417,180,0,417,0,0,0,481,481,100.0,0,0.0,0,0.0,211,113,53.55450236966824,98,46.44549763033176,0,0.0,17,2,2,0,0,0,0,0,0,0,29.65157639450283,1237,1078,0.32336297493936944,0.2425222312045271,14.38965238480194,50.0,0.0,ModelParams,v3,1779217955.3114967,3.0,17.647058823529413,8.0,47.05882352941176,6.0,35.294117647058826,0.0,0.0,2.0,100.0,0.0,0.0,0.0,0.0,2.0,100.0,0.0,0.0
0,1967,1002,2,0.19960079840319359,0.11614401858304298,1,1,50.0,1,0,36.12774451097805,63.87225548902195,0.0,0,0.0,1,0,0.0,0,0.0,0,50.0,1,50.0,1,1252,435,183,0,435,0,0,0,506,506,100.0,0,0.0,0,0.0,230,123,53.47826086956522,107,46.52173913043478,0,0.0,20,2,2,0,0,0,0,0,0,0,30.150958466453673,1252,1087,0.3194888178913738,0.23961661341853036,14.456869009584663,50.0,0.0,ModelParams,v3,1779217955.3114967,4.0,20.0,9.0,45.0,7.0,35.0,0.0,0.0,2.0,100.0,0.0,0.0,0.0,0.0,2.0,100.0,0.0,0.0
0,1968,1009,2,0.19821605550049554,0.11560693641618498,1,1,50.0,1,0,36.57086223984143,63.42913776015857,0.0,0,0.0,1,0,0.0,0,0.0,0,50.0,1,50.0,1,1269,460,191,0,460,0,0,0,546,546,100.0,0,0.0,0,0.0,240,127,52.916666666666664,113,47.083333333333336,0,0.0,22,2,2,0,0,0,0,0,0,0,30.231678486997637,1269,1099,0.31520882584712373,0.2364066193853428,14.657210401891252,50.0,0.0,ModelParams,v3,1779217955.3114967,5.0,22.727272727272727,10.0,45.45454545454545,7.0,31.818181818181817,0.0,0.0,2.0,100.0,0.0,0.0,0.0,0.0,2.0,100.0,0.0,0.0
0,1969,1018,2,0.19646365422396855,0.1152073732718894,1,1,50.0,1,0,35.75638506876228,64.24361493123773,0.0,0,0.0,1,0,0.0,0,0.0,0,50.0,1,50.0,1,1279,478,199,0,478,0,0,0,561,561,100.0,0,0.0,0,0.0,243,128,52.674897119341566,115,47.325102880658434,0,0.0,22,2,2,0,0,0,0,0,0,0,30.559030492572322,1279,1103,0.3127443315089914,0.23455824863174357,14.464425332290853,50.0,0.0,ModelParams,v3,1779217955.3114967,5.0,22.727272727272727,10.0,45.45454545454545,7.0,31.818181818181817,0.0,0.0,2.0,100.0,0.0,0.0,0.0,0.0,2.0,100.0,0.0,0.0
0,1970,1033,2,0.1936108422071636,0.11376564277588168,1,1,50.0,1,0,36.30203291384318,63.69796708615682,0.0,0,0.0,1,0,0.0,0,0.0,0,50.0,1,50.0,1,1307,510,203,0,510,0,0,0,585,585,100.0,0,0.0,0,0.0,250,130,52.0,120,48.0,0,0.0,22,3,2,0,0,0,0,0,0,0,30.643458301453713,1307,1124,0.306044376434583,0.22953328232593728,14.384085692425403,50.0,0.0,ModelParams,v3,1779217955.3114967,5.0,22.727272727272727,10.0,45.45454545454545,7.0,31.818181818181817,0.0,0.0,2.0,100.0,0.0,0.0,0.0,0.0,3.0,100.0,0.0,0.0
0,1971,1033,2,0.1936108422071636,0.11402508551881414,1,1,50.0,1,0,35.81800580832527,64.18199419167473,0.0,0,0.0,1,0,0.0,0,0.0,0,50.0,1,50.0,1,1320,531,211,0,531,0,0,0,603,603,100.0,0,0.0,0,0.0,253,130,51.38339920948617,123,48.616600790513836,0,0.0,22,3,2,0,0,0,0,0,0,0,30.971969696969698,1320,1135,0.30303030303030304,0.22727272727272727,14.318181818181818,50.0,0.0,ModelParams,v3,1779217955.3114967,5.0,22.727272727272727,10.0,45.45454545454545,7.0,31.818181818181817,0.0,0.0,2.0,100.0,0.0,0.0,0.0,0.0,3.0,100.0,0.0,0.0
0,1972,1038,2,0.1926782273603083,0.1141552511415525,1,1,50.0,1,0,35.54913294797688,64.45086705202311,0.0,0,0.0,1,0,0.0,0,0.0,0,50.0,1,50.0,1,1330,552,222,0,552,0,0,0,616,616,100.0,0,0.0,0,0.0,260,135,51.92307692307693,125,48.07692307692308,0,0.0,23,3,2,0,0,0,0,0,0,0,31.23609022556391,1330,1139,0.30075187969924816,0.2255639097744361,14.586466165413533,50.0,0.0,ModelParams,v3,1779217955.3114967,5.0,21.73913043478261,11.0,47.82608695652174,7.0,30.434782608695656,0.0,0.0,2.0,100.0,0.0,0.0,0.0,0.0,3.0,100.0,0.0,0.0
0,1973,1038,1,0.09633911368015415,0.11441647597254005,1,1,100.0,0,0,34.296724470134876,65.70327552986512,0.0,0,0.0,0,0,0.0,0,0.0,0,100.0,1,0.0,0,1340,574,234,0,574,0,0,0,631,631,100.0,0,0.0,0,0.0,267,135,50.56179775280899,132,49.43820224719101,0,0.0,23,3,2,0,0,0,0,0,0,0,31.41417910447761,1340,1148,0.2985074626865672,0.1492537313432836,14.626865671641792,50.0,0.0,ModelParams,v3,1779217955.3114967,5.0,21.73913043478261,11.0,47.82608695652174,7.0,30.434782608695656,0.0,0.0,2.0,100.0,0.0,0.0,0.0,0.0,3.0,100.0,0.0,0.0
0,1974,1053,1,0.0949667616334283,0.11273957158962795,1,1,100.0,0,0,34.37796771130105,65.62203228869895,0.0,0,0.0,0,0,0.0,0,0.0,0,100.0,1,0.0,0,1362,605,243,0,605,0,0,0,690,690,100.0,0,0.0,0,0.0,290,144,49.6551724137931,146,50.3448275862069,0,0.0,27,4,3,0,0,0,0,0,0,0,31.522760646108665,1362,1168,0.2936857562408223,0.14684287812041116,14.317180616740089,50.0,0.0,ModelParams,v3,1779217955.3114967,5.0,18.51851851851852,11.0,40.74074074074074,11.0,40.74074074074074,0.0,0.0,2.0,66.66666666666666,1.0,33.33333333333333,0.0,0.0,4.0,100.0,0.0,0.0
0,1975,1044,1,0.09578544061302681,0.1141552511415525,1,1,100.0,0,0,33.14176245210728,66.85823754789271,0.0,0,0.0,0,0,0.0,0,0.0,0,100.0,1,0.0,0,1363,618,255,0,618,0,0,0,720,720,100.0,0,0.0,0,0.0,304,150,49.34210526315789,154,50.6578947368421,0,0.0,27,4,3,0,0,0,0,0,0,0,31.96918561995598,1363,1168,0.293470286133529,0.1467351430667645,14.38004402054292,50.0,0.0,ModelParams,v3,1779217955.3114967,5.0,18.51851851851852,11.0,40.74074074074074,11.0,40.74074074074074,0.0,0.0,2.0,66.66666666666666,1.0,33.33333333333333,0.0,0.0,4.0,100.0,0.0,0.0
0,1976,1057,1,0.0946073793755913,0.11261261261261261,1,1,100.0,0,0,32.82876064333018,67.17123935666982,0.0,0,0.0,0,0,0.0,0,0.0,0,100.0,1,0.0,0,1376,646,270,0,646,0,0,0,775,775,100.0,0,0.0,0,0.0,325,160,49.23076923076923,165,50.76923076923077,0,0.0,29,4,3,0,0,0,0,0,0,0,31.907703488372093,1376,1177,0.3633720930232558,0.14534883720930233,14.171511627906977,40.0,0.0,ModelParams,v3,1779217955.3114967,5.0,17.24137931034483,13.0,44.827586206896555,11.0,37.93103448275862,0.0,0.0,2.0,66.66666666666666,1.0,33.33333333333333,0.0,0.0,4.0,100.0,0.0,0.0
0,1977,1064,1,0.09398496240601503,0.11160714285714285,1,1,100.0,0,0,32.42481203007519,67.57518796992481,0.0,0,0.0,0,0,0.0,0,0.0,0,100.0,1,0.0,0,1384,667,283,0,667,0,0,0,802,802,100.0,0,0.0,0,0.0,340,165,48.529411764705884,175,51.470588235294116,0,0.0,29,5,3,0,0,0,0,0,0,0,32.09393063583815,1384,1184,0.36127167630057805,0.1445086705202312,14.30635838150289,40.0,0.0,ModelParams,v3,1779217955.3114967,5.0,17.24137931034483,13.0,44.827586206896555,11.0,37.93103448275862,0.0,0.0,2.0,66.66666666666666,1.0,33.33333333333333,0.0,0.0,5.0,100.0,0.0,0.0
0,1978,1069,1,0.09354536950420954,0.11135857461024498,1,1,100.0,0,0,32.179607109448085,67.82039289055191,0.0,0,0.0,0,0,0.0,0,0.0,0,100.0,1,0.0,0,1401,696,295,0,696,0,0,0,823,823,100.0,0,0.0,0,0.0,347,167,48.126801152737755,180,51.873198847262245,0,0.0,30,5,3,0,0,0,0,0,0,0,32.147751605995715,1401,1197,0.35688793718772305,0.14275517487508924,14.41827266238401,40.0,0.0,ModelParams,v3,1779217955.3114967,5.0,16.666666666666664,13.0,43.333333333333336,12.0,40.0,0.0,0.0,2.0,66.66666666666666,1.0,33.33333333333333,0.0,0.0,5.0,100.0,0.0,0.0
0,1979,1074,1,0.0931098696461825,0.11074197120708748,1,1,100.0,0,0,31.936685288640597,68.0633147113594,0.0,0,0.0,0,0,0.0,0,0.0,0,100.0,1,0.0,0,1412,718,306,0,718,0,0,0,844,844,100.0,0,0.0,0,0.0,348,168,48.275862068965516,180,51.724137931034484,0,0.0,30,5,3,0,0,0,0,0,0,0,32.403682719546744,1412,1207,0.3541076487252125,0.141643059490085,14.23512747875354,40.0,0.0,ModelParams,v3,1779217955.3114967,5.0,16.666666666666664,13.0,43.333333333333336,12.0,40.0,0.0,0.0,2.0,66.66666666666666,1.0,33.33333333333333,0.0,0.0,5.0,100.0,0.0,0.0
0,1980,1070,1,0.09345794392523366,0.11135857461024498,1,1,100.0,0,0,31.86915887850467,68.13084112149532,0.0,0,0.0,0,0,0.0,0,0.0,0,100.0,1,0.0,0,1418,731,313,0,731,0,0,0,868,868,100.0,0,0.0,0,0.0,362,175,48.34254143646409,187,51.657458563535904,0,0.0,32,5,3,0,0,0,0,0,0,0,32.93018335684062,1418,1211,0.3526093088857546,0.14104372355430184,14.315937940761636,40.0,0.0,ModelParams,v3,1779217955.3114967,7.0,21.875,13.0,40.625,12.0,37.5,0.0,0.0,2.0,66.66666666666666,1.0,33.33333333333333,0.0,0.0,5.0,100.0,0.0,0.0
0,1981,1080,1,0.0925925925925926,0.11061946902654868,1,1,100.0,0,0,31.11111111111111,68.88888888888889,0.0,0,0.0,0,0,0.0,0,0.0,0,100.0,1,0.0,0,1432,756,324,0,756,0,0,0,930,930,100.0,0,0.0,0,0.0,392,186,47.44897959183674,206,52.55102040816326,0,0.0,36,6,3,0,0,0,0,0,0,0,33.08798882681564,1432,1220,0.34916201117318435,0.13966480446927373,14.24581005586592,40.0,0.0,ModelParams,v3,1779217955.3114967,8.0,22.22222222222222,15.0,41.66666666666667,13.0,36.11111111111111,0.0,0.0,2.0,66.66666666666666,1.0,33.33333333333333,0.0,0.0,6.0,100.0,0.0,0.0
0,1982,1093,1,0.09149130832570906,0.10952902519167579,1,1,100.0,0,0,31.83897529734675,68.16102470265325,0.0,0,0.0,0,0,0.0,0,0.0,0,100.0,1,0.0,0,1450,784,334,0,784,0,0,0,950,950,100.0,0,0.0,0,0.0,399,189,47.368421052631575,210,52.63157894736842,0,0.0,37,6,3,0,0,0,0,0,0,0,33.12,1450,1234,0.41379310344827586,0.13793103448275862,14.206896551724139,33.33333333333333,0.0,ModelParams,v3,1779217955.3114967,8.0,21.62162162162162,16.0,43.24324324324324,13.0,35.13513513513514,0.0,0.0,2.0,66.66666666666666,1.0,33.33333333333333,0.0,0.0,6.0,100.0,0.0,0.0
0,1983,1094,1,0.09140767824497258,0.10952902519167579,1,1,100.0,0,0,31.444241316270567,68.55575868372942,0.0,0,0.0,0,0,0.0,0,0.0,0,100.0,1,0.0,0,1459,806,347,0,806,0,0,0,981,981,100.0,0,0.0,0,0.0,416,197,47.355769230769226,219,52.644230769230774,0,0.0,38,7,3,0,0,0,0,0,0,0,33.44482522275531,1459,1240,0.411240575736806,0.1370801919122687,14.324880054832075,33.33333333333333,0.0,ModelParams,v3,1779217955.3114967,8.0,21.052631578947366,17.0,44.73684210526316,13.0,34.21052631578947,0.0,0.0,2.0,66.66666666666666,1.0,33.33333333333333,0.0,0.0,7.0,100.0,0.0,0.0
0,1984,1101,1,0.09082652134423251,0.10905125408942204,1,1,100.0,0,0,31.69845594913715,68.30154405086284,0.0,0,0.0,0,0,0.0,0,0.0,0,100.0,1,0.0,0,1474,830,356,0,830,0,0,0,1054,1054,100.0,0,0.0,0,0.0,453,218,48.12362030905077,235,51.87637969094923,0,0.0,40,8,3,0,0,0,0,0,0,0,33.682496607869744,1474,1249,0.33921302578018997,0.06784260515603799,14.246947082767978,20.0,0.0,ModelParams,v3,1779217955.3114967,9.0,22.5,18.0,45.0,13.0,32.5,0.0,0.0,2.0,66.66666666666666,1.0,33.33333333333333,0.0,0.0,8.0,100.0,0.0,0.0
0,1985,1103,1,0.09066183136899365,0.10917030567685589,1,1,100.0,0,0,30.553037171350862,69.44696282864913,0.0,0,0.0,0,0,0.0,0,0.0,0,100.0,1,0.0,0,1480,850,370,0,850,0,0,0,1068,1068,100.0,0,0.0,0,0.0,458,221,48.25327510917031,237,51.7467248908297,0,0.0,41,8,3,0,0,0,0,0,0,0,33.97905405405405,1480,1253,0.33783783783783783,0.06756756756756757,14.324324324324325,20.0,0.0,ModelParams,v3,1779217955.3114967,9.0,21.951219512195124,18.0,43.90243902439025,14.0,34.146341463414636,0.0,0.0,2.0,66.66666666666666,1.0,33.33333333333333,0.0,0.0,8.0,100.0,0.0,0.0
0,1986,1105,1,0.09049773755656108,0.10952902519167579,1,1,100.0,0,0,30.95022624434389,69.0497737556561,0.0,0,0.0,0,0,0.0,0,0.0,0,100.0,1,0.0,0,1492,877,385,0,877,0,0,0,1116,1116,100.0,0,0.0,0,0.0,487,238,48.870636550308014,249,51.129363449691986,0,0.0,46,8,3,0,0,0,0,0,0,0,34.06769436997319,1492,1261,0.3351206434316354,0.06702412868632708,14.678284182305628,20.0,0.0,ModelParams,v3,1779217955.3114967,12.0,26.08695652173913,18.0,39.130434782608695,16.0,34.78260869565217,0.0,0.0,2.0,66.66666666666666,1.0,33.33333333333333,0.0,0.0,8.0,100.0,0.0,0.0
0,1987,1113,1,0.08984725965858043,0.10917030567685589,1,1,100.0,0,0,30.90745732255166,69.09254267744835,0.0,0,0.0,0,0,0.0,0,0.0,0,100.0,1,0.0,0,1499,900,401,0,900,0,0,0,1130,1130,100.0,0,0.0,0,0.0,496,243,48.99193548387097,253,51.00806451612904,0,0.0,46,8,3,0,0,0,0,0,0,0,34.22014676450967,1499,1264,0.333555703802535,0.06671114076050699,14.876584389593061,20.0,0.0,ModelParams,v3,1779217955.3114967,12.0,26.08695652173913,18.0,39.130434782608695,16.0,34.78260869565217,0.0,0.0,2.0,66.66666666666666,1.0,33.33333333333333,0.0,0.0,8.0,100.0,0.0,0.0
0,1988,1100,1,0.09090909090909091,0.11086474501108648,1,1,100.0,0,0,30.818181818181817,69.18181818181817,0.0,0,0.0,0,0,0.0,0,0.0,0,100.0,1,0.0,0,1492,918,426,0,918,0,0,0,1176,1176,100.0,0,0.0,0,0.0,522,253,48.46743295019157,269,51.53256704980843,0,0.0,48,8,3,0,0,0,0,0,0,0,34.38941018766756,1492,1255,0.3351206434316354,0.06702412868632708,15.214477211796245,20.0,0.0,ModelParams,v3,1779217955.3114967,12.0,25.0,19.0,39.58333333333333,17.0,35.41666666666667,0.0,0.0,2.0,66.66666666666666,1.0,33.33333333333333,0.0,0.0,8.0,100.0,0.0,0.0
0,1989,1113,1,0.08984725965858043,0.11025358324145534,1,1,100.0,0,0,30.2785265049416,69.7214734950584,0.0,0,0.0,0,0,0.0,0,0.0,0,100.0,1,0.0,0,1500,947,447,0,947,0,0,0,1195,1195,100.0,0,0.0,0,0.0,529,255,48.20415879017013,274,51.79584120982986,0,0.0,51,8,3,0,0,0,0,0,0,0,34.182,1500,1256,0.26666666666666666,0.06666666666666667,15.0,25.0,0.0,ModelParams,v3,1779217955.3114967,13.0,25.49019607843137,20.0,39.21568627450981,18.0,35.294117647058826,0.0,0.0,2.0,66.66666666666666,1.0,33.33333333333333,0.0,0.0,8.0,100.0,0.0,0.0
0,1990,1107,1,0.09033423667570009,0.11074197120708748,1,1,100.0,0,0,30.80397470641373,69.19602529358627,0.0,0,0.0,0,0,0.0,0,0.0,0,100.0,1,0.0,0,1507,965,458,0,965,0,0,0,1229,1229,100.0,0,0.0,0,0.0,539,262,48.608534322820034,277,51.39146567717996,0,0.0,53,9,3,0,0,0,0,0,0,0,34.548772395487724,1507,1262,0.26542800265428,0.06635700066357,14.93032514930325,25.0,0.0,ModelParams,v3,1779217955.3114967,13.0,24.528301886792452,21.0,39.62264150943396,19.0,35.84905660377358,0.0,0.0,2.0,66.66666666666666,1.0,33.33333333333333,0.0,0.0,9.0,100.0,0.0,0.0
0,1991,1124,1,0.0889679715302491,0.10964912280701754,1,1,100.0,0,0,30.338078291814945,69.66192170818505,0.0,0,0.0,0,0,0.0,0,0.0,0,100.0,1,0.0,0,1523,993,470,0,993,0,0,0,1273,1273,100.0,0,0.0,0,0.0,552,265,48.007246376811594,287,51.992753623188406,0,0.0,54,9,3,0,0,0,0,0,0,0,34.547603414313855,1523,1270,0.2626395272488509,0.06565988181221273,14.64215364412344,25.0,0.0,ModelParams,v3,1779217955.3114967,14.0,25.925925925925924,21.0,38.88888888888889,19.0,35.18518518518518,0.0,0.0,2.0,66.66666666666666,1.0,33.33333333333333,0.0,0.0,9.0,100.0,0.0,0.0
0,1992,1140,1,0.08771929824561403,0.10845986984815618,1,1,100.0,0,0,31.05263157894737,68.94736842105263,0.0,0,0.0,0,0,0.0,0,0.0,0,100.0,1,0.0,0,1541,1027,486,0,1027,0,0,0,1321,1321,100.0,0,0.0,0,0.0,570,273,47.89473684210526,297,52.10526315789473,0,0.0,57,10,3,0,0,0,0,0,0,0,34.341336794289425,1541,1283,0.32446463335496434,0.06489292667099286,14.925373134328357,20.0,0.0,ModelParams,v3,1779217955.3114967,14.0,24.561403508771928,22.0,38.59649122807017,21.0,36.84210526315789,0.0,0.0,2.0,66.66666666666666,1.0,33.33333333333333,0.0,0.0,10.0,100.0,0.0,0.0
0,1993,1147,1,0.08718395815170009,0.10787486515641855,1,1,100.0,0,0,30.25283347863993,69.74716652136007,0.0,0,0.0,0,0,0.0,0,0.0,0,100.0,1,0.0,0,1551,1049,498,0,1049,0,0,0,1372,1372,100.0,0,0.0,0,0.0,591,282,47.71573604060914,309,52.28426395939086,0,0.0,58,10,3,0,0,0,0,0,0,0,34.5886524822695,1551,1291,0.3223726627981947,0.1289490651192779,14.764667956157318,20.0,0.0,ModelParams,v3,1779217955.3114967,15.0,25.862068965517242,22.0,37.93103448275862,21.0,36.206896551724135,0.0,0.0,2.0,66.66666666666666,1.0,33.33333333333333,0.0,0.0,10.0,100.0,0.0,0.0
0,1994,1153,1,0.08673026886383348,0.10718113612004287,1,1,100.0,0,0,30.18213356461405,69.81786643538595,0.0,0,0.0,0,0,0.0,0,0.0,0,100.0,1,0.0,0,1557,1073,516,0,1073,0,0,0,1391,1391,100.0,0,0.0,0,0.0,595,284,47.73109243697479,311,52.268907563025216,0,0.0,59,10,3,0,0,0,0,0,0,0,34.64547206165703,1557,1301,0.3211303789338471,0.12845215157353884,14.707771355170198,20.0,0.0,ModelParams,v3,1779217955.3114967,15.0,25.423728813559322,22.0,37.28813559322034,22.0,37.28813559322034,0.0,0.0,2.0,66.66666666666666,1.0,33.33333333333333,0.0,0.0,10.0,100.0,0.0,0.0
0,1995,1141,1,0.0876424189307625,0.10940919037199125,1,1,100.0,0,0,31.463628396143733,68.53637160385627,0.0,0,0.0,0,0,0.0,0,0.0,0,100.0,1,0.0,0,1566,1097,531,0,1097,0,0,0,1430,1430,100.0,0,0.0,0,0.0,617,294,47.64991896272285,323,52.35008103727715,0,0.0,60,12,3,0,0,0,0,0,0,0,34.80332056194125,1566,1303,0.31928480204342274,0.1277139208173691,14.814814814814813,20.0,0.0,ModelParams,v3,1779217955.3114967,16.0,26.666666666666668,22.0,36.666666666666664,22.0,36.666666666666664,0.0,0.0,2.0,66.66666666666666,1.0,33.33333333333333,0.0,0.0,12.0,100.0,0.0,0.0
0,1996,1147,1,0.08718395815170009,0.10917030567685589,1,1,100.0,0,0,31.473408892763732,68.52659110723627,0.0,0,0.0,0,0,0.0,0,0.0,0,100.0,1,0.0,0,1580,1122,542,0,1122,0,0,0,1452,1452,100.0,0,0.0,0,0.0,623,294,47.19101123595505,329,52.80898876404494,0,0.0,60,12,3,0,0,0,0,0,0,0,35.04240506329114,1580,1312,0.31645569620253167,0.12658227848101267,14.873417721518987,20.0,0.0,ModelParams,v3,1779217955.3114967,16.0,26.666666666666668,22.0,36.666666666666664,22.0,36.666666666666664,0.0,0.0,2.0,66.66666666666666,1.0,33.33333333333333,0.0,0.0,12.0,100.0,0.0,0.0
0,1997,1151,2,0.1737619461337967,0.21834061135371177,1,1,50.0,1,0,31.016507384882715,68.98349261511729,0.0,0,0.0,0,1,0.0,0,50.0,1,50.0,1,0.0,0,1593,1147,554,0,1147,0,0,0,1491,1491,100.0,0,0.0,0,0.0,634,298,47.003154574132495,336,52.99684542586751,0,0.0,60,13,3,0,0,0,0,0,0,0,35.18895166352794,1593,1319,0.31387319522912743,0.18832391713747645,14.87758945386064,20.0,0.0,ModelParams,v3,1779217955.3114967,16.0,26.666666666666668,22.0,36.666666666666664,22.0,36.666666666666664,0.0,0.0,2.0,66.66666666666666,1.0,33.33333333333333,0.0,0.0,13.0,100.0,0.0,0.0
0,1998,1136,2,0.17605633802816903,0.22172949002217296,1,1,50.0,1,0,30.985915492957744,69.01408450704226,0.0,0,0.0,0,1,0.0,0,50.0,1,50.0,1,0.0,0,1592,1163,571,0,1163,0,0,0,1505,1505,100.0,0,0.0,0,0.0,636,298,46.855345911949684,338,53.144654088050316,0,0.0,60,13,3,0,0,0,0,0,0,0,35.52261306532663,1592,1319,0.314070351758794,0.18844221105527637,14.698492462311558,20.0,0.0,ModelParams,v3,1779217955.3114967,16.0,26.666666666666668,22.0,36.666666666666664,22.0,36.666666666666664,0.0,0.0,2.0,66.66666666666666,1.0,33.33333333333333,0.0,0.0,13.0,100.0,0.0,0.0
0,1999,1126,2,0.17761989342806395,0.2242152466367713,1,1,50.0,1,0,30.728241563055064,69.27175843694494,0.0,0,0.0,0,1,0.0,0,50.0,1,50.0,1,0.0,0,1597,1181,584,0,1181,0,0,0,1517,1517,100.0,0,0.0,0,0.0,642,301,46.88473520249221,341,53.11526479750779,0,0.0,60,13,3,0,0,0,0,0,0,0,35.87664370695053,1597,1321,0.18785222291797118,0.12523481527864747,14.777708202880401,33.33333333333333,0.0,ModelParams,v3,1779217955.3114967,16.0,26.666666666666668,22.0,36.666666666666664,22.0,36.666666666666664,0.0,0.0,2.0,66.66666666666666,1.0,33.33333333333333,0.0,0.0,13.0,100.0,0.0,0.0
0,2000,1121,2,0.17841213202497772,0.22497187851518563,1,1,50.0,1,0,30.776092774308655,69.22390722569135,0.0,0,0.0,0,1,0.0,0,50.0,1,50.0,1,0.0,0,1602,1200,598,0,1200,0,0,0,1531,1531,100.0,0,0.0,0,0.0,647,304,46.986089644513136,343,53.01391035548686,0,0.0,60,13,3,0,0,0,0,0,0,0,36.19101123595506,1602,1323,0.18726591760299627,0.12484394506866417,14.794007490636703,33.33333333333333,0.0,ModelParams,v3,1779217955.3114967,16.0,26.666666666666668,22.0,36.666666666666664,22.0,36.666666666666664,0.0,0.0,2.0,66.66666666666666,1.0,33.33333333333333,0.0,0.0,13.0,100.0,0.0,0.0
0,2001,1115,2,0.17937219730941703,0.22675736961451248,2,2,100.0,0,0,29.596412556053814,70.4035874439462,0.0,0,0.0,0,1,0.0,0,50.0,1,50.0,1,0.0,0,1597,1210,613,0,1210,0,0,0,1559,1559,100.0,0,0.0,0,0.0,659,310,47.040971168437025,349,52.95902883156297,0,0.0,60,14,3,0,0,0,0,0,0,0,36.69567939887288,1597,1319,0.18785222291797118,0.12523481527864747,14.777708202880401,66.66666666666666,0.0,ModelParams,v3,1779217955.3114967,16.0,26.666666666666668,22.0,36.666666666666664,22.0,36.666666666666664,0.0,0.0,2.0,66.66666666666666,1.0,33.33333333333333,0.0,0.0,14.0,100.0,0.0,0.0
0,2002,1112,2,0.1798561151079137,0.22779043280182232,2,2,100.0,0,0,30.215827338129497,69.7841726618705,0.0,0,0.0,0,1,0.0,0,50.0,1,50.0,1,0.0,0,1605,1238,633,0,1238,0,0,0,1577,1577,100.0,0,0.0,0,0.0,668,312,46.706586826347305,356,53.293413173652695,0,0.0,61,14,3,0,0,0,0,0,0,0,36.60560747663551,1605,1324,0.1869158878504673,0.12461059190031153,14.890965732087228,66.66666666666666,0.0,ModelParams,v3,1779217955.3114967,17.0,27.86885245901639,22.0,36.0655737704918,22.0,36.0655737704918,0.0,0.0,2.0,66.66666666666666,1.0,33.33333333333333,0.0,0.0,14.0,100.0,0.0,0.0
0,2003,1099,2,0.18198362147406735,0.23094688221709006,2,2,100.0,0,0,29.754322111010005,70.24567788898999,0.0,0,0.0,0,1,0.0,0,50.0,1,50.0,1,0.0,0,1598,1248,650,0,1248,0,0,0,1585,1585,100.0,0,0.0,0,0.0,670,314,46.865671641791046,356,53.13432835820896,0,0.0,61,14,3,0,0,0,0,0,0,0,37.12828535669587,1598,1316,0.18773466833541927,0.1251564455569462,14.893617021276595,66.66666666666666,0.0,ModelParams,v3,1779217955.3114967,17.0,27.86885245901639,22.0,36.0655737704918,22.0,36.0655737704918,0.0,0.0,2.0,66.66666666666666,1.0,33.33333333333333,0.0,0.0,14.0,100.0,0.0,0.0
0,2004,1093,1,0.09149130832570906,0.11627906976744186,1,1,100.0,0,0,28.91125343092406,71.08874656907594,0.0,0,0.0,0,1,0.0,0,100.0,1,0.0,0,0.0,0,1595,1265,670,0,1265,0,0,0,1597,1597,100.0,0,0.0,0,0.0,675,317,46.96296296296296,358,53.03703703703704,0,0.0,61,14,3,0,0,0,0,0,0,0,37.27648902821316,1595,1311,0.18808777429467086,0.12539184952978058,14.733542319749215,66.66666666666666,0.0,ModelParams,v3,1779217955.3114967,17.0,27.86885245901639,22.0,36.0655737704918,22.0,36.0655737704918,0.0,0.0,2.0,66.66666666666666,1.0,33.33333333333333,0.0,0.0,14.0,100.0,0.0,0.0
0,2005,1090,1,0.09174311926605505,0.11723329425556857,1,1,100.0,0,0,28.899082568807337,71.10091743119266,0.0,0,0.0,0,1,0.0,0,100.0,1,0.0,0,0.0,0,1595,1282,687,0,1282,0,0,0,1633,1633,100.0,0,0.0,0,0.0,691,325,47.03328509406657,366,52.96671490593343,0,0.0,63,15,3,0,0,0,0,0,0,0,37.54294670846395,1595,1308,0.18808777429467086,0.12539184952978058,14.733542319749215,66.66666666666666,0.0,ModelParams,v3,1779217955.3114967,17.0,26.984126984126984,24.0,38.095238095238095,22.0,34.92063492063492,0.0,0.0,2.0,66.66666666666666,1.0,33.33333333333333,0.0,0.0,15.0,100.0,0.0,0.0
0,2006,1071,1,0.09337068160597572,0.11933174224343676,1,1,100.0,0,0,27.54435107376284,72.45564892623716,0.0,0,0.0,0,1,0.0,0,100.0,1,0.0,0,0.0,0,1590,1289,699,0,1289,0,0,0,1685,1685,100.0,0,0.0,0,0.0,705,328,46.52482269503546,377,53.47517730496454,0,0.0,64,15,3,0,0,0,0,0,0,0,38.14528301886792,1590,1304,0.18867924528301888,0.12578616352201258,14.654088050314465,66.66666666666666,0.0,ModelParams,v3,1779217955.3114967,18.0,28.125,24.0,37.5,22.0,34.375,0.0,0.0,2.0,66.66666666666666,1.0,33.33333333333333,0.0,0.0,15.0,100.0,0.0,0.0
0,2007,1063,1,0.09407337723424271,0.12004801920768307,1,1,100.0,0,0,25.587958607714018,74.41204139228599,0.0,0,0.0,0,1,0.0,0,100.0,1,0.0,0,0.0,0,1589,1302,713,0,1302,0,0,0,1695,1695,100.0,0,0.0,0,0.0,707,330,46.67609618104668,377,53.32390381895332,0,0.0,65,15,3,0,0,0,0,0,0,0,38.60289490245437,1589,1303,0.18879798615481436,0.12586532410320958,14.789175582127124,66.66666666666666,0.0,ModelParams,v3,1779217955.3114967,18.0,27.692307692307693,24.0,36.92307692307693,23.0,35.38461538461539,0.0,0.0,2.0,66.66666666666666,1.0,33.33333333333333,0.0,0.0,15.0,100.0,0.0,0.0
0,2008,1042,1,0.09596928982725528,0.12254901960784313,1,1,100.0,0,0,25.43186180422265,74.56813819577735,0.0,0,0.0,0,1,0.0,0,100.0,1,0.0,0,0.0,0,1583,1317,734,0,1317,0,0,0,1724,1724,100.0,0,0.0,0,0.0,714,334,46.778711484593835,380,53.221288515406165,0,0.0,65,15,3,0,0,0,0,0,0,0,38.85154769425142,1583,1298,0.18951358180669614,0.12634238787113075,14.845230574857865,66.66666666666666,0.0,ModelParams,v3,1779217955.3114967,18.0,27.692307692307693,24.0,36.92307692307693,23.0,35.38461538461539,0.0,0.0,2.0,66.66666666666666,1.0,33.33333333333333,0.0,0.0,15.0,100.0,0.0,0.0
0,2009,1031,1,0.09699321047526674,0.12360939431396785,1,1,100.0,0,0,24.539282250242483,75.46071774975752,0.0,0,0.0,0,1,0.0,0,100.0,1,0.0,0,0.0,0,1567,1329,762,0,1329,0,0,0,1748,1748,100.0,0,0.0,0,0.0,729,342,46.913580246913575,387,53.086419753086425,0,0.0,66,15,4,0,0,0,0,0,0,0,38.947032546266755,1567,1282,0.1914486279514997,0.12763241863433314,14.805360561582642,66.66666666666666,0.0,ModelParams,v3,1779217955.3114967,19.0,28.78787878787879,24.0,36.36363636363637,23.0,34.84848484848485,0.0,0.0,3.0,75.0,1.0,25.0,0.0,0.0,15.0,100.0,0.0,0.0
0,2010,1022,1,0.09784735812133072,0.12376237623762376,1,1,100.0,0,0,24.55968688845401,75.44031311154599,0.0,0,0.0,0,1,0.0,0,100.0,1,0.0,0,0.0,0,1567,1351,784,0,1351,0,0,0,1764,1764,100.0,0,0.0,0,0.0,735,345,46.93877551020408,390,53.06122448979592,0,0.0,66,15,4,0,0,0,0,0,0,0,39.02425015954052,1567,1280,0.1914486279514997,0.12763241863433314,14.358647096362475,66.66666666666666,11.933631142310148,ModelParams,v3,1779217955.3114967,19.0,28.78787878787879,24.0,36.36363636363637,23.0,34.84848484848485,0.0,0.0,3.0,75.0,1.0,25.0,0.0,0.0,15.0,100.0,0.0,0.0
0,2011,1015,1,0.09852216748768472,0.12391573729863693,1,1,100.0,0,0,24.334975369458128,75.66502463054188,0.0,0,0.0,0,1,0.0,0,100.0,1,0.0,0,0.0,0,1562,1372,810,0,1372,0,0,0,1780,1780,100.0,0,0.0,0,0.0,739,345,46.68470906630582,394,53.31529093369418,0,0.0,67,15,4,0,0,0,0,0,0,0,39.0089628681178,1562,1276,0.2560819462227913,0.12804097311139565,14.340588988476313,50.0,20.29449423815621,ModelParams,v3,1779217955.3114967,19.0,28.35820895522388,25.0,37.3134328358209,23.0,34.32835820895522,0.0,0.0,3.0,75.0,1.0,25.0,0.0,0.0,15.0,100.0,0.0,0.0
0,2012,1011,1,0.09891196834817012,0.12437810945273632,1,1,100.0,0,0,23.93669634025717,76.06330365974283,0.0,0,0.0,0,1,0.0,0,100.0,1,0.0,0,0.0,0,1554,1391,837,0,1391,0,0,0,1801,1801,100.0,0,0.0,0,0.0,751,351,46.737683089214386,400,53.26231691078562,0,0.0,69,15,5,0,0,0,0,0,0,0,38.94465894465895,1554,1268,0.2574002574002574,0.1287001287001287,14.671814671814673,50.0,26.383526383526384,ModelParams,v3,1779217955.3114967,19.0,27.536231884057973,27.0,39.130434782608695,23.0,33.33333333333333,0.0,0.0,3.0,60.0,2.0,40.0,0.0,0.0,15.0,100.0,0.0,0.0
0,2013,995,1,0.10050251256281408,0.12706480304955528,1,1,100.0,0,0,24.120603015075375,75.87939698492463,0.0,0,0.0,0,1,0.0,0,100.0,1,0.0,0,0.0,0,1541,1405,864,0,1405,0,0,0,1821,1821,100.0,0,0.0,0,0.0,762,360,47.24409448818898,402,52.75590551181102,0,0.0,69,15,6,0,0,0,0,0,0,0,39.132381570408825,1541,1255,0.25957170668397145,0.12978585334198572,14.536015574302402,50.0,31.08371187540558,ModelParams,v3,1779217955.3114967,19.0,27.536231884057973,27.0,39.130434782608695,23.0,33.33333333333333,0.0,0.0,3.0,50.0,3.0,50.0,0.0,0.0,15.0,100.0,0.0,0.0
0,2014,987,2,0.2026342451874367,0.25510204081632654,2,2,100.0,0,0,24.41742654508612,75.58257345491388,0.0,0,0.0,1,1,0.0,0,50.0,1,0.0,0,50.0,1,1532,1424,892,0,1424,0,0,0,1833,1833,100.0,0,0.0,0,0.0,768,365,47.52604166666667,403,52.473958333333336,0,0.0,70,15,6,0,0,0,0,0,0,0,39.13446475195823,1532,1249,0.26109660574412535,0.19582245430809397,14.556135770234988,75.0,34.46475195822455,ModelParams,v3,1779217955.3114967,20.0,28.57142857142857,27.0,38.57142857142858,23.0,32.857142857142854,0.0,0.0,3.0,50.0,3.0,50.0,0.0,0.0,15.0,100.0,0.0,0.0
0,2015,989,2,0.20222446916076847,0.25380710659898476,2,2,100.0,0,0,24.064711830131447,75.93528816986856,0.0,0,0.0,1,1,0.0,0,50.0,1,0.0,0,50.0,1,1525,1441,916,0,1441,0,0,0,1846,1846,100.0,0,0.0,0,0.0,772,366,47.40932642487047,406,52.59067357512953,0,0.0,70,15,6,0,0,0,0,0,0,0,39.257704918032786,1525,1246,0.26229508196721313,0.19672131147540983,14.62295081967213,75.0,37.37704918032787,ModelParams,v3,1779217955.3114967,20.0,28.57142857142857,27.0,38.57142857142858,23.0,32.857142857142854,0.0,0.0,3.0,50.0,3.0,50.0,0.0,0.0,15.0,100.0,0.0,0.0
0,2016,974,2,0.20533880903490762,0.2560819462227913,2,2,100.0,0,0,24.948665297741275,75.05133470225873,0.0,0,0.0,1,1,0.0,0,50.0,1,0.0,0,50.0,1,1514,1457,943,0,1457,0,0,0,1882,1882,100.0,0,0.0,0,0.0,786,370,47.07379134860051,416,52.926208651399484,0,0.0,72,15,8,0,0,0,0,0,0,0,39.31836195508586,1514,1241,0.26420079260237783,0.19815059445178335,14.464993394980185,75.0,39.96036988110964,ModelParams,v3,1779217955.3114967,20.0,27.77777777777778,29.0,40.27777777777778,23.0,31.944444444444443,0.0,0.0,4.0,50.0,4.0,50.0,0.0,0.0,15.0,100.0,0.0,0.0
0,2017,973,2,0.20554984583761562,0.25477707006369427,2,2,100.0,0,0,23.638232271325794,76.3617677286742,0.0,0,0.0,1,1,0.0,0,50.0,1,0.0,0,50.0,1,1504,1472,968,0,1472,0,0,0,1893,1893,100.0,0,0.0,0,0.0,790,372,47.08860759493671,418,52.911392405063296,0,0.0,72,15,8,0,0,0,0,0,0,0,39.402925531914896,1504,1234,0.26595744680851063,0.19946808510638298,14.361702127659576,75.0,42.02127659574468,ModelParams,v3,1779217955.3114967,20.0,27.77777777777778,29.0,40.27777777777778,23.0,31.944444444444443,0.0,0.0,4.0,50.0,4.0,50.0,0.0,0.0,15.0,100.0,0.0,0.0
0,2018,970,2,0.2061855670103093,0.2554278416347382,2,2,100.0,0,0,24.536082474226802,75.4639175257732,0.0,0,0.0,1,1,0.0,0,50.0,1,0.0,0,50.0,1,1502,1490,988,0,1490,0,0,0,1908,1908,100.0,0,0.0,0,0.0,793,373,47.03656998738966,420,52.96343001261034,0,0.0,72,15,8,0,0,0,0,0,0,0,39.42809587217044,1502,1234,0.2663115845539281,0.2663115845539281,14.380825565912117,75.0,43.67509986684421,ModelParams,v3,1779217955.3114967,20.0,27.77777777777778,29.0,40.27777777777778,23.0,31.944444444444443,0.0,0.0,4.0,50.0,4.0,50.0,0.0,0.0,15.0,100.0,0.0,0.0
0,2019,972,3,0.30864197530864196,0.38022813688212925,3,3,100.0,0,0,24.794238683127574,75.20576131687243,0.0,0,0.0,2,1,0.0,0,33.33333333333333,1,0.0,0,66.66666666666666,2,1501,1510,1009,0,1510,0,0,0,1939,1939,100.0,0,0.0,0,0.0,802,376,46.88279301745636,426,53.11720698254364,0,0.0,73,15,9,0,0,0,0,0,0,0,39.45636242504997,1501,1232,0.2664890073284477,0.3331112591605596,14.457028647568288,125.0,45.103264490339775,ModelParams,v3,1779217955.3114967,21.0,28.767123287671232,29.0,39.726027397260275,23.0,31.506849315068493,0.0,0.0,4.0,44.44444444444444,5.0,55.55555555555556,0.0,0.0,15.0,100.0,0.0,0.0
0,2020,953,3,0.3147953830010493,0.38809831824062097,3,3,100.0,0,0,24.868835257082896,75.1311647429171,0.0,0,0.0,2,1,0.0,0,33.33333333333333,1,0.0,0,66.66666666666666,2,1484,1525,1041,0,1525,0,0,0,1951,1951,100.0,0,0.0,0,0.0,804,378,47.01492537313433,426,52.98507462686567,0,0.0,73,15,10,0,0,0,0,0,0,0,39.533018867924525,1484,1216,0.2695417789757413,0.3369272237196766,14.285714285714285,125.0,46.5633423180593,ModelParams,v3,1779217955.3114967,21.0,28.767123287671232,29.0,39.726027397260275,23.0,31.506849315068493,0.0,0.0,4.0,40.0,6.0,60.0,0.0,0.0,15.0,100.0,0.0,0.0
0,2021,949,3,0.31612223393045313,0.3901170351105332,3,3,100.0,0,0,25.922023182297156,74.07797681770283,0.0,0,0.0,2,1,0.0,0,33.33333333333333,1,0.0,0,66.66666666666666,2,1471,1541,1070,0,1541,0,0,0,1959,1959,100.0,0,0.0,0,0.0,812,383,47.16748768472907,429,52.83251231527094,0,0.0,73,15,10,0,0,0,0,0,0,0,39.594833446634944,1471,1204,0.27192386131883073,0.3399048266485384,14.41196464989803,125.0,48.06254248810333,ModelParams,v3,1779217955.3114967,21.0,28.767123287671232,29.0,39.726027397260275,23.0,31.506849315068493,0.0,0.0,4.0,40.0,6.0,60.0,0.0,0.0,15.0,100.0,0.0,0.0
0,2022,951,3,0.31545741324921134,0.3865979381443299,3,3,100.0,0,0,26.603575184016826,73.39642481598318,0.0,0,0.0,2,1,0.0,0,33.33333333333333,1,0.0,0,66.66666666666666,2,1466,1560,1094,0,1560,0,0,0,1974,1974,100.0,0,0.0,0,0.0,816,384,47.05882352941176,432,52.94117647058824,0,0.0,73,15,10,0,0,0,0,0,0,0,39.55184174624829,1466,1200,0.2728512960436562,0.34106412005457026,14.32469304229195,125.0,49.45429740791269,ModelParams,v3,1779217955.3114967,21.0,28.767123287671232,29.0,39.726027397260275,23.0,31.506849315068493,0.0,0.0,4.0,40.0,6.0,60.0,0.0,0.0,15.0,100.0,0.0,0.0
0,2023,945,3,0.31746031746031744,0.38860103626943004,3,3,100.0,0,0,27.089947089947092,72.91005291005291,0.0,0,0.0,2,1,0.0,0,33.33333333333333,1,0.0,0,66.66666666666666,2,1468,1578,1110,0,1578,0,0,0,1987,1987,100.0,0,0.0,0,0.0,821,385,46.89403166869671,436,53.10596833130329,0,0.0,73,15,10,0,0,0,0,0,0,0,39.79700272479564,1468,1201,0.2724795640326975,0.3405994550408719,14.441416893732969,125.0,50.20435967302453,ModelParams,v3,1779217955.3114967,21.0,28.767123287671232,29.0,39.726027397260275,23.0,31.506849315068493,0.0,0.0,4.0,40.0,6.0,60.0,0.0,0.0,15.0,100.0,0.0,0.0
0,2024,934,3,0.32119914346895073,0.39421813403416556,3,3,100.0,0,0,28.051391862955033,71.94860813704497,0.0,0,0.0,2,1,0.0,0,33.33333333333333,1,0.0,0,66.66666666666666,2,1472,1596,1124,0,1596,0,0,0,2032,2032,100.0,0,0.0,0,0.0,846,397,46.92671394799054,449,53.07328605200946,0,0.0,75,15,10,0,0,0,0,0,0,0,39.963315217391305,1472,1202,0.2717391304347826,0.33967391304347827,14.605978260869565,125.0,51.15489130434783,ModelParams,v3,1779217955.3114967,21.0,28.000000000000004,31.0,41.333333333333336,23.0,30.666666666666664,0.0,0.0,4.0,40.0,6.0,60.0,0.0,0.0,15.0,100.0,0.0,0.0
0,2025,936,3,0.3205128205128205,0.390625,3,3,100.0,0,0,27.24358974358974,72.75641025641025,0.0,0,0.0,2,1,0.0,0,33.33333333333333,1,0.0,0,66.66666666666666,2,1465,1610,1145,0,1610,0,0,0,2042,2042,100.0,0,0.0,0,0.0,849,397,46.76089517078916,452,53.23910482921084,0,0.0,75,15,11,0,0,0,0,0,0,0,40.12559726962457,1465,1202,0.3412969283276451,0.3412969283276451,14.607508532423207,100.0,52.01365187713311,ModelParams,v3,1779217955.3114967,21.0,28.000000000000004,31.0,41.333333333333336,23.0,30.666666666666664,0.0,0.0,4.0,36.36363636363637,7.0,63.63636363636363,0.0,0.0,15.0,100.0,0.0,0.0
0,2026,926,2,0.21598272138228944,0.2638522427440633,2,2,100.0,0,0,26.78185745140389,73.2181425485961,0.0,0,0.0,2,0,0.0,0,0.0,0,0.0,0,100.0,2,1457,1624,1167,0,1624,0,0,0,2051,2051,100.0,0,0.0,0,0.0,854,398,46.604215456674474,456,53.39578454332553,0,0.0,75,15,11,0,0,0,0,0,0,0,40.2477693891558,1457,1195,0.34317089910775567,0.34317089910775567,14.756348661633492,100.0,52.91695264241593,ModelParams,v3,1779217955.3114967,21.0,28.000000000000004,31.0,41.333333333333336,23.0,30.666666666666664,0.0,0.0,4.0,36.36363636363637,7.0,63.63636363636363,0.0,0.0,15.0,100.0,0.0,0.0
0,2027,919,2,0.2176278563656148,0.2663115845539281,2,2,100.0,0,0,26.768226332970617,73.23177366702937,0.0,0,0.0,2,0,0.0,0,0.0,0,0.0,0,100.0,2,1451,1640,1189,0,1640,0,0,0,2062,2062,100.0,0,0.0,0,0.0,859,400,46.56577415599534,459,53.43422584400466,0,0.0,75,15,11,0,0,0,0,0,0,0,40.44796691936595,1451,1188,0.34458993797381116,0.34458993797381116,14.610613370089592,100.0,53.54927636113026,ModelParams,v3,1779217955.3114967,21.0,28.000000000000004,31.0,41.333333333333336,23.0,30.666666666666664,0.0,0.0,4.0,36.36363636363637,7.0,63.63636363636363,0.0,0.0,15.0,100.0,0.0,0.0
0,2028,908,2,0.22026431718061676,0.2695417789757413,2,2,100.0,0,1,27.75330396475771,72.24669603524228,0.0,0,0.0,2,0,0.0,0,0.0,0,0.0,0,100.0,2,1450,1658,1208,1,1658,0,0,0,2077,2077,100.0,0,0.0,0,0.0,862,401,46.51972157772622,461,53.480278422273784,0,0.0,76,15,11,0,0,0,0,0,0,0,40.53103448275862,1450,1187,0.3448275862068966,0.3448275862068966,14.482758620689657,100.0,54.0,ModelParams,v3,1779217955.3114967,21.0,27.631578947368425,32.0,42.10526315789473,23.0,30.263157894736842,0.0,0.0,4.0,36.36363636363637,7.0,63.63636363636363,0.0,0.0,15.0,100.0,0.0,0.0
0,2029,898,2,0.22271714922048996,0.27210884353741494,2,2,100.0,0,1,27.616926503340757,72.38307349665925,0.0,0,0.0,2,0,0.0,0,0.0,0,0.0,0,100.0,2,1445,1673,1228,1,1673,0,0,0,2090,2090,100.0,0,0.0,0,0.0,871,404,46.38346727898966,467,53.61653272101034,0,0.0,76,15,11,0,0,0,0,0,0,0,40.77162629757785,1445,1183,0.34602076124567477,0.34602076124567477,14.394463667820071,100.0,54.94809688581314,ModelParams,v3,1779217955.3114967,21.0,27.631578947368425,32.0,42.10526315789473,23.0,30.263157894736842,0.0,0.0,4.0,36.36363636363637,7.0,63.63636363636363,0.0,0.0,15.0,100.0,0.0,0.0
0,2030,895,2,0.22346368715083798,0.2728512960436562,2,2,100.0,0,1,27.150837988826815,72.84916201117319,0.0,0,0.0,2,0,0.0,0,0.0,0,0.0,0,100.0,2,1430,1685,1255,1,1685,0,0,0,2101,2101,100.0,0,0.0,0,0.0,872,404,46.330275229357795,468,53.669724770642205,0,0.0,76,15,11,0,0,0,0,0,0,0,40.868531468531465,1430,1167,0.34965034965034963,0.34965034965034963,14.405594405594405,100.0,56.22377622377622,ModelParams,v3,1779217955.3114967,21.0,27.631578947368425,32.0,42.10526315789473,23.0,30.263157894736842,0.0,0.0,4.0,36.36363636363637,7.0,63.63636363636363,0.0,0.0,15.0,100.0,0.0,0.0
0,2031,893,2,0.22396416573348266,0.27359781121751026,2,2,100.0,0,1,27.547592385218366,72.45240761478163,0.0,0,0.0,2,0,0.0,0,0.0,0,0.0,0,100.0,2,1420,1705,1285,1,1705,0,0,0,2141,2141,100.0,0,0.0,0,0.0,888,413,46.50900900900901,475,53.490990990990994,0,0.0,77,15,11,0,0,0,0,0,0,0,40.59014084507042,1420,1157,0.35211267605633806,0.35211267605633806,14.15492957746479,100.0,57.53521126760563,ModelParams,v3,1779217955.3114967,21.0,27.27272727272727,32.0,41.55844155844156,24.0,31.16883116883117,0.0,0.0,4.0,36.36363636363637,7.0,63.63636363636363,0.0,0.0,15.0,100.0,0.0,0.0
0,2032,882,2,0.22675736961451248,0.2762430939226519,2,2,100.0,0,1,28.117913832199548,71.88208616780045,0.0,0,0.0,2,0,0.0,0,0.0,0,0.0,0,100.0,2,1409,1721,1312,1,1721,0,0,0,2150,2150,100.0,0,0.0,0,0.0,894,416,46.5324384787472,478,53.46756152125279,0,0.0,77,16,11,0,0,0,0,0,0,0,40.53442157558552,1409,1148,0.35486160397444994,0.35486160397444994,14.40738112136267,100.0,58.69410929737402,ModelParams,v3,1779217955.3114967,21.0,27.27272727272727,32.0,41.55844155844156,24.0,31.16883116883117,0.0,0.0,4.0,36.36363636363637,7.0,63.63636363636363,0.0,0.0,16.0,100.0,0.0,0.0
0,2033,870,2,0.22988505747126436,0.2801120448179272,2,2,100.0,0,1,27.47126436781609,72.52873563218391,0.0,0,0.0,2,0,0.0,0,0.0,0,0.0,0,100.0,2,1393,1731,1338,1,1731,0,0,0,2170,2170,100.0,0,0.0,0,0.0,898,418,46.5478841870824,480,53.4521158129176,0,0.0,78,16,11,0,0,0,0,0,0,0,40.71572146446518,1393,1135,0.4307250538406317,0.3589375448671931,14.644651830581479,83.33333333333334,59.94256999282125,ModelParams,v3,1779217955.3114967,21.0,26.923076923076923,33.0,42.30769230769231,24.0,30.76923076923077,0.0,0.0,4.0,36.36363636363637,7.0,63.63636363636363,0.0,0.0,16.0,100.0,0.0,0.0
0,2034,862,2,0.23201856148491878,0.28169014084507044,2,2,100.0,0,1,27.030162412993043,72.96983758700696,0.0,0,0.0,2,0,0.0,0,0.0,0,0.0,0,100.0,2,1379,1745,1366,1,1745,0,0,0,2196,2196,100.0,0,0.0,0,0.0,905,421,46.51933701657459,484,53.48066298342542,0,0.0,80,16,11,0,0,0,0,0,0,0,40.65482233502538,1379,1122,0.43509789702683105,0.36258158085569253,14.720812182741117,83.33333333333334,61.27628716461204,ModelParams,v3,1779217955.3114967,21.0,26.25,35.0,43.75,24.0,30.0,0.0,0.0,4.0,36.36363636363637,7.0,63.63636363636363,0.0,0.0,16.0,100.0,0.0,0.0
0,2035,859,2,0.23282887077997672,0.2824858757062147,2,2,100.0,0,1,26.77532013969732,73.22467986030267,0.0,0,0.0,2,0,0.0,0,0.0,0,0.0,0,100.0,2,1372,1757,1385,1,1757,0,0,0,2215,2215,100.0,0,0.0,0,0.0,916,426,46.50655021834061,490,53.493449781659386,0,0.0,80,16,11,0,0,0,0,0,0,0,40.80612244897959,1372,1116,0.43731778425655976,0.36443148688046645,14.504373177842567,83.33333333333334,62.390670553935855,ModelParams,v3,1779217955.3114967,21.0,26.25,35.0,43.75,24.0,30.0,0.0,0.0,4.0,36.36363636363637,7.0,63.63636363636363,0.0,0.0,16.0,100.0,0.0,0.0
0,2036,841,2,0.23781212841854932,0.28735632183908044,2,2,100.0,0,1,26.159334126040427,73.84066587395958,0.0,0,0.0,2,0,0.0,0,0.0,0,0.0,0,100.0,2,1355,1763,1408,1,1763,0,0,0,2221,2221,100.0,0,0.0,0,0.0,916,426,46.50655021834061,490,53.493449781659386,0,0.0,80,16,11,0,0,0,0,0,0,0,41.11660516605166,1355,1102,0.44280442804428044,0.36900369003690037,14.317343173431734,83.33333333333334,63.76383763837639,ModelParams,v3,1779217955.3114967,21.0,26.25,35.0,43.75,24.0,30.0,0.0,0.0,4.0,36.36363636363637,7.0,63.63636363636363,0.0,0.0,16.0,100.0,0.0,0.0
0,2037,829,2,0.24125452352231602,0.29069767441860467,2,2,100.0,0,1,25.5729794933655,74.4270205066345,0.0,0,0.0,2,0,0.0,0,0.0,0,0.0,0,100.0,2,1344,1774,1430,1,1774,0,0,0,2231,2231,100.0,0,0.0,0,0.0,917,426,46.455834242093786,491,53.544165757906214,0,0.0,80,16,11,0,0,0,0,0,0,0,41.398809523809526,1344,1092,0.4464285714285714,0.3720238095238095,14.285714285714285,83.33333333333334,64.65773809523809,ModelParams,v3,1779217955.3114967,21.0,26.25,35.0,43.75,24.0,30.0,0.0,0.0,4.0,36.36363636363637,7.0,63.63636363636363,0.0,0.0,16.0,100.0,0.0,0.0
0,2038,818,2,0.24449877750611246,0.2949852507374631,2,2,100.0,0,1,24.816625916870414,75.18337408312958,0.0,0,0.0,2,0,0.0,0,0.0,0,0.0,0,100.0,2,1332,1784,1452,1,1784,0,0,0,2237,2237,100.0,0,0.0,0,0.0,921,428,46.471226927252985,493,53.528773072747015,0,0.0,80,16,11,0,0,0,0,0,0,0,41.687687687687685,1332,1079,0.45045045045045046,0.37537537537537535,14.264264264264265,83.33333333333334,65.990990990991,ModelParams,v3,1779217955.3114967,21.0,26.25,35.0,43.75,24.0,30.0,0.0,0.0,4.0,36.36363636363637,7.0,63.63636363636363,0.0,0.0,16.0,100.0,0.0,0.0
0,2039,804,2,0.24875621890547264,0.2985074626865672,2,2,100.0,0,1,24.875621890547265,75.12437810945273,0.0,0,0.0,2,0,0.0,0,0.0,0,0.0,0,100.0,2,1325,1799,1474,1,1799,0,0,0,2250,2250,100.0,0,0.0,0,0.0,923,429,46.478873239436616,494,53.52112676056338,0,0.0,80,16,11,0,0,0,0,0,0,0,41.82188679245283,1325,1074,0.4528301886792453,0.37735849056603776,14.113207547169813,83.33333333333334,66.9433962264151,ModelParams,v3,1779217955.3114967,21.0,26.25,35.0,43.75,24.0,30.0,0.0,0.0,4.0,36.36363636363637,7.0,63.63636363636363,0.0,0.0,16.0,100.0,0.0,0.0
0,2040,796,2,0.25125628140703515,0.30303030303030304,2,2,100.0,0,1,24.748743718592962,75.25125628140702,0.0,0,0.0,2,0,0.0,0,0.0,0,0.0,0,100.0,2,1319,1810,1491,1,1810,0,0,0,2286,2286,100.0,0,0.0,0,0.0,940,436,46.38297872340426,504,53.61702127659574,0,0.0,80,16,11,0,0,0,0,0,0,0,42.08036391205459,1319,1066,0.37907505686125853,0.3032600454890068,14.101592115238818,80.0,67.85443517816528,ModelParams,v3,1779217955.3114967,21.0,26.25,35.0,43.75,24.0,30.0,0.0,0.0,4.0,36.36363636363637,7.0,63.63636363636363,0.0,0.0,16.0,100.0,0.0,0.0
0,2041,787,2,0.25412960609911056,0.3048780487804878,2,2,100.0,0,1,25.794155019059723,74.20584498094028,0.0,0,0.0,2,0,0.0,0,0.0,0,0.0,0,100.0,2,1319,1832,1513,1,1832,0,0,0,2318,2318,100.0,0,0.0,0,0.0,947,437,46.14572333685322,510,53.854276663146784,0,0.0,82,16,11,0,0,0,0,0,0,0,41.9598180439727,1319,1067,0.37907505686125853,0.22744503411675512,13.874147081122063,60.0,68.6125852918878,ModelParams,v3,1779217955.3114967,22.0,26.82926829268293,36.0,43.90243902439025,24.0,29.268292682926827,0.0,0.0,4.0,36.36363636363637,7.0,63.63636363636363,0.0,0.0,16.0,100.0,0.0,0.0
0,2042,767,2,0.2607561929595828,0.3125,2,2,100.0,0,1,25.554106910039113,74.44589308996089,0.0,0,0.0,2,0,0.0,0,0.0,0,0.0,0,100.0,2,1301,1841,1540,1,1841,0,0,0,2325,2325,100.0,0,0.0,0,0.0,949,437,46.048472075869334,512,53.95152792413066,0,0.0,82,16,11,0,0,0,0,0,0,0,41.966948501152956,1301,1053,0.3843197540353574,0.23059185242121444,13.758647194465794,60.0,70.02305918524212,ModelParams,v3,1779217955.3114967,22.0,26.82926829268293,36.0,43.90243902439025,24.0,29.268292682926827,0.0,0.0,4.0,36.36363636363637,7.0,63.63636363636363,0.0,0.0,16.0,100.0,0.0,0.0
0,2043,756,2,0.26455026455026454,0.3179650238473768,2,2,100.0,0,1,24.735449735449734,75.26455026455027,0.0,0,0.0,2,0,0.0,0,0.0,0,0.0,0,100.0,2,1287,1850,1563,1,1850,0,0,0,2361,2361,100.0,0,0.0,0,0.0,958,442,46.13778705636743,516,53.86221294363257,0,0.0,82,16,11,0,0,0,0,0,0,0,42.20979020979021,1287,1043,0.3885003885003885,0.2331002331002331,13.675213675213676,60.0,71.01787101787102,ModelParams,v3,1779217955.3114967,22.0,26.82926829268293,36.0,43.90243902439025,24.0,29.268292682926827,0.0,0.0,4.0,36.36363636363637,7.0,63.63636363636363,0.0,0.0,16.0,100.0,0.0,0.0
0,2044,744,2,0.2688172043010753,0.3241491085899514,2,2,100.0,0,1,24.865591397849464,75.13440860215054,0.0,0,0.0,2,0,0.0,0,0.0,0,0.0,0,100.0,2,1270,1862,1592,1,1862,0,0,0,2406,2406,100.0,0,0.0,0,0.0,974,450,46.201232032854215,524,53.798767967145785,0,0.0,84,17,11,0,0,0,0,0,0,0,42.00787401574803,1270,1028,0.39370078740157477,0.23622047244094488,13.700787401574804,60.0,72.44094488188976,ModelParams,v3,1779217955.3114967,22.0,26.190476190476193,37.0,44.047619047619044,25.0,29.761904761904763,0.0,0.0,4.0,36.36363636363637,7.0,63.63636363636363,0.0,0.0,17.0,100.0,0.0,0.0
0,2045,738,2,0.27100271002710025,0.3246753246753247,2,2,100.0,0,1,26.01626016260163,73.98373983739837,0.0,0,0.0,2,0,0.0,0,0.0,0,0.0,0,100.0,2,1264,1879,1615,1,1879,0,0,0,2416,2416,100.0,0,0.0,0,0.0,980,452,46.12244897959184,528,53.87755102040816,0,0.0,84,18,11,0,0,0,0,0,0,0,41.93908227848101,1264,1024,0.39556962025316456,0.23734177215189875,13.844936708860759,60.0,73.02215189873418,ModelParams,v3,1779217955.3114967,22.0,26.190476190476193,37.0,44.047619047619044,25.0,29.761904761904763,0.0,0.0,4.0,36.36363636363637,7.0,63.63636363636363,0.0,0.0,18.0,100.0,0.0,0.0
0,2046,721,2,0.27739251040221913,0.33112582781456956,2,2,100.0,0,1,25.104022191400833,74.89597780859917,0.0,0,0.0,2,0,0.0,0,0.0,0,0.0,0,100.0,2,1247,1888,1641,1,1888,0,0,0,2429,2429,100.0,0,0.0,0,0.0,991,457,46.115035317860745,534,53.884964682139255,0,0.0,85,18,11,0,0,0,0,0,0,0,42.01523656776263,1247,1011,0.40096230954290296,0.24057738572574178,13.873295910184444,60.0,74.33841218925421,ModelParams,v3,1779217955.3114967,22.0,25.882352941176475,38.0,44.70588235294118,25.0,29.411764705882355,0.0,0.0,4.0,36.36363636363637,7.0,63.63636363636363,0.0,0.0,18.0,100.0,0.0,0.0
0,2047,707,2,0.2828854314002829,0.33670033670033667,2,2,100.0,0,1,25.035360678925034,74.96463932107497,0.0,0,0.0,2,0,0.0,0,0.0,0,0.0,0,100.0,2,1234,1899,1665,1,1899,0,0,0,2463,2463,100.0,0,0.0,0,0.0,1004,462,46.015936254980076,542,53.98406374501992,0,0.0,88,19,11,0,0,0,0,0,0,0,42.05672609400324,1234,1002,0.4051863857374392,0.24311183144246357,13.776337115072934,60.0,75.2836304700162,ModelParams,v3,1779217955.3114967,23.0,26.136363636363637,40.0,45.45454545454545,25.0,28.40909090909091,0.0,0.0,4.0,36.36363636363637,7.0,63.63636363636363,0.0,0.0,19.0,100.0,0.0,0.0
0,2048,708,3,0.423728813559322,0.5067567567567568,2,2,66.66666666666666,1,1,25.847457627118644,74.15254237288136,0.0,0,0.0,2,1,0.0,0,33.33333333333333,1,0.0,0,66.66666666666666,2,1223,1916,1693,1,1916,0,0,0,2475,2475,100.0,0,0.0,0,0.0,1009,465,46.08523290386521,544,53.91476709613479,0,0.0,88,19,11,0,0,0,0,0,0,0,41.75143090760425,1223,991,0.4088307440719542,0.3270645952575634,13.900245298446443,60.0,75.8789860997547,ModelParams,v3,1779217955.3114967,23.0,26.136363636363637,40.0,45.45454545454545,25.0,28.40909090909091,0.0,0.0,4.0,36.36363636363637,7.0,63.63636363636363,0.0,0.0,19.0,100.0,0.0,0.0
0,2049,700,3,0.4285714285714286,0.5110732538330494,2,2,66.66666666666666,1,1,25.571428571428573,74.42857142857143,0.0,0,0.0,2,1,0.0,0,33.33333333333333,1,0.0,0,66.66666666666666,2,1208,1925,1717,1,1925,0,0,0,2482,2482,100.0,0,0.0,0,0.0,1011,465,45.99406528189911,546,54.00593471810089,0,0.0,88,19,11,0,0,0,0,0,0,0,41.84437086092715,1208,979,0.4139072847682119,0.33112582781456956,13.90728476821192,60.0,76.65562913907284,ModelParams,v3,1779217955.3114967,23.0,26.136363636363637,40.0,45.45454545454545,25.0,28.40909090909091,0.0,0.0,4.0,36.36363636363637,7.0,63.63636363636363,0.0,0.0,19.0,100.0,0.0,0.0
0,2050,691,3,0.43415340086830684,0.5154639175257731,3,3,100.0,0,1,25.904486251808972,74.09551374819102,0.0,0,0.0,2,1,0.0,0,33.33333333333333,1,0.0,0,66.66666666666666,2,1195,1936,1741,1,1936,0,0,0,2491,2491,100.0,0,0.0,0,0.0,1013,466,46.00197433366239,547,53.99802566633761,0,0.0,88,19,11,0,0,0,0,0,0,0,41.958995815899584,1195,969,0.41841004184100417,0.33472803347280333,14.058577405857742,80.0,77.23849372384937,ModelParams,v3,1779217955.3114967,23.0,26.136363636363637,40.0,45.45454545454545,25.0,28.40909090909091,0.0,0.0,4.0,36.36363636363637,7.0,63.63636363636363,0.0,0.0,19.0,100.0,0.0,0.0
0,2051,689,3,0.43541364296081275,0.5181347150259068,3,3,100.0,0,1,26.56023222060958,73.43976777939042,0.0,0,0.0,2,1,0.0,0,33.33333333333333,1,0.0,0,66.66666666666666,2,1187,1946,1759,1,1946,0,0,0,2511,2511,100.0,0,0.0,0,0.0,1020,469,45.98039215686274,551,54.01960784313725,0,0.0,89,19,11,0,0,0,0,0,0,0,42.25105307497894,1187,964,0.42122999157540014,0.33698399326032014,14.153327716933445,80.0,77.6748104465038,ModelParams,v3,1779217955.3114967,23.0,25.842696629213485,41.0,46.06741573033708,25.0,28.08988764044944,0.0,0.0,4.0,36.36363636363637,7.0,63.63636363636363,0.0,0.0,19.0,100.0,0.0,0.0
0,2052,679,3,0.4418262150220913,0.5226480836236934,3,3,100.0,0,2,27.540500736377027,72.45949926362297,0.0,0,0.0,2,1,0.0,0,33.33333333333333,1,0.0,0,66.66666666666666,2,1172,1961,1789,2,1961,0,0,0,2523,2523,100.0,0,0.0,0,0.0,1023,470,45.94330400782013,553,54.05669599217986,0,0.0,90,19,11,0,0,0,0,0,0,0,42.04863481228669,1172,956,0.42662116040955633,0.3412969283276451,14.334470989761092,80.0,77.55972696245735,ModelParams,v3,1779217955.3114967,24.0,26.666666666666668,41.0,45.55555555555556,25.0,27.77777777777778,0.0,0.0,4.0,36.36363636363637,7.0,63.63636363636363,0.0,0.0,19.0,100.0,0.0,0.0
0,2053,682,3,0.43988269794721413,0.5208333333333333,3,3,100.0,0,2,27.859237536656888,72.14076246334311,0.0,0,0.0,2,1,0.0,0,33.33333333333333,1,0.0,0,66.66666666666666,2,1166,1974,1808,2,1974,0,0,0,2531,2531,100.0,0,0.0,0,0.0,1026,471,45.90643274853801,555,54.09356725146199,0,0.0,92,19,11,0,0,0,0,0,0,0,42.102915951972555,1166,952,0.42881646655231564,0.34305317324185247,14.408233276157805,80.0,77.61578044596914,ModelParams,v3,1779217955.3114967,24.0,26.08695652173913,42.0,45.65217391304348,26.0,28.26086956521739,0.0,0.0,4.0,36.36363636363637,7.0,63.63636363636363,0.0,0.0,19.0,100.0,0.0,0.0
0,2054,676,3,0.4437869822485207,0.5263157894736842,3,3,100.0,0,2,27.662721893491128,72.33727810650888,0.0,0,0.0,2,1,0.0,0,33.33333333333333,1,0.0,0,66.66666666666666,2,1151,1986,1835,2,1986,0,0,0,2543,2543,100.0,0,0.0,0,0.0,1026,471,45.90643274853801,555,54.09356725146199,0,0.0,92,19,11,0,0,0,0,0,0,0,41.910512597741096,1151,940,0.4344048653344918,0.3475238922675934,14.422241529105126,80.0,77.58470894874023,ModelParams,v3,1779217955.3114967,24.0,26.08695652173913,42.0,45.65217391304348,26.0,28.26086956521739,0.0,0.0,4.0,36.36363636363637,7.0,63.63636363636363,0.0,0.0,19.0,100.0,0.0,0.0
0,2055,663,3,0.4524886877828055,0.5338078291814947,3,3,100.0,0,2,27.601809954751133,72.39819004524887,0.0,0,0.0,2,1,0.0,0,33.33333333333333,1,0.0,0,66.66666666666666,2,1133,1994,1861,2,1994,0,0,0,2547,2547,100.0,0,0.0,0,0.0,1028,473,46.01167315175097,555,53.988326848249024,0,0.0,92,21,11,0,0,0,0,0,0,0,42.01588702559577,1133,923,0.44130626654898497,0.353045013239188,14.563106796116504,80.0,77.66990291262135,ModelParams,v3,1779217955.3114967,24.0,26.08695652173913,42.0,45.65217391304348,26.0,28.26086956521739,0.0,0.0,4.0,36.36363636363637,7.0,63.63636363636363,0.0,0.0,21.0,100.0,0.0,0.0
0,2056,669,3,0.4484304932735426,0.5291005291005291,3,3,100.0,0,2,26.45739910313901,73.54260089686099,0.0,0,0.0,2,1,0.0,0,33.33333333333333,1,0.0,0,66.66666666666666,2,1123,2010,1887,2,2010,0,0,0,2602,2602,100.0,0,0.0,0,0.0,1041,482,46.30163304514889,559,53.69836695485111,0,0.0,94,23,11,0,0,0,0,0,0,0,41.71504897595726,1123,917,0.44523597506678536,0.3561887800534283,14.692787177203916,80.0,77.29296527159394,ModelParams,v3,1779217955.3114967,25.0,26.595744680851062,42.0,44.680851063829785,27.0,28.723404255319153,0.0,0.0,4.0,36.36363636363637,7.0,63.63636363636363,0.0,0.0,23.0,100.0,0.0,0.0
0,2057,663,3,0.4524886877828055,0.53475935828877,3,3,100.0,0,2,26.546003016591253,73.45399698340876,0.0,0,0.0,2,1,0.0,0,33.33333333333333,1,0.0,0,66.66666666666666,2,1115,2018,1903,2,2018,0,0,0,2609,2609,100.0,0,0.0,0,0.0,1042,483,46.3531669865643,559,53.6468330134357,0,0.0,94,23,11,0,0,0,0,0,0,0,42.03677130044843,1115,910,0.4484304932735426,0.35874439461883406,14.618834080717487,80.0,77.21973094170403,ModelParams,v3,1779217955.3114967,25.0,26.595744680851062,42.0,44.680851063829785,27.0,28.723404255319153,0.0,0.0,4.0,36.36363636363637,7.0,63.63636363636363,0.0,0.0,23.0,100.0,0.0,0.0
0,2058,655,3,0.45801526717557256,0.5424954792043399,3,3,100.0,0,2,26.717557251908396,73.2824427480916,0.0,0,0.0,2,1,0.0,0,33.33333333333333,1,0.0,0,66.66666666666666,2,1104,2026,1922,2,2026,0,0,0,2636,2636,100.0,0,0.0,0,0.0,1050,486,46.285714285714285,564,53.714285714285715,0,0.0,95,25,11,0,0,0,0,0,0,0,42.24094202898551,1104,905,0.4528985507246377,0.36231884057971014,14.673913043478262,80.0,77.26449275362319,ModelParams,v3,1779217955.3114967,25.0,26.31578947368421,43.0,45.26315789473684,27.0,28.421052631578945,0.0,0.0,4.0,36.36363636363637,7.0,63.63636363636363,0.0,0.0,25.0,100.0,0.0,0.0
0,2059,655,3,0.45801526717557256,0.5454545454545455,3,3,100.0,0,2,26.564885496183205,73.43511450381679,0.0,0,0.0,2,1,0.0,0,33.33333333333333,1,0.0,0,66.66666666666666,2,1099,2038,1939,2,2038,0,0,0,2653,2653,100.0,0,0.0,0,0.0,1056,488,46.21212121212121,568,53.78787878787878,0,0.0,96,25,11,0,0,0,0,0,0,0,42.35395814376706,1099,899,0.4549590536851683,0.3639672429481347,14.558689717925386,80.0,77.16105550500455,ModelParams,v3,1779217955.3114967,26.0,27.083333333333332,43.0,44.79166666666667,27.0,28.125,0.0,0.0,4.0,36.36363636363637,7.0,63.63636363636363,0.0,0.0,25.0,100.0,0.0,0.0
0,2060,648,3,0.4629629629629629,0.5524861878453038,3,3,100.0,0,2,26.38888888888889,73.61111111111111,0.0,0,0.0,2,1,0.0,0,33.33333333333333,1,0.0,0,66.66666666666666,2,1086,2052,1966,2,2052,0,0,0,2705,2705,100.0,0,0.0,0,0.0,1071,497,46.40522875816993,574,53.59477124183007,0,0.0,98,29,11,0,0,0,0,0,0,0,42.07366482504604,1086,886,0.46040515653775327,0.3683241252302026,14.825046040515655,80.0,76.97974217311234,ModelParams,v3,1779217955.3114967,26.0,26.53061224489796,44.0,44.89795918367347,28.0,28.57142857142857,0.0,0.0,4.0,36.36363636363637,7.0,63.63636363636363,0.0,0.0,29.0,100.0,0.0,0.0
0,2061,639,3,0.4694835680751174,0.5607476635514018,3,3,100.0,0,2,27.073552425665103,72.9264475743349,0.0,0,0.0,2,1,0.0,0,33.33333333333333,1,0.0,0,66.66666666666666,2,1083,2062,1979,2,2062,0,0,0,2744,2744,100.0,0,0.0,0,0.0,1085,506,46.63594470046083,579,53.36405529953917,0,0.0,100,30,11,0,0,0,0,0,0,0,42.29362880886426,1083,886,0.3693444136657433,0.2770083102493075,14.866112650046167,75.0,77.10064635272391,ModelParams,v3,1779217955.3114967,26.0,26.0,46.0,46.0,28.0,28.000000000000004,0.0,0.0,4.0,36.36363636363637,7.0,63.63636363636363,0.0,0.0,30.0,100.0,0.0,0.0
0,2062,625,1,0.16,0.19230769230769232,1,1,100.0,0,2,27.04,72.96000000000001,0.0,0,0.0,0,1,0.0,0,100.0,1,0.0,0,0.0,0,1067,2068,2001,2,2068,0,0,0,2749,2749,100.0,0,0.0,0,0.0,1086,507,46.68508287292818,579,53.31491712707182,0,0.0,100,30,11,0,0,0,0,0,0,0,42.549203373945645,1067,870,0.37488284910965325,0.28116213683223995,14.995313964386128,75.0,77.22586691658857,ModelParams,v3,1779217955.3114967,26.0,26.0,46.0,46.0,28.0,28.000000000000004,0.0,0.0,4.0,36.36363636363637,7.0,63.63636363636363,0.0,0.0,30.0,100.0,0.0,0.0
0,2063,620,1,0.16129032258064516,0.19342359767891684,1,1,100.0,0,2,25.483870967741932,74.51612903225806,0.0,0,0.0,0,1,0.0,0,100.0,1,0.0,0,0.0,0,1053,2075,2022,2,2075,0,0,0,2766,2766,100.0,0,0.0,0,0.0,1096,510,46.53284671532847,586,53.46715328467153,0,0.0,101,31,11,0,0,0,0,0,0,0,42.75878442545109,1053,859,0.3798670465337132,0.2849002849002849,15.004748338081672,75.0,77.39791073124407,ModelParams,v3,1779217955.3114967,26.0,25.742574257425744,47.0,46.53465346534654,28.0,27.722772277227726,0.0,0.0,4.0,36.36363636363637,7.0,63.63636363636363,0.0,0.0,31.0,100.0,0.0,0.0
0,2064,611,1,0.16366612111292964,0.19723865877712032,1,1,100.0,0,2,25.695581014729953,74.30441898527005,0.0,0,0.0,0,1,0.0,0,100.0,1,0.0,0,0.0,0,1030,2083,2053,2,2083,0,0,0,2772,2772,100.0,0,0.0,0,0.0,1098,512,46.63023679417122,586,53.36976320582878,0,0.0,101,31,11,0,0,0,0,0,0,0,42.49514563106796,1030,839,0.2912621359223301,0.2912621359223301,14.951456310679612,100.0,77.37864077669903,ModelParams,v3,1779217955.3114967,26.0,25.742574257425744,47.0,46.53465346534654,28.0,27.722772277227726,0.0,0.0,4.0,36.36363636363637,7.0,63.63636363636363,0.0,0.0,31.0,100.0,0.0,0.0
0,2065,607,1,0.16474464579901155,0.2004008016032064,1,1,100.0,0,2,26.02965403624382,73.97034596375617,0.0,0,0.0,0,1,0.0,0,100.0,1,0.0,0,0.0,0,1017,2096,2079,2,2096,0,0,0,2795,2795,100.0,0,0.0,0,0.0,1104,515,46.64855072463768,589,53.35144927536232,0,0.0,101,32,11,0,0,0,0,0,0,0,42.186823992133725,1017,830,0.2949852507374631,0.2949852507374631,14.749262536873156,100.0,77.38446411012782,ModelParams,v3,1779217955.3114967,26.0,25.742574257425744,47.0,46.53465346534654,28.0,27.722772277227726,0.0,0.0,4.0,36.36363636363637,7.0,63.63636363636363,0.0,0.0,32.0,100.0,0.0,0.0
0,2066,600,1,0.16666666666666669,0.2028397565922921,1,1,100.0,0,2,25.666666666666664,74.33333333333333,0.0,0,0.0,0,1,0.0,0,100.0,1,0.0,0,0.0,0,1002,2102,2100,2,2102,0,0,0,2814,2814,100.0,0,0.0,0,0.0,1112,519,46.672661870503596,593,53.327338129496404,0,0.0,101,32,11,0,0,0,0,0,0,0,42.253493013972054,1002,820,0.19960079840319359,0.29940119760479045,14.870259481037923,150.0,77.54491017964071,ModelParams,v3,1779217955.3114967,26.0,25.742574257425744,47.0,46.53465346534654,28.0,27.722772277227726,0.0,0.0,4.0,36.36363636363637,7.0,63.63636363636363,0.0,0.0,32.0,100.0,0.0,0.0
0,2067,594,1,0.16835016835016833,0.20533880903490762,1,1,100.0,0,2,24.410774410774412,75.58922558922558,0.0,0,0.0,0,1,0.0,0,100.0,1,0.0,0,0.0,0,992,2108,2116,2,2108,0,0,0,2827,2827,100.0,0,0.0,0,0.0,1114,520,46.678635547576306,594,53.3213644524237,0,0.0,101,32,11,0,0,0,0,0,0,0,42.47782258064516,992,816,0.20161290322580644,0.3024193548387097,15.020161290322582,150.0,77.92338709677419,ModelParams,v3,1779217955.3114967,26.0,25.742574257425744,47.0,46.53465346534654,28.0,27.722772277227726,0.0,0.0,4.0,36.36363636363637,7.0,63.63636363636363,0.0,0.0,32.0,100.0,0.0,0.0
0,2068,591,1,0.1692047377326565,0.2079002079002079,1,1,100.0,0,2,24.534686971235196,75.4653130287648,0.0,0,0.0,0,1,0.0,0,100.0,1,0.0,0,0.0,0,984,2121,2137,2,2121,0,0,0,2837,2837,100.0,0,0.0,0,0.0,1117,520,46.55326768128917,597,53.44673231871083,0,0.0,101,32,11,0,0,0,0,0,0,0,42.24593495934959,984,809,0.20325203252032523,0.3048780487804878,15.142276422764228,150.0,77.64227642276423,ModelParams,v3,1779217955.3114967,26.0,25.742574257425744,47.0,46.53465346534654,28.0,27.722772277227726,0.0,0.0,4.0,36.36363636363637,7.0,63.63636363636363,0.0,0.0,32.0,100.0,0.0,0.0
0,2069,576,1,0.1736111111111111,0.21321961620469082,1,1,100.0,0,2,23.78472222222222,76.21527777777779,0.0,0,0.0,0,1,0.0,0,100.0,1,0.0,0,0.0,0,968,2126,2158,2,2126,0,0,0,2839,2839,100.0,0,0.0,0,0.0,1120,521,46.517857142857146,599,53.482142857142854,0,0.0,101,32,11,0,0,0,0,0,0,0,42.40909090909091,968,796,0.2066115702479339,0.30991735537190085,15.18595041322314,150.0,77.99586776859503,ModelParams,v3,1779217955.3114967,26.0,25.742574257425744,47.0,46.53465346534654,28.0,27.722772277227726,0.0,0.0,4.0,36.36363636363637,7.0,63.63636363636363,0.0,0.0,32.0,100.0,0.0,0.0
0,2070,563,1,0.17761989342806395,0.21834061135371177,1,1,100.0,0,2,24.156305506216697,75.8436944937833,0.0,0,0.0,0,1,0.0,0,100.0,1,0.0,0,0.0,0,955,2132,2177,2,2132,0,0,0,2873,2873,100.0,0,0.0,0,0.0,1133,530,46.77846425419241,603,53.22153574580759,0,0.0,101,32,11,0,0,0,0,0,0,0,42.65759162303665,955,784,0.20942408376963353,0.31413612565445026,14.973821989528796,150.0,78.1151832460733,ModelParams,v3,1779217955.3114967,26.0,25.742574257425744,47.0,46.53465346534654,28.0,27.722772277227726,0.0,0.0,4.0,36.36363636363637,7.0,63.63636363636363,0.0,0.0,32.0,100.0,0.0,0.0
0,2071,558,1,0.17921146953405018,0.22123893805309736,1,1,100.0,0,3,23.476702508960575,76.52329749103941,0.0,0,0.0,0,1,0.0,0,100.0,1,0.0,0,0.0,0,950,2143,2193,3,2143,0,0,0,2882,2882,100.0,0,0.0,0,0.0,1135,531,46.784140969163,604,53.21585903083701,0,0.0,102,32,11,0,0,0,0,0,0,0,42.73368421052631,950,779,0.21052631578947367,0.3157894736842105,14.842105263157896,150.0,78.10526315789474,ModelParams,v3,1779217955.3114967,26.0,25.49019607843137,48.0,47.05882352941176,28.0,27.450980392156865,0.0,0.0,4.0,36.36363636363637,7.0,63.63636363636363,0.0,0.0,32.0,100.0,0.0,0.0
0,2072,545,1,0.1834862385321101,0.2288329519450801,1,1,100.0,0,3,23.486238532110093,76.5137614678899,0.0,0,0.0,0,1,0.0,0,100.0,1,0.0,0,0.0,0,932,2148,2216,3,2148,0,0,0,2887,2887,100.0,0,0.0,0,0.0,1135,531,46.784140969163,604,53.21585903083701,0,0.0,102,32,11,0,0,0,0,0,0,0,42.687768240343345,932,765,0.2145922746781116,0.3218884120171674,14.806866952789699,150.0,78.43347639484979,ModelParams,v3,1779217955.3114967,26.0,25.49019607843137,48.0,47.05882352941176,28.0,27.450980392156865,0.0,0.0,4.0,36.36363636363637,7.0,63.63636363636363,0.0,0.0,32.0,100.0,0.0,0.0
0,2073,534,1,0.18726591760299627,0.2347417840375587,1,1,100.0,0,3,23.782771535580522,76.21722846441948,0.0,0,0.0,0,1,0.0,0,100.0,1,0.0,0,0.0,0,920,2155,2235,3,2155,0,0,0,2893,2893,100.0,0,0.0,0,0.0,1136,531,46.74295774647887,605,53.25704225352113,0,0.0,102,32,11,0,0,0,0,0,0,0,42.67391304347826,920,756,0.21739130434782608,0.32608695652173914,14.565217391304348,150.0,78.80434782608695,ModelParams,v3,1779217955.3114967,26.0,25.49019607843137,48.0,47.05882352941176,28.0,27.450980392156865,0.0,0.0,4.0,36.36363636363637,7.0,63.63636363636363,0.0,0.0,32.0,100.0,0.0,0.0
0,2074,526,1,0.19011406844106463,0.23752969121140144,1,1,100.0,0,3,23.193916349809886,76.80608365019012,0.0,0,0.0,0,1,0.0,0,100.0,1,0.0,0,0.0,0,912,2161,2249,3,2161,0,0,0,2916,2916,100.0,0,0.0,0,0.0,1148,533,46.42857142857143,615,53.57142857142857,0,0.0,103,32,11,0,0,0,0,0,0,0,42.87609649122807,912,749,0.21929824561403508,0.3289473684210526,14.583333333333334,150.0,79.05701754385966,ModelParams,v3,1779217955.3114967,27.0,26.21359223300971,48.0,46.601941747572816,28.0,27.184466019417474,0.0,0.0,4.0,36.36363636363637,7.0,63.63636363636363,0.0,0.0,32.0,100.0,0.0,0.0
0,2075,520,0,0.0,0.0,0,0,0.0,0,3,22.115384615384613,77.88461538461539,0.0,0,0.0,0,0,0.0,0,0.0,0,0.0,0,0.0,0,901,2168,2267,3,2168,0,0,0,2921,2921,100.0,0,0.0,0,0.0,1150,534,46.43478260869565,616,53.565217391304344,0,0.0,103,32,11,0,0,0,0,0,0,0,43.04328523862375,901,736,0.22197558268590456,0.3329633740288568,14.317425083240842,150.0,79.35627081021087,ModelParams,v3,1779217955.3114967,27.0,26.21359223300971,48.0,46.601941747572816,28.0,27.184466019417474,0.0,0.0,4.0,36.36363636363637,7.0,63.63636363636363,0.0,0.0,32.0,100.0,0.0,0.0
0,2076,514,0,0.0,0.0,0,0,0.0,0,3,21.595330739299612,78.40466926070039,0.0,0,0.0,0,0,0.0,0,0.0,0,0.0,0,0.0,0,895,2174,2279,3,2174,0,0,0,2923,2923,100.0,0,0.0,0,0.0,1154,536,46.447140381282495,618,53.552859618717505,0,0.0,103,32,11,0,0,0,0,0,0,0,43.3195530726257,895,729,0.22346368715083798,0.33519553072625696,14.413407821229049,150.0,79.77653631284916,ModelParams,v3,1779217955.3114967,27.0,26.21359223300971,48.0,46.601941747572816,28.0,27.184466019417474,0.0,0.0,4.0,36.36363636363637,7.0,63.63636363636363,0.0,0.0,32.0,100.0,0.0,0.0
0,2077,507,0,0.0,0.0,0,0,0.0,0,3,22.485207100591715,77.51479289940828,0.0,0,0.0,0,0,0.0,0,0.0,0,0.0,0,0.0,0,885,2184,2299,3,2184,0,0,0,2928,2928,100.0,0,0.0,0,0.0,1159,538,46.41932700603969,621,53.58067299396031,0,0.0,103,32,11,0,0,0,0,0,0,0,43.20677966101695,885,724,0.22598870056497175,0.3389830508474576,14.915254237288137,150.0,79.66101694915254,ModelParams,v3,1779217955.3114967,27.0,26.21359223300971,48.0,46.601941747572816,28.0,27.184466019417474,0.0,0.0,4.0,36.36363636363637,7.0,63.63636363636363,0.0,0.0,32.0,100.0,0.0,0.0
0,2078,502,0,0.0,0.0,0,0,0.0,0,3,23.107569721115535,76.89243027888446,0.0,0,0.0,0,0,0.0,0,0.0,0,0.0,0,0.0,0,877,2193,2316,3,2193,0,0,0,2944,2944,100.0,0,0.0,0,0.0,1163,540,46.431642304385214,623,53.568357695614786,0,0.0,103,32,11,0,0,0,0,0,0,0,43.07297605473204,877,718,0.22805017103762829,0.34207525655644244,14.59521094640821,150.0,79.58950969213227,ModelParams,v3,1779217955.3114967,27.0,26.21359223300971,48.0,46.601941747572816,28.0,27.184466019417474,0.0,0.0,4.0,36.36363636363637,7.0,63.63636363636363,0.0,0.0,32.0,100.0,0.0,0.0
0,2079,498,0,0.0,0.0,0,0,0.0,0,3,23.694779116465863,76.30522088353415,0.0,0,0.0,0,0,0.0,0,0.0,0,0.0,0,0.0,0,871,2202,2331,3,2202,0,0,0,2948,2948,100.0,0,0.0,0,0.0,1168,542,46.4041095890411,626,53.5958904109589,0,0.0,103,32,11,0,0,0,0,0,0,0,43.12514351320321,871,710,0.2296211251435132,0.3444316877152698,14.695752009184845,150.0,79.9081515499426,ModelParams,v3,1779217955.3114967,27.0,26.21359223300971,48.0,46.601941747572816,28.0,27.184466019417474,0.0,0.0,4.0,36.36363636363637,7.0,63.63636363636363,0.0,0.0,32.0,100.0,0.0,0.0
0,2080,490,0,0.0,0.0,0,0,0.0,0,3,22.040816326530614,77.9591836734694,0.0,0,0.0,0,0,0.0,0,0.0,0,0.0,0,0.0,0,855,2206,2351,3,2206,0,0,0,2952,2952,100.0,0,0.0,0,0.0,1168,542,46.4041095890411,626,53.5958904109589,0,0.0,103,32,11,0,0,0,0,0,0,0,43.37777777777778,855,693,0.23391812865497078,0.3508771929824561,14.736842105263156,150.0,80.46783625730994,ModelParams,v3,1779217955.3114967,27.0,26.21359223300971,48.0,46.601941747572816,28.0,27.184466019417474,0.0,0.0,4.0,36.36363636363637,7.0,63.63636363636363,0.0,0.0,32.0,100.0,0.0,0.0
0,2081,479,0,0.0,0.0,0,0,0.0,0,3,23.382045929018787,76.61795407098121,0.0,0,0.0,0,0,0.0,0,0.0,0,0.0,0,0.0,0,849,2216,2367,3,2216,0,0,0,2960,2960,100.0,0,0.0,0,0.0,1170,543,46.41025641025641,627,53.58974358974359,0,0.0,103,32,11,0,0,0,0,0,0,0,43.2979976442874,849,691,0.23557126030624262,0.35335689045936397,14.487632508833922,150.0,80.21201413427562,ModelParams,v3,1779217955.3114967,27.0,26.21359223300971,48.0,46.601941747572816,28.0,27.184466019417474,0.0,0.0,4.0,36.36363636363637,7.0,63.63636363636363,0.0,0.0,32.0,100.0,0.0,0.0
0,2082,478,1,0.20920502092050208,0.0,1,1,100.0,0,3,24.89539748953975,75.10460251046025,0.0,1,0.20920502092050208,0,0,100.0,1,0.0,0,0.0,0,0.0,0,841,2229,2388,3,2229,0,0,0,2970,2970,100.0,0,0.0,0,0.0,1172,544,46.41638225255973,628,53.58361774744027,0,0.0,104,32,11,0,0,0,0,0,0,0,42.863258026159336,841,687,0.23781212841854932,0.47562425683709864,14.387633769322235,200.0,79.54815695600476,ModelParams,v3,1779217955.3114967,28.0,26.923076923076923,48.0,46.15384615384615,28.0,26.923076923076923,0.0,0.0,4.0,36.36363636363637,7.0,63.63636363636363,0.0,0.0,32.0,100.0,0.0,0.0
0,2083,477,0,0.0,0.0,0,0,0.0,0,3,23.68972746331237,76.31027253668763,0.0,0,0.0,0,0,0.0,0,0.0,0,0.0,0,0.0,0,834,2236,2402,3,2236,0,0,0,2985,2985,100.0,0,0.0,0,0.0,1173,544,46.3768115942029,629,53.62318840579711,0,0.0,104,32,11,0,0,0,0,0,0,0,43.00359712230216,834,683,0.2398081534772182,0.4796163069544364,14.508393285371701,200.0,79.61630695443645,ModelParams,v3,1779217955.3114967,28.0,26.923076923076923,48.0,46.15384615384615,28.0,26.923076923076923,0.0,0.0,4.0,36.36363636363637,7.0,63.63636363636363,0.0,0.0,32.0,100.0,0.0,0.0
0,2084,472,0,0.0,0.0,0,0,0.0,0,3,23.940677966101696,76.0593220338983,0.0,0,0.0,0,0,0.0,0,0.0,0,0.0,0,0.0,0,826,2241,2415,3,2241,0,0,0,2990,2990,100.0,0,0.0,0,0.0,1173,544,46.3768115942029,629,53.62318840579711,0,0.0,104,32,11,0,0,0,0,0,0,0,43.17917675544794,826,673,0.24213075060532688,0.48426150121065376,14.40677966101695,200.0,80.02421307506053,ModelParams,v3,1779217955.3114967,28.0,26.923076923076923,48.0,46.15384615384615,28.0,26.923076923076923,0.0,0.0,4.0,36.36363636363637,7.0,63.63636363636363,0.0,0.0,32.0,100.0,0.0,0.0
0,2085,472,0,0.0,0.0,0,0,0.0,0,3,25.0,75.0,0.0,0,0.0,0,0,0.0,0,0.0,0,0.0,0,0.0,0,821,2252,2431,3,2252,0,0,0,2997,2997,100.0,0,0.0,0,0.0,1177,546,46.38912489379779,631,53.61087510620221,0,0.0,104,32,11,0,0,0,0,0,0,0,43.00487210718636,821,667,0.24360535931790497,0.48721071863580995,14.372716199756393,200.0,79.53714981729598,ModelParams,v3,1779217955.3114967,28.0,26.923076923076923,48.0,46.15384615384615,28.0,26.923076923076923,0.0,0.0,4.0,36.36363636363637,7.0,63.63636363636363,0.0,0.0,32.0,100.0,0.0,0.0
0,2086,469,0,0.0,0.0,0,0,0.0,0,3,23.454157782515992,76.54584221748401,0.0,0,0.0,0,0,0.0,0,0.0,0,0.0,0,0.0,0,806,2255,2449,3,2255,0,0,0,3000,3000,100.0,0,0.0,0,0.0,1177,546,46.38912489379779,631,53.61087510620221,0,0.0,104,32,11,0,0,0,0,0,0,0,43.212158808933005,806,658,0.24813895781637718,0.49627791563275436,14.1439205955335,200.0,79.90074441687345,ModelParams,v3,1779217955.3114967,28.0,26.923076923076923,48.0,46.15384615384615,28.0,26.923076923076923,0.0,0.0,4.0,36.36363636363637,7.0,63.63636363636363,0.0,0.0,32.0,100.0,0.0,0.0
0,2087,468,0,0.0,0.0,0,0,0.0,0,3,25.0,75.0,0.0,0,0.0,0,0,0.0,0,0.0,0,0.0,0,0.0,0,804,2266,2462,3,2266,0,0,0,3008,3008,100.0,0,0.0,0,0.0,1180,547,46.355932203389834,633,53.64406779661017,0,0.0,104,32,11,0,0,0,0,0,0,0,43.18283582089552,804,652,0.24875621890547264,0.4975124378109453,14.303482587064675,200.0,79.8507462686567,ModelParams,v3,1779217955.3114967,28.0,26.923076923076923,48.0,46.15384615384615,28.0,26.923076923076923,0.0,0.0,4.0,36.36363636363637,7.0,63.63636363636363,0.0,0.0,32.0,100.0,0.0,0.0
0,2088,465,0,0.0,0.0,0,0,0.0,0,3,25.161290322580644,74.83870967741936,0.0,0,0.0,0,0,0.0,0,0.0,0,0.0,0,0.0,0,793,2272,2479,3,2272,0,0,0,3021,3021,100.0,0,0.0,0,0.0,1189,551,46.34146341463415,638,53.65853658536586,0,0.0,105,32,11,0,0,0,0,0,0,0,43.23203026481715,793,643,0.25220680958385877,0.5044136191677175,14.37578814627995,200.0,79.69735182849938,ModelParams,v3,1779217955.3114967,28.0,26.666666666666668,48.0,45.714285714285715,29.0,27.61904761904762,0.0,0.0,4.0,36.36363636363637,7.0,63.63636363636363,0.0,0.0,32.0,100.0,0.0,0.0
0,2089,460,0,0.0,0.0,0,0,0.0,0,3,26.304347826086953,73.69565217391305,0.0,0,0.0,0,0,0.0,0,0.0,0,0.0,0,0.0,0,788,2283,2495,3,2283,0,0,0,3029,3029,100.0,0,0.0,0,0.0,1192,553,46.39261744966443,639,53.60738255033557,0,0.0,105,32,11,0,0,0,0,0,0,0,43.23096446700507,788,637,0.25380710659898476,0.5076142131979695,14.340101522842641,200.0,79.06091370558376,ModelParams,v3,1779217955.3114967,28.0,26.666666666666668,48.0,45.714285714285715,29.0,27.61904761904762,0.0,0.0,4.0,36.36363636363637,7.0,63.63636363636363,0.0,0.0,32.0,100.0,0.0,0.0
0,2090,456,0,0.0,0.0,0,0,0.0,0,3,26.31578947368421,73.68421052631578,0.0,0,0.0,0,0,0.0,0,0.0,0,0.0,0,0.0,0,780,2289,2509,3,2289,0,0,0,3034,3034,100.0,0,0.0,0,0.0,1193,554,46.43755238893546,639,53.56244761106454,0,0.0,105,32,11,0,0,0,0,0,0,0,43.28076923076923,780,629,0.2564102564102564,0.5128205128205128,14.358974358974358,200.0,79.1025641025641,ModelParams,v3,1779217955.3114967,28.0,26.666666666666668,48.0,45.714285714285715,29.0,27.61904761904762,0.0,0.0,4.0,36.36363636363637,7.0,63.63636363636363,0.0,0.0,32.0,100.0,0.0,0.0
0,2091,442,0,0.0,0.0,0,0,0.0,0,3,27.37556561085973,72.62443438914026,0.0,0,0.0,0,0,0.0,0,0.0,0,0.0,0,0.0,0,767,2296,2529,3,2296,0,0,0,3051,3051,100.0,0,0.0,0,0.0,1200,557,46.416666666666664,643,53.583333333333336,0,0.0,106,32,11,0,0,0,0,0,0,0,43.002607561929594,767,617,0.2607561929595828,0.3911342894393742,13.95045632333768,150.0,78.748370273794,ModelParams,v3,1779217955.3114967,28.0,26.41509433962264,49.0,46.22641509433962,29.0,27.358490566037734,0.0,0.0,4.0,36.36363636363637,7.0,63.63636363636363,0.0,0.0,32.0,100.0,0.0,0.0
0,2092,434,0,0.0,0.0,0,0,0.0,0,3,26.497695852534562,73.50230414746544,0.0,0,0.0,0,0,0.0,0,0.0,0,0.0,0,0.0,0,758,2300,2542,3,2300,0,0,0,3055,3055,100.0,0,0.0,0,0.0,1200,557,46.416666666666664,643,53.583333333333336,0,0.0,106,32,11,0,0,0,0,0,0,0,43.5131926121372,758,611,0.2638522427440633,0.395778364116095,13.720316622691293,150.0,79.02374670184696,ModelParams,v3,1779217955.3114967,28.0,26.41509433962264,49.0,46.22641509433962,29.0,27.358490566037734,0.0,0.0,4.0,36.36363636363637,7.0,63.63636363636363,0.0,0.0,32.0,100.0,0.0,0.0
0,2093,433,0,0.0,0.0,0,0,0.0,0,3,26.32794457274827,73.67205542725173,0.0,0,0.0,0,0,0.0,0,0.0,0,0.0,0,0.0,0,751,2308,2557,3,2308,0,0,0,3060,3060,100.0,0,0.0,0,0.0,1203,559,46.467165419783875,644,53.532834580216125,0,0.0,106,32,11,0,0,0,0,0,0,0,43.49800266311585,751,603,0.2663115845539281,0.3994673768308922,13.981358189081226,150.0,78.69507323568575,ModelParams,v3,1779217955.3114967,28.0,26.41509433962264,49.0,46.22641509433962,29.0,27.358490566037734,0.0,0.0,4.0,36.36363636363637,7.0,63.63636363636363,0.0,0.0,32.0,100.0,0.0,0.0
0,2094,428,0,0.0,0.0,0,0,0.0,0,3,25.70093457943925,74.29906542056075,0.0,0,0.0,0,0,0.0,0,0.0,0,0.0,0,0.0,0,744,2314,2570,3,2314,0,0,0,3065,3065,100.0,0,0.0,0,0.0,1204,559,46.42857142857143,645,53.57142857142857,0,0.0,106,32,11,0,0,0,0,0,0,0,43.645161290322584,744,597,0.2688172043010753,0.4032258064516129,13.844086021505376,150.0,78.76344086021506,ModelParams,v3,1779217955.3114967,28.0,26.41509433962264,49.0,46.22641509433962,29.0,27.358490566037734,0.0,0.0,4.0,36.36363636363637,7.0,63.63636363636363,0.0,0.0,32.0,100.0,0.0,0.0
0,2095,416,0,0.0,0.0,0,0,0.0,0,3,26.923076923076923,73.07692307692307,0.0,0,0.0,0,0,0.0,0,0.0,0,0.0,0,0.0,0,735,2320,2585,3,2320,0,0,0,3068,3068,100.0,0,0.0,0,0.0,1207,560,46.3960231980116,647,53.603976801988395,0,0.0,106,32,11,0,0,0,0,0,0,0,43.70340136054422,735,589,0.27210884353741494,0.40816326530612246,13.741496598639454,150.0,78.50340136054422,ModelParams,v3,1779217955.3114967,28.0,26.41509433962264,49.0,46.22641509433962,29.0,27.358490566037734,0.0,0.0,4.0,36.36363636363637,7.0,63.63636363636363,0.0,0.0,32.0,100.0,0.0,0.0
0,2096,416,0,0.0,0.0,0,0,0.0,0,3,26.682692307692307,73.3173076923077,0.0,0,0.0,0,0,0.0,0,0.0,0,0.0,0,0.0,0,730,2329,2599,3,2329,0,0,0,3076,3076,100.0,0,0.0,0,0.0,1208,561,46.44039735099338,647,53.55960264900662,0,0.0,106,32,11,0,0,0,0,0,0,0,43.52602739726027,730,583,0.273972602739726,0.410958904109589,13.698630136986301,150.0,78.08219178082192,ModelParams,v3,1779217955.3114967,28.0,26.41509433962264,49.0,46.22641509433962,29.0,27.358490566037734,0.0,0.0,4.0,36.36363636363637,7.0,63.63636363636363,0.0,0.0,32.0,100.0,0.0,0.0
0,2097,414,0,0.0,0.0,0,0,0.0,0,3,25.36231884057971,74.63768115942028,0.0,0,0.0,0,0,0.0,0,0.0,0,0.0,0,0.0,0,719,2336,2617,3,2336,0,0,0,3081,3081,100.0,0,0.0,0,0.0,1210,561,46.36363636363636,649,53.63636363636364,0,0.0,106,32,11,0,0,0,0,0,0,0,43.32267037552156,719,574,0.27816411682892905,0.4172461752433936,13.76912378303199,150.0,77.74687065368568,ModelParams,v3,1779217955.3114967,28.0,26.41509433962264,49.0,46.22641509433962,29.0,27.358490566037734,0.0,0.0,4.0,36.36363636363637,7.0,63.63636363636363,0.0,0.0,32.0,100.0,0.0,0.0
0,2098,397,0,0.0,0.0,0,0,0.0,0,3,25.440806045340054,74.55919395465995,0.0,0,0.0,0,0,0.0,0,0.0,0,0.0,0,0.0,0,701,2338,2637,3,2338,0,0,0,3082,3082,100.0,0,0.0,0,0.0,1211,562,46.40792733278282,649,53.592072667217174,0,0.0,106,32,11,0,0,0,0,0,0,0,43.400855920114125,701,557,0.28530670470756064,0.28530670470756064,13.55206847360913,100.0,78.17403708987162,ModelParams,v3,1779217955.3114967,28.0,26.41509433962264,49.0,46.22641509433962,29.0,27.358490566037734,0.0,0.0,4.0,36.36363636363637,7.0,63.63636363636363,0.0,0.0,32.0,100.0,0.0,0.0
0,2099,396,0,0.0,0.0,0,0,0.0,0,3,26.01010101010101,73.98989898989899,0.0,0,0.0,0,0,0.0,0,0.0,0,0.0,0,0.0,0,700,2345,2645,3,2345,0,0,0,3087,3087,100.0,0,0.0,0,0.0,1213,563,46.413849958779885,650,53.586150041220115,0,0.0,106,32,11,0,0,0,0,0,0,0,43.61857142857143,700,558,0.2857142857142857,0.2857142857142857,13.714285714285715,100.0,78.42857142857143,ModelParams,v3,1779217955.3114967,28.0,26.41509433962264,49.0,46.22641509433962,29.0,27.358490566037734,0.0,0.0,4.0,36.36363636363637,7.0,63.63636363636363,0.0,0.0,32.0,100.0,0.0,0.0
0,2100,389,0,0.0,0.0,0,0,0.0,0,3,24.67866323907455,75.32133676092545,0.0,0,0.0,0,0,0.0,0,0.0,0,0.0,0,0.0,0,691,2348,2657,3,2348,0,0,0,3090,3090,100.0,0,0.0,0,0.0,1213,563,46.413849958779885,650,53.586150041220115,0,0.0,106,32,11,0,0,0,0,0,0,0,43.821997105643995,691,550,0.2894356005788712,0.2894356005788712,13.45875542691751,100.0,78.72648335745296,ModelParams,v3,1779217955.3114967,28.0,26.41509433962264,49.0,46.22641509433962,29.0,27.358490566037734,0.0,0.0,4.0,36.36363636363637,7.0,63.63636363636363,0.0,0.0,32.0,100.0,0.0,0.0
0,2101,385,0,0.0,0.0,0,0,0.0,0,3,25.97402597402597,74.02597402597402,0.0,0,0.0,0,0,0.0,0,0.0,0,0.0,0,0.0,0,684,2355,2671,3,2355,0,0,0,3106,3106,100.0,0,0.0,0,0.0,1221,566,46.355446355446354,655,53.64455364455365,0,0.0,106,32,11,0,0,0,0,0,0,0,43.76608187134503,684,543,0.29239766081871343,0.29239766081871343,13.596491228070176,100.0,78.80116959064327,ModelParams,v3,1779217955.3114967,28.0,26.41509433962264,49.0,46.22641509433962,29.0,27.358490566037734,0.0,0.0,4.0,36.36363636363637,7.0,63.63636363636363,0.0,0.0,32.0,100.0,0.0,0.0
0,2102,374,0,0.0,0.0,0,0,0.0,0,3,24.331550802139038,75.66844919786097,0.0,0,0.0,0,0,0.0,0,0.0,0,0.0,0,0.0,0,674,2357,2683,3,2357,0,0,0,3108,3108,100.0,0,0.0,0,0.0,1221,566,46.355446355446354,655,53.64455364455365,0,0.0,106,32,11,0,0,0,0,0,0,0,44.152818991097924,674,533,0.2967359050445104,0.2967359050445104,13.501483679525222,100.0,79.37685459940653,ModelParams,v3,1779217955.3114967,28.0,26.41509433962264,49.0,46.22641509433962,29.0,27.358490566037734,0.0,0.0,4.0,36.36363636363637,7.0,63.63636363636363,0.0,0.0,32.0,100.0,0.0,0.0
0,2103,369,0,0.0,0.0,0,0,0.0,0,3,25.203252032520325,74.79674796747967,0.0,0,0.0,0,0,0.0,0,0.0,0,0.0,0,0.0,0,667,2365,2698,3,2365,0,0,0,3114,3114,100.0,0,0.0,0,0.0,1223,567,46.36140637775961,656,53.63859362224039,0,0.0,106,32,11,0,0,0,0,0,0,0,44.06746626686657,667,529,0.29985007496251875,0.29985007496251875,13.043478260869565,100.0,79.01049475262369,ModelParams,v3,1779217955.3114967,28.0,26.41509433962264,49.0,46.22641509433962,29.0,27.358490566037734,0.0,0.0,4.0,36.36363636363637,7.0,63.63636363636363,0.0,0.0,32.0,100.0,0.0,0.0
0,2104,363,0,0.0,0.0,0,0,0.0,0,3,24.242424242424242,75.75757575757575,0.0,0,0.0,0,0,0.0,0,0.0,0,0.0,0,0.0,0,658,2371,2713,3,2371,0,0,0,3129,3129,100.0,0,0.0,0,0.0,1227,568,46.291768541157296,659,53.708231458842704,0,0.0,106,32,11,0,0,0,0,0,0,0,43.97872340425532,658,523,0.303951367781155,0.303951367781155,13.37386018237082,100.0,79.0273556231003,ModelParams,v3,1779217955.3114967,28.0,26.41509433962264,49.0,46.22641509433962,29.0,27.358490566037734,0.0,0.0,4.0,36.36363636363637,7.0,63.63636363636363,0.0,0.0,32.0,100.0,0.0,0.0
0,2105,361,0,0.0,0.0,0,0,0.0,0,3,24.099722991689752,75.90027700831024,0.0,0,0.0,0,0,0.0,0,0.0,0,0.0,0,0.0,0,651,2376,2725,3,2376,0,0,0,3134,3134,100.0,0,0.0,0,0.0,1227,568,46.291768541157296,659,53.708231458842704,0,0.0,106,32,11,0,0,0,0,0,0,0,44.035330261136714,651,515,0.30721966205837176,0.30721966205837176,13.36405529953917,100.0,78.95545314900153,ModelParams,v3,1779217955.3114967,28.0,26.41509433962264,49.0,46.22641509433962,29.0,27.358490566037734,0.0,0.0,4.0,36.36363636363637,7.0,63.63636363636363,0.0,0.0,32.0,100.0,0.0,0.0
0,2106,352,0,0.0,0.0,0,0,0.0,0,3,24.431818181818183,75.56818181818183,0.0,0,0.0,0,0,0.0,0,0.0,0,0.0,0,0.0,0,650,2382,2732,3,2382,0,0,0,3138,3138,100.0,0,0.0,0,0.0,1229,568,46.216436126932464,661,53.78356387306753,0,0.0,106,32,11,0,0,0,0,0,0,0,44.28769230769231,650,515,0.3076923076923077,0.3076923076923077,13.230769230769232,100.0,79.38461538461539,ModelParams,v3,1779217955.3114967,28.0,26.41509433962264,49.0,46.22641509433962,29.0,27.358490566037734,0.0,0.0,4.0,36.36363636363637,7.0,63.63636363636363,0.0,0.0,32.0,100.0,0.0,0.0
0,2107,345,0,0.0,0.0,0,0,0.0,0,3,23.768115942028984,76.23188405797102,0.0,0,0.0,0,0,0.0,0,0.0,0,0.0,0,0.0,0,634,2382,2748,3,2382,0,0,0,3138,3138,100.0,0,0.0,0,0.0,1229,568,46.216436126932464,661,53.78356387306753,0,0.0,106,32,11,0,0,0,0,0,0,0,44.52523659305994,634,500,0.31545741324921134,0.31545741324921134,13.249211356466878,100.0,79.96845425867508,ModelParams,v3,1779217955.3114967,28.0,26.41509433962264,49.0,46.22641509433962,29.0,27.358490566037734,0.0,0.0,4.0,36.36363636363637,7.0,63.63636363636363,0.0,0.0,32.0,100.0,0.0,0.0
0,2108,343,0,0.0,0.0,0,0,0.0,0,4,23.9067055393586,76.0932944606414,0.0,0,0.0,0,0,0.0,0,0.0,0,0.0,0,0.0,0,630,2390,2760,4,2390,0,0,0,3144,3144,100.0,0,0.0,0,0.0,1231,570,46.303818034118606,661,53.696181965881394,0,0.0,107,32,11,0,0,0,0,0,0,0,44.44761904761905,630,495,0.31746031746031744,0.31746031746031744,13.333333333333334,100.0,80.0,ModelParams,v3,1779217955.3114967,29.0,27.102803738317753,49.0,45.794392523364486,29.0,27.102803738317753,0.0,0.0,4.0,36.36363636363637,7.0,63.63636363636363,0.0,0.0,32.0,100.0,0.0,0.0
0,2109,336,0,0.0,0.0,0,0,0.0,0,4,23.809523809523807,76.19047619047619,0.0,0,0.0,0,0,0.0,0,0.0,0,0.0,0,0.0,0,615,2394,2779,4,2394,0,0,0,3147,3147,100.0,0,0.0,0,0.0,1232,571,46.3474025974026,661,53.6525974025974,0,0.0,107,32,11,0,0,0,0,0,0,0,44.24390243902439,615,486,0.3252032520325203,0.3252032520325203,12.682926829268293,100.0,80.0,ModelParams,v3,1779217955.3114967,29.0,27.102803738317753,49.0,45.794392523364486,29.0,27.102803738317753,0.0,0.0,4.0,36.36363636363637,7.0,63.63636363636363,0.0,0.0,32.0,100.0,0.0,0.0
0,2110,329,0,0.0,0.0,0,0,0.0,0,4,24.620060790273556,75.37993920972644,0.0,0,0.0,0,0,0.0,0,0.0,0,0.0,0,0.0,0,609,2401,2792,4,2401,0,0,0,3153,3153,100.0,0,0.0,0,0.0,1233,572,46.390916463909164,661,53.60908353609084,0,0.0,107,32,11,0,0,0,0,0,0,0,44.16748768472906,609,482,0.3284072249589491,0.3284072249589491,12.643678160919542,100.0,79.80295566502463,ModelParams,v3,1779217955.3114967,29.0,27.102803738317753,49.0,45.794392523364486,29.0,27.102803738317753,0.0,0.0,4.0,36.36363636363637,7.0,63.63636363636363,0.0,0.0,32.0,100.0,0.0,0.0
0,2111,325,0,0.0,0.0,0,0,0.0,0,4,24.0,76.0,0.0,0,0.0,0,0,0.0,0,0.0,0,0.0,0,0.0,0,604,2407,2803,4,2407,0,0,0,3164,3164,100.0,0,0.0,0,0.0,1239,576,46.48910411622276,663,53.510895883777245,0,0.0,108,32,11,0,0,0,0,0,0,0,44.13079470198676,604,476,0.16556291390728478,0.16556291390728478,12.748344370860929,100.0,79.63576158940397,ModelParams,v3,1779217955.3114967,29.0,26.851851851851855,50.0,46.2962962962963,29.0,26.851851851851855,0.0,0.0,4.0,36.36363636363637,7.0,63.63636363636363,0.0,0.0,32.0,100.0,0.0,0.0
0,2112,324,0,0.0,0.0,0,0,0.0,0,4,22.839506172839506,77.1604938271605,0.0,0,0.0,0,0,0.0,0,0.0,0,0.0,0,0.0,0,589,2410,2821,4,2410,0,0,0,3167,3167,100.0,0,0.0,0,0.0,1239,576,46.48910411622276,663,53.510895883777245,0,0.0,108,32,11,0,0,0,0,0,0,0,43.92529711375212,589,466,0.0,0.0,12.563667232597622,0.0,79.79626485568761,ModelParams,v3,1779217955.3114967,29.0,26.851851851851855,50.0,46.2962962962963,29.0,26.851851851851855,0.0,0.0,4.0,36.36363636363637,7.0,63.63636363636363,0.0,0.0,32.0,100.0,0.0,0.0
0,2113,316,0,0.0,0.0,0,0,0.0,0,4,23.10126582278481,76.89873417721519,0.0,0,0.0,0,0,0.0,0,0.0,0,0.0,0,0.0,0,577,2411,2834,4,2411,0,0,0,3168,3168,100.0,0,0.0,0,0.0,1239,576,46.48910411622276,663,53.510895883777245,0,0.0,108,32,11,0,0,0,0,0,0,0,44.32928942807626,577,458,0.0,0.0,12.65164644714038,0.0,80.24263431542461,ModelParams,v3,1779217955.3114967,29.0,26.851851851851855,50.0,46.2962962962963,29.0,26.851851851851855,0.0,0.0,4.0,36.36363636363637,7.0,63.63636363636363,0.0,0.0,32.0,100.0,0.0,0.0
0,2114,320,0,0.0,0.0,0,0,0.0,0,4,23.4375,76.5625,0.0,0,0.0,0,0,0.0,0,0.0,0,0.0,0,0.0,0,569,2420,2851,4,2420,0,0,0,3213,3213,100.0,0,0.0,0,0.0,1256,582,46.33757961783439,674,53.66242038216561,0,0.0,108,32,11,0,0,0,0,0,0,0,43.58699472759227,569,450,0.0,0.0,13.181019332161686,0.0,79.61335676625659,ModelParams,v3,1779217955.3114967,29.0,26.851851851851855,50.0,46.2962962962963,29.0,26.851851851851855,0.0,0.0,4.0,36.36363636363637,7.0,63.63636363636363,0.0,0.0,32.0,100.0,0.0,0.0
0,2115,313,0,0.0,0.0,0,0,0.0,0,4,24.920127795527154,75.07987220447284,0.0,0,0.0,0,0,0.0,0,0.0,0,0.0,0,0.0,0,564,2426,2862,4,2426,0,0,0,3217,3217,100.0,0,0.0,0,0.0,1258,583,46.34340222575516,675,53.65659777424483,0,0.0,108,32,11,0,0,0,0,0,0,0,43.558510638297875,564,445,0.0,0.0,13.120567375886525,0.0,79.60992907801419,ModelParams,v3,1779217955.3114967,29.0,26.851851851851855,50.0,46.2962962962963,29.0,26.851851851851855,0.0,0.0,4.0,36.36363636363637,7.0,63.63636363636363,0.0,0.0,32.0,100.0,0.0,0.0
0,2116,309,0,0.0,0.0,0,0,0.0,0,4,23.624595469255663,76.37540453074433,0.0,0,0.0,0,0,0.0,0,0.0,0,0.0,0,0.0,0,551,2429,2878,4,2429,0,0,0,3226,3226,100.0,0,0.0,0,0.0,1265,585,46.24505928853755,680,53.75494071146245,0,0.0,109,32,11,0,0,0,0,0,0,0,43.53901996370236,551,436,0.0,0.0,13.248638838475499,0.0,80.03629764065336,ModelParams,v3,1779217955.3114967,29.0,26.605504587155966,51.0,46.788990825688074,29.0,26.605504587155966,0.0,0.0,4.0,36.36363636363637,7.0,63.63636363636363,0.0,0.0,32.0,100.0,0.0,0.0
0,2117,307,0,0.0,0.0,0,0,0.0,0,4,24.7557003257329,75.2442996742671,0.0,0,0.0,0,0,0.0,0,0.0,0,0.0,0,0.0,0,544,2434,2890,4,2434,0,0,0,3229,3229,100.0,0,0.0,0,0.0,1266,586,46.287519747235386,680,53.712480252764614,0,0.0,110,32,11,0,0,0,0,0,0,0,43.575367647058826,544,429,0.0,0.0,13.419117647058822,0.0,79.96323529411765,ModelParams,v3,1779217955.3114967,29.0,26.36363636363636,51.0,46.36363636363636,30.0,27.27272727272727,0.0,0.0,4.0,36.36363636363637,7.0,63.63636363636363,0.0,0.0,32.0,100.0,0.0,0.0
0,2118,300,0,0.0,0.0,0,0,0.0,0,4,24.333333333333336,75.66666666666667,0.0,0,0.0,0,0,0.0,0,0.0,0,0.0,0,0.0,0,536,2439,2903,4,2439,0,0,0,3232,3232,100.0,0,0.0,0,0.0,1268,588,46.37223974763407,680,53.62776025236593,0,0.0,110,32,11,0,0,0,0,0,0,0,43.3115671641791,536,422,0.0,0.0,13.059701492537313,0.0,79.8507462686567,ModelParams,v3,1779217955.3114967,29.0,26.36363636363636,51.0,46.36363636363636,30.0,27.27272727272727,0.0,0.0,4.0,36.36363636363637,7.0,63.63636363636363,0.0,0.0,32.0,100.0,0.0,0.0
0,2119,296,0,0.0,0.0,0,0,0.0,0,4,23.31081081081081,76.6891891891892,0.0,0,0.0,0,0,0.0,0,0.0,0,0.0,0,0.0,0,530,2441,2911,4,2441,0,0,0,3234,3234,100.0,0,0.0,0,0.0,1268,588,46.37223974763407,680,53.62776025236593,0,0.0,110,32,11,0,0,0,0,0,0,0,43.8,530,415,0.0,0.0,13.20754716981132,0.0,80.37735849056604,ModelParams,v3,1779217955.3114967,29.0,26.36363636363636,51.0,46.36363636363636,30.0,27.27272727272727,0.0,0.0,4.0,36.36363636363637,7.0,63.63636363636363,0.0,0.0,32.0,100.0,0.0,0.0
0,2120,295,0,0.0,0.0,0,0,0.0,0,4,23.389830508474578,76.61016949152543,0.0,0,0.0,0,0,0.0,0,0.0,0,0.0,0,0.0,0,528,2446,2918,4,2446,0,0,0,3238,3238,100.0,0,0.0,0,0.0,1269,588,46.335697399527184,681,53.664302600472816,0,0.0,110,32,11,0,0,0,0,0,0,0,44.05681818181818,528,415,0.0,0.0,13.257575757575758,0.0,80.3030303030303,ModelParams,v3,1779217955.3114967,29.0,26.36363636363636,51.0,46.36363636363636,30.0,27.27272727272727,0.0,0.0,4.0,36.36363636363637,7.0,63.63636363636363,0.0,0.0,32.0,100.0,0.0,0.0
0,2121,289,0,0.0,0.0,0,0,0.0,0,4,23.875432525951556,76.12456747404845,0.0,0,0.0,0,0,0.0,0,0.0,0,0.0,0,0.0,0,524,2452,2928,4,2452,0,0,0,3248,3248,100.0,0,0.0,0,0.0,1273,589,46.26865671641791,684,53.73134328358209,0,0.0,110,32,11,0,0,0,0,0,0,0,44.14885496183206,524,411,0.0,0.0,13.740458015267176,0.0,79.77099236641222,ModelParams,v3,1779217955.3114967,29.0,26.36363636363636,51.0,46.36363636363636,30.0,27.27272727272727,0.0,0.0,4.0,36.36363636363637,7.0,63.63636363636363,0.0,0.0,32.0,100.0,0.0,0.0
0,2122,291,0,0.0,0.0,0,0,0.0,0,4,25.085910652920962,74.91408934707904,0.0,0,0.0,0,0,0.0,0,0.0,0,0.0,0,0.0,0,519,2456,2937,4,2456,0,0,0,3259,3259,100.0,0,0.0,0,0.0,1274,589,46.23233908948195,685,53.76766091051805,0,0.0,110,32,11,0,0,0,0,0,0,0,44.27167630057804,519,407,0.0,0.0,13.48747591522158,0.0,79.96146435452793,ModelParams,v3,1779217955.3114967,29.0,26.36363636363636,51.0,46.36363636363636,30.0,27.27272727272727,0.0,0.0,4.0,36.36363636363637,7.0,63.63636363636363,0.0,0.0,32.0,100.0,0.0,0.0
0,2123,288,0,0.0,0.0,0,0,0.0,0,4,23.958333333333336,76.04166666666666,0.0,0,0.0,0,0,0.0,0,0.0,0,0.0,0,0.0,0,511,2460,2949,4,2460,0,0,0,3262,3262,100.0,0,0.0,0,0.0,1275,590,46.27450980392157,685,53.72549019607843,0,0.0,110,32,11,0,0,0,0,0,0,0,44.37573385518591,511,402,0.0,0.0,13.698630136986301,0.0,80.23483365949119,ModelParams,v3,1779217955.3114967,29.0,26.36363636363636,51.0,46.36363636363636,30.0,27.27272727272727,0.0,0.0,4.0,36.36363636363637,7.0,63.63636363636363,0.0,0.0,32.0,100.0,0.0,0.0
0,2124,284,0,0.0,0.0,0,0,0.0,0,4,23.591549295774648,76.40845070422534,0.0,0,0.0,0,0,0.0,0,0.0,0,0.0,0,0.0,0,506,2462,2956,4,2462,0,0,0,3283,3283,100.0,0,0.0,0,0.0,1286,595,46.26749611197511,691,53.73250388802489,0,0.0,111,32,11,0,0,0,0,0,0,0,44.93675889328063,506,400,0.0,0.0,14.031620553359684,0.0,80.8300395256917,ModelParams,v3,1779217955.3114967,29.0,26.126126126126124,51.0,45.94594594594595,31.0,27.927927927927925,0.0,0.0,4.0,36.36363636363637,7.0,63.63636363636363,0.0,0.0,32.0,100.0,0.0,0.0
0,2125,279,0,0.0,0.0,0,0,0.0,0,4,21.863799283154123,78.13620071684588,0.0,0,0.0,0,0,0.0,0,0.0,0,0.0,0,0.0,0,500,2464,2964,4,2464,0,0,0,3285,3285,100.0,0,0.0,0,0.0,1286,595,46.26749611197511,691,53.73250388802489,0,0.0,111,32,11,0,0,0,0,0,0,0,45.326,500,396,0.0,0.0,14.000000000000002,0.0,81.39999999999999,ModelParams,v3,1779217955.3114967,29.0,26.126126126126124,51.0,45.94594594594595,31.0,27.927927927927925,0.0,0.0,4.0,36.36363636363637,7.0,63.63636363636363,0.0,0.0,32.0,100.0,0.0,0.0
1,1950,853,4,0.4689331770222743,0.5242463958060288,2,2,50.0,2,0,38.921453692848765,61.07854630715123,0.0,0,0.0,3,1,0.0,0,25.0,1,0.0,0,75.0,3,1015,26,11,0,26,0,0,0,41,41,100.0,0,0.0,0,0.0,26,16,61.53846153846154,10,38.46153846153847,0,0.0,0,0,0,0,0,0,0,0,0,0,27.89950738916256,1015,911,0.49261083743842365,0.3940886699507389,19.507389162561577,40.0,0.0,ModelParams,v3,1779217955.7085707,,,,,,,,,,,,,,,,,,
1,1951,856,4,0.46728971962616817,0.5249343832020997,2,2,50.0,2,0,38.78504672897196,61.21495327102804,0.0,0,0.0,3,1,0.0,0,25.0,1,0.0,0,75.0,3,1022,45,23,0,45,0,0,0,54,54,100.0,0,0.0,0,0.0,30,18,60.0,12,40.0,0,0.0,1,0,1,0,0,0,0,0,0,0,27.995107632093934,1022,913,0.5870841487279843,0.3913894324853229,19.47162426614481,33.33333333333333,0.0,ModelParams,v3,1779217955.7085707,0.0,0.0,1.0,100.0,0.0,0.0,0.0,0.0,1.0,100.0,0.0,0.0,,,,,,
1,1952,873,4,0.45819014891179843,0.516795865633075,2,2,50.0,2,0,38.94616265750287,61.05383734249714,0.0,0,0.0,3,1,0.0,0,25.0,1,0.0,0,75.0,3,1043,71,28,0,71,0,0,0,108,108,100.0,0,0.0,0,0.0,61,34,55.73770491803278,27,44.26229508196721,0,0.0,4,1,1,0,0,0,0,0,0,0,28.132310642377757,1043,930,0.5752636625119847,0.38350910834132307,19.367209971236818,33.33333333333333,0.0,ModelParams,v3,1779217955.7085707,0.0,0.0,3.0,75.0,1.0,25.0,0.0,0.0,1.0,100.0,0.0,0.0,0.0,0.0,1.0,100.0,0.0,0.0
1,1953,892,4,0.4484304932735426,0.5102040816326531,2,2,50.0,2,0,39.23766816143498,60.76233183856502,0.0,0,0.0,3,1,0.0,0,25.0,1,0.0,0,75.0,3,1053,102,49,0,102,0,0,0,150,150,100.0,0,0.0,0,0.0,78,46,58.97435897435898,32,41.02564102564102,0,0.0,4,1,1,0,0,0,0,0,0,0,27.623931623931625,1053,931,0.5698005698005698,0.3798670465337132,18.99335232668566,33.33333333333333,0.0,ModelParams,v3,1779217955.7085707,0.0,0.0,3.0,75.0,1.0,25.0,0.0,0.0,1.0,100.0,0.0,0.0,0.0,0.0,1.0,100.0,0.0,0.0
1,1954,917,4,0.43620501635768816,0.4975124378109453,2,2,50.0,2,0,40.34896401308615,59.65103598691385,0.0,0,0.0,3,1,0.0,0,25.0,1,0.0,0,75.0,3,1079,138,59,0,138,0,0,0,213,213,100.0,0,0.0,0,0.0,101,57,56.43564356435643,44,43.56435643564357,0,0.0,9,2,2,0,0,0,0,0,0,0,27.342910101946245,1079,952,0.6487488415199258,0.3707136237256719,18.999073215940683,28.57142857142857,0.0,ModelParams,v3,1779217955.7085707,0.0,0.0,5.0,55.55555555555556,4.0,44.44444444444444,0.0,0.0,2.0,100.0,0.0,0.0,0.0,0.0,2.0,100.0,0.0,0.0
1,1955,937,4,0.42689434364994666,0.4895960832313341,2,2,50.0,2,0,40.87513340448239,59.12486659551761,0.0,0,0.0,3,1,0.0,0,25.0,1,0.0,0,75.0,3,1106,171,65,0,171,0,0,0,243,243,100.0,0,0.0,0,0.0,128,70,54.6875,58,45.3125,0,0.0,9,2,2,0,0,0,0,0,0,0,27.280289330922244,1106,973,0.6329113924050633,0.3616636528028933,19.258589511754067,28.57142857142857,0.0,ModelParams,v3,1779217955.7085707,0.0,0.0,5.0,55.55555555555556,4.0,44.44444444444444,0.0,0.0,2.0,100.0,0.0,0.0,0.0,0.0,2.0,100.0,0.0,0.0
1,1956,956,4,0.41841004184100417,0.48192771084337355,2,2,50.0,2,0,41.63179916317992,58.36820083682008,0.0,0,0.0,3,1,0.0,0,25.0,1,0.0,0,75.0,3,1132,203,71,0,203,0,0,0,285,285,100.0,0,0.0,0,0.0,147,81,55.10204081632652,66,44.89795918367347,0,0.0,10,2,2,0,0,0,0,0,0,0,27.325088339222614,1132,992,0.6183745583038869,0.35335689045936397,19.081272084805654,28.57142857142857,0.0,ModelParams,v3,1779217955.7085707,1.0,10.0,5.0,50.0,4.0,40.0,0.0,0.0,2.0,100.0,0.0,0.0,0.0,0.0,2.0,100.0,0.0,0.0
1,1957,967,5,0.5170630816959669,0.5995203836930456,2,2,40.0,3,0,41.57187176835574,58.42812823164426,0.0,1,0.1034126163391934,3,1,20.0,1,20.0,1,0.0,0,60.0,3,1160,239,79,0,239,0,0,0,371,371,100.0,0,0.0,0,0.0,175,96,54.85714285714286,79,45.14285714285714,0,0.0,13,2,2,0,0,0,0,0,0,0,27.337931034482757,1160,1012,0.6896551724137931,0.43103448275862066,18.96551724137931,25.0,0.0,ModelParams,v3,1779217955.7085707,3.0,23.076923076923077,6.0,46.15384615384615,4.0,30.76923076923077,0.0,0.0,2.0,100.0,0.0,0.0,0.0,0.0,2.0,100.0,0.0,0.0
1,1958,992,5,0.5040322580645161,0.5875440658049353,2,2,40.0,3,0,41.935483870967744,58.06451612903226,0.0,1,0.10080645161290322,3,1,20.0,1,20.0,1,0.0,0,60.0,3,1190,276,86,0,276,0,0,0,413,413,100.0,0,0.0,0,0.0,190,100,52.63157894736842,90,47.368421052631575,0,0.0,15,2,2,0,0,0,0,0,0,0,27.200840336134455,1190,1033,0.6722689075630253,0.42016806722689076,18.73949579831933,25.0,0.0,ModelParams,v3,1779217955.7085707,3.0,20.0,6.0,40.0,6.0,40.0,0.0,0.0,2.0,100.0,0.0,0.0,0.0,0.0,2.0,100.0,0.0,0.0
1,1959,1004,5,0.49800796812749004,0.5820721769499418,2,2,40.0,3,0,41.63346613545817,58.366533864541836,0.0,1,0.099601593625498,3,1,20.0,1,20.0,1,0.0,0,60.0,3,1208,304,96,0,304,0,0,0,432,432,100.0,0,0.0,0,0.0,198,103,52.02020202020202,95,47.97979797979798,0,0.0,16,2,2,0,0,0,0,0,0,0,27.323675496688743,1208,1046,0.7450331125827815,0.4139072847682119,18.70860927152318,22.22222222222222,0.0,ModelParams,v3,1779217955.7085707,3.0,18.75,7.0,43.75,6.0,37.5,0.0,0.0,2.0,100.0,0.0,0.0,0.0,0.0,2.0,100.0,0.0,0.0
1,1960,1005,5,0.4975124378109453,0.5820721769499418,2,2,40.0,3,0,40.79601990049751,59.20398009950249,0.0,1,0.09950248756218905,3,1,20.0,1,20.0,1,0.0,0,60.0,3,1215,322,107,0,322,0,0,0,493,493,100.0,0,0.0,0,0.0,216,116,53.70370370370371,100,46.2962962962963,0,0.0,18,2,2,0,0,0,0,0,0,0,27.783539094650205,1215,1052,0.7407407407407408,0.411522633744856,18.68312757201646,22.22222222222222,0.0,ModelParams,v3,1779217955.7085707,4.0,22.22222222222222,8.0,44.44444444444444,6.0,33.33333333333333,0.0,0.0,2.0,100.0,0.0,0.0,0.0,0.0,2.0,100.0,0.0,0.0
1,1961,1021,6,0.5876591576885406,0.5747126436781609,2,2,33.33333333333333,4,0,40.842311459353574,59.157688540646426,0.0,1,0.0979431929480901,3,2,16.666666666666664,1,33.33333333333333,2,0.0,0,50.0,3,1234,351,117,0,351,0,0,0,525,525,100.0,0,0.0,0,0.0,236,126,53.38983050847458,110,46.61016949152542,0,0.0,20,2,2,0,0,0,0,0,0,0,27.884116693679093,1234,1065,0.7293354943273906,0.48622366288492713,18.80064829821718,22.22222222222222,0.0,ModelParams,v3,1779217955.7085707,4.0,20.0,9.0,45.0,7.0,35.0,0.0,0.0,2.0,100.0,0.0,0.0,0.0,0.0,2.0,100.0,0.0,0.0
1,1962,1029,5,0.4859086491739553,0.45871559633027525,2,2,40.0,3,0,40.816326530612244,59.183673469387756,0.0,1,0.09718172983479105,3,1,20.0,1,20.0,1,0.0,0,60.0,3,1251,378,127,0,378,0,0,0,658,658,100.0,0,0.0,0,0.0,271,136,50.184501845018445,135,49.815498154981555,0,0.0,23,3,2,0,0,0,0,0,0,0,27.989608313349322,1251,1075,0.7194244604316548,0.4796163069544364,18.705035971223023,33.33333333333333,0.0,ModelParams,v3,1779217955.7085707,5.0,21.73913043478261,11.0,47.82608695652174,7.0,30.434782608695656,0.0,0.0,2.0,100.0,0.0,0.0,0.0,0.0,3.0,100.0,0.0,0.0
1,1963,1034,5,0.4835589941972921,0.4592422502870264,2,2,40.0,3,0,40.42553191489361,59.57446808510638,0.0,1,0.09671179883945842,3,1,20.0,1,20.0,1,0.0,0,60.0,3,1266,400,134,0,400,0,0,0,670,670,100.0,0,0.0,0,0.0,278,139,50.0,139,50.0,0,0.0,25,4,2,0,0,0,0,0,0,0,28.398104265402843,1266,1083,0.7109004739336493,0.47393364928909953,18.799368088467613,33.33333333333333,0.0,ModelParams,v3,1779217955.7085707,5.0,20.0,11.0,44.0,9.0,36.0,0.0,0.0,2.0,100.0,0.0,0.0,0.0,0.0,4.0,100.0,0.0,0.0
1,1964,1049,5,0.47664442326024786,0.4530011325028313,2,2,40.0,3,0,41.27740705433746,58.722592945662534,0.0,1,0.09532888465204957,3,1,20.0,1,20.0,1,0.0,0,60.0,3,1290,435,145,0,435,0,0,0,698,698,100.0,0,0.0,0,0.0,295,145,49.152542372881356,150,50.847457627118644,0,0.0,27,4,3,0,0,0,0,0,0,0,28.28527131782946,1290,1103,0.6976744186046512,0.46511627906976744,18.91472868217054,33.33333333333333,0.0,ModelParams,v3,1779217955.7085707,5.0,18.51851851851852,11.0,40.74074074074074,11.0,40.74074074074074,0.0,0.0,2.0,66.66666666666666,1.0,33.33333333333333,0.0,0.0,4.0,100.0,0.0,0.0
1,1965,1063,5,0.4703668861712135,0.44692737430167595,2,2,40.0,3,0,41.20413922859831,58.7958607714017,0.0,1,0.09407337723424271,3,1,20.0,1,20.0,1,0.0,0,60.0,3,1308,466,158,0,466,0,0,0,742,742,100.0,0,0.0,0,0.0,309,153,49.51456310679612,156,50.48543689320388,0,0.0,28,4,3,0,0,0,0,0,0,0,28.204128440366972,1308,1117,0.6880733944954129,0.45871559633027525,18.577981651376145,33.33333333333333,0.0,ModelParams,v3,1779217955.7085707,5.0,17.857142857142858,12.0,42.857142857142854,11.0,39.285714285714285,0.0,0.0,2.0,66.66666666666666,1.0,33.33333333333333,0.0,0.0,4.0,100.0,0.0,0.0
1,1966,1077,6,0.5571030640668524,0.5543237250554324,2,2,33.33333333333333,4,0,41.22562674094708,58.77437325905292,0.0,1,0.09285051067780872,3,2,16.666666666666664,1,33.33333333333333,2,0.0,0,50.0,3,1324,491,167,0,491,0,0,0,760,760,100.0,0,0.0,0,0.0,316,156,49.36708860759494,160,50.63291139240506,0,0.0,28,4,3,0,0,0,0,0,0,0,28.438066465256796,1324,1126,0.6797583081570997,0.5287009063444109,18.580060422960727,33.33333333333333,0.0,ModelParams,v3,1779217955.7085707,5.0,17.857142857142858,12.0,42.857142857142854,11.0,39.285714285714285,0.0,0.0,2.0,66.66666666666666,1.0,33.33333333333333,0.0,0.0,4.0,100.0,0.0,0.0
1,1967,1087,5,0.45998160073597055,0.33076074972436603,1,1,20.0,4,0,40.6623735050598,59.337626494940196,0.0,0,0.0,2,3,0.0,0,60.0,3,0.0,0,40.0,2,1339,516,177,0,516,0,0,0,788,788,100.0,0,0.0,0,0.0,333,164,49.249249249249246,169,50.750750750750754,0,0.0,29,4,3,0,0,0,0,0,0,0,28.71545929798357,1339,1136,0.5227781926811054,0.5227781926811054,18.82001493651979,42.857142857142854,0.0,ModelParams,v3,1779217955.7085707,5.0,17.24137931034483,13.0,44.827586206896555,11.0,37.93103448275862,0.0,0.0,2.0,66.66666666666666,1.0,33.33333333333333,0.0,0.0,4.0,100.0,0.0,0.0
1,1968,1093,5,0.4574565416285453,0.33003300330033003,1,1,20.0,4,0,39.615736505032025,60.38426349496798,0.0,0,0.0,2,3,0.0,0,60.0,3,0.0,0,40.0,2,1354,538,184,0,538,0,0,0,852,852,100.0,0,0.0,0,0.0,353,171,48.44192634560906,182,51.55807365439094,0,0.0,30,5,3,0,0,0,0,0,0,0,28.99187592319055,1354,1147,0.51698670605613,0.51698670605613,18.83308714918759,42.857142857142854,0.0,ModelParams,v3,1779217955.7085707,5.0,16.666666666666664,13.0,43.333333333333336,12.0,40.0,0.0,0.0,2.0,66.66666666666666,1.0,33.33333333333333,0.0,0.0,5.0,100.0,0.0,0.0
1,1969,1100,5,0.45454545454545453,0.32967032967032966,1,1,20.0,4,0,38.45454545454545,61.54545454545455,0.0,0,0.0,2,3,0.0,0,60.0,3,0.0,0,40.0,2,1368,564,196,0,564,0,0,0,868,868,100.0,0,0.0,0,0.0,361,174,48.199445983379505,187,51.8005540166205,0,0.0,32,5,3,0,0,0,0,0,0,0,29.13669590643275,1368,1154,0.5116959064327485,0.5116959064327485,19.078947368421055,42.857142857142854,0.0,ModelParams,v3,1779217955.7085707,7.0,21.875,13.0,40.625,12.0,37.5,0.0,0.0,2.0,66.66666666666666,1.0,33.33333333333333,0.0,0.0,5.0,100.0,0.0,0.0
1,1970,1105,5,0.4524886877828055,0.32967032967032966,1,1,20.0,4,0,37.28506787330317,62.71493212669683,0.0,0,0.0,2,3,0.0,0,60.0,3,0.0,0,40.0,2,1383,587,204,0,587,0,0,0,898,898,100.0,0,0.0,0,0.0,376,181,48.138297872340424,195,51.86170212765957,0,0.0,34,6,3,0,0,0,0,0,0,0,29.48879248011569,1383,1165,0.5784526391901663,0.5061460592913956,19.016630513376718,37.5,0.0,ModelParams,v3,1779217955.7085707,7.0,20.588235294117645,14.0,41.17647058823529,13.0,38.23529411764706,0.0,0.0,2.0,66.66666666666666,1.0,33.33333333333333,0.0,0.0,6.0,100.0,0.0,0.0
1,1971,1118,4,0.35778175313059035,0.21645021645021645,0,0,0.0,4,0,36.314847942754916,63.68515205724508,0.0,0,0.0,1,3,0.0,0,75.0,3,0.0,0,25.0,1,1401,613,212,0,613,0,0,0,918,918,100.0,0,0.0,0,0.0,382,182,47.64397905759162,200,52.35602094240838,0,0.0,34,6,3,0,0,0,0,0,0,0,29.75089221984297,1401,1183,0.5710206995003569,0.4996431120628123,18.843683083511777,37.5,0.0,ModelParams,v3,1779217955.7085707,7.0,20.588235294117645,14.0,41.17647058823529,13.0,38.23529411764706,0.0,0.0,2.0,66.66666666666666,1.0,33.33333333333333,0.0,0.0,6.0,100.0,0.0,0.0
1,1972,1130,5,0.4424778761061947,0.32017075773745995,0,0,0.0,5,0,35.04424778761062,64.95575221238938,0.0,0,0.0,1,4,0.0,0,80.0,4,0.0,0,20.0,1,1417,637,220,0,637,0,0,0,963,963,100.0,0,0.0,0,0.0,407,193,47.420147420147416,214,52.579852579852584,0,0.0,38,6,3,0,0,0,0,0,0,0,30.023994354269583,1417,1200,0.6351446718419196,0.5645730416372619,18.913196894848273,33.33333333333333,0.0,ModelParams,v3,1779217955.7085707,8.0,21.052631578947366,17.0,44.73684210526316,13.0,34.21052631578947,0.0,0.0,2.0,66.66666666666666,1.0,33.33333333333333,0.0,0.0,6.0,100.0,0.0,0.0
1,1973,1144,5,0.4370629370629371,0.3181336161187699,0,0,0.0,5,0,33.65384615384615,66.34615384615384,0.0,0,0.0,1,4,0.0,0,80.0,4,0.0,0,20.0,1,1435,665,230,0,665,0,0,0,998,998,100.0,0,0.0,0,0.0,423,201,47.5177304964539,222,52.4822695035461,0,0.0,38,7,3,0,0,0,0,0,0,0,30.225087108013938,1435,1209,0.627177700348432,0.5574912891986062,18.745644599303134,33.33333333333333,0.0,ModelParams,v3,1779217955.7085707,8.0,21.052631578947366,17.0,44.73684210526316,13.0,34.21052631578947,0.0,0.0,2.0,66.66666666666666,1.0,33.33333333333333,0.0,0.0,7.0,100.0,0.0,0.0
1,1974,1150,5,0.43478260869565216,0.3171247357293869,0,0,0.0,5,0,33.47826086956522,66.52173913043478,0.0,0,0.0,1,4,0.0,0,80.0,4,0.0,0,20.0,1,1451,693,242,0,693,0,0,0,1015,1015,100.0,0,0.0,0,0.0,434,208,47.926267281105986,226,52.07373271889401,0,0.0,38,7,3,0,0,0,0,0,0,0,30.35079255685734,1451,1219,0.6202618883528601,0.5513439007580978,18.607856650585802,33.33333333333333,0.0,ModelParams,v3,1779217955.7085707,8.0,21.052631578947366,17.0,44.73684210526316,13.0,34.21052631578947,0.0,0.0,2.0,66.66666666666666,1.0,33.33333333333333,0.0,0.0,7.0,100.0,0.0,0.0
1,1975,1153,5,0.43365134431916735,0.31612223393045313,0,0,0.0,5,0,34.431916738941894,65.5680832610581,0.0,0,0.0,1,4,0.0,0,80.0,4,0.0,0,20.0,1,1468,723,255,0,723,0,0,0,1034,1034,100.0,0,0.0,0,0.0,443,211,47.629796839729124,232,52.370203160270876,0,0.0,40,7,3,0,0,0,0,0,0,0,30.46866485013624,1468,1232,0.6130790190735695,0.544959128065395,18.392370572207085,33.33333333333333,0.0,ModelParams,v3,1779217955.7085707,9.0,22.5,18.0,45.0,13.0,32.5,0.0,0.0,2.0,66.66666666666666,1.0,33.33333333333333,0.0,0.0,7.0,100.0,0.0,0.0
1,1976,1163,5,0.4299226139294927,0.3144654088050315,0,0,0.0,5,0,34.13585554600172,65.86414445399828,0.0,0,0.0,1,4,0.0,0,80.0,4,0.0,0,20.0,1,1489,754,265,0,754,0,0,0,1083,1083,100.0,0,0.0,0,0.0,469,228,48.61407249466951,241,51.385927505330486,0,0.0,42,8,3,0,0,0,0,0,0,0,30.70785762256548,1489,1247,0.6044325050369375,0.5372733378106112,18.401611820013432,33.33333333333333,0.0,ModelParams,v3,1779217955.7085707,9.0,21.428571428571427,18.0,42.857142857142854,15.0,35.714285714285715,0.0,0.0,2.0,66.66666666666666,1.0,33.33333333333333,0.0,0.0,8.0,100.0,0.0,0.0
1,1977,1170,5,0.4273504273504274,0.3125,0,0,0.0,5,0,33.84615384615385,66.15384615384615,0.0,0,0.0,1,4,0.0,0,80.0,4,0.0,0,20.0,1,1506,778,272,0,778,0,0,0,1097,1097,100.0,0,0.0,0,0.0,478,232,48.53556485355649,246,51.46443514644351,0,0.0,43,8,3,0,0,0,0,0,0,0,30.9800796812749,1506,1261,0.5312084993359893,0.5312084993359893,18.393094289508632,37.5,0.0,ModelParams,v3,1779217955.7085707,10.0,23.25581395348837,18.0,41.86046511627907,15.0,34.883720930232556,0.0,0.0,2.0,66.66666666666666,1.0,33.33333333333333,0.0,0.0,8.0,100.0,0.0,0.0
1,1978,1181,5,0.42337002540220153,0.30959752321981426,0,0,0.0,5,0,34.37764606265876,65.62235393734125,0.0,0,0.0,1,4,0.0,0,80.0,4,0.0,0,20.0,1,1522,809,287,0,809,0,0,0,1142,1142,100.0,0,0.0,0,0.0,502,244,48.60557768924303,258,51.39442231075697,0,0.0,46,8,3,0,0,0,0,0,0,0,30.95400788436268,1522,1273,0.5256241787122208,0.5256241787122208,18.068331143232587,37.5,0.0,ModelParams,v3,1779217955.7085707,12.0,26.08695652173913,18.0,39.130434782608695,16.0,34.78260869565217,0.0,0.0,2.0,66.66666666666666,1.0,33.33333333333333,0.0,0.0,8.0,100.0,0.0,0.0
1,1979,1189,5,0.42052144659377627,0.3080082135523614,0,0,0.0,5,0,33.38940285954584,66.61059714045416,0.0,0,0.0,1,4,0.0,0,80.0,4,0.0,0,20.0,1,1536,835,299,0,835,0,0,0,1157,1157,100.0,0,0.0,0,0.0,512,248,48.4375,264,51.5625,0,0.0,47,8,3,0,0,0,0,0,0,0,31.158854166666668,1536,1285,0.5208333333333333,0.5208333333333333,18.1640625,37.5,0.0,ModelParams,v3,1779217955.7085707,12.0,25.53191489361702,18.0,38.297872340425535,17.0,36.17021276595745,0.0,0.0,2.0,66.66666666666666,1.0,33.33333333333333,0.0,0.0,8.0,100.0,0.0,0.0
1,1980,1199,5,0.4170141784820684,0.3058103975535168,0,0,0.0,5,0,33.11092577147623,66.88907422852377,0.0,0,0.0,1,4,0.0,0,80.0,4,0.0,0,20.0,1,1549,865,316,0,865,0,0,0,1208,1208,100.0,0,0.0,0,0.0,533,257,48.21763602251407,276,51.78236397748592,0,0.0,52,8,3,0,0,0,0,0,0,0,31.238218205293737,1549,1296,0.5164622336991607,0.5164622336991607,18.076178179470624,37.5,0.0,ModelParams,v3,1779217955.7085707,13.0,25.0,20.0,38.46153846153847,19.0,36.53846153846153,0.0,0.0,2.0,66.66666666666666,1.0,33.33333333333333,0.0,0.0,8.0,100.0,0.0,0.0
1,1981,1213,4,0.3297609233305853,0.20161290322580644,0,0,0.0,4,0,33.05853256389118,66.94146743610882,0.0,0,0.0,0,4,0.0,0,100.0,4,0.0,0,0.0,0,1562,894,332,0,894,0,0,0,1251,1251,100.0,0,0.0,0,0.0,545,264,48.440366972477065,281,51.559633027522935,0,0.0,53,9,3,0,0,0,0,0,0,0,31.31370038412292,1562,1306,0.5121638924455826,0.5121638924455826,17.98975672215109,37.5,0.0,ModelParams,v3,1779217955.7085707,13.0,24.528301886792452,21.0,39.62264150943396,19.0,35.84905660377358,0.0,0.0,2.0,66.66666666666666,1.0,33.33333333333333,0.0,0.0,9.0,100.0,0.0,0.0
1,1982,1228,4,0.32573289902280134,0.19880715705765406,0,0,0.0,4,0,33.06188925081433,66.93811074918567,0.0,0,0.0,0,4,0.0,0,100.0,4,0.0,0,0.0,0,1581,924,343,0,924,0,0,0,1292,1292,100.0,0,0.0,0,0.0,565,269,47.61061946902655,296,52.38938053097345,0,0.0,56,9,3,0,0,0,0,0,0,0,31.48134092346616,1581,1325,0.5060088551549652,0.5060088551549652,17.963314358001263,37.5,0.0,ModelParams,v3,1779217955.7085707,14.0,25.0,22.0,39.285714285714285,20.0,35.714285714285715,0.0,0.0,2.0,66.66666666666666,1.0,33.33333333333333,0.0,0.0,9.0,100.0,0.0,0.0
1,1983,1253,4,0.3192338387869114,0.1949317738791423,0,0,0.0,4,0,33.5195530726257,66.4804469273743,0.0,0,0.0,0,4,0.0,0,100.0,4,0.0,0,0.0,0,1605,960,355,0,960,0,0,0,1337,1337,100.0,0,0.0,0,0.0,576,275,47.74305555555556,301,52.25694444444444,0,0.0,57,10,3,0,0,0,0,0,0,0,31.505295950155762,1605,1344,0.4984423676012461,0.4984423676012461,17.819314641744548,37.5,0.0,ModelParams,v3,1779217955.7085707,14.0,24.561403508771928,22.0,38.59649122807017,21.0,36.84210526315789,0.0,0.0,2.0,66.66666666666666,1.0,33.33333333333333,0.0,0.0,10.0,100.0,0.0,0.0
1,1984,1253,4,0.3192338387869114,0.19569471624266144,0,0,0.0,4,0,33.04070231444533,66.95929768555466,0.0,0,0.0,0,4,0.0,0,100.0,4,0.0,0,0.0,0,1605,982,377,0,982,0,0,0,1351,1351,100.0,0,0.0,0,0.0,583,281,48.19897084048028,302,51.80102915951973,0,0.0,58,10,3,0,0,0,0,0,0,0,31.634890965732087,1605,1339,0.4984423676012461,0.4984423676012461,18.006230529595015,37.5,0.0,ModelParams,v3,1779217955.7085707,15.0,25.862068965517242,22.0,37.93103448275862,21.0,36.206896551724135,0.0,0.0,2.0,66.66666666666666,1.0,33.33333333333333,0.0,0.0,10.0,100.0,0.0,0.0
1,1985,1266,4,0.315955766192733,0.1941747572815534,0,0,0.0,4,0,33.175355450236964,66.82464454976304,0.0,0,0.0,0,4,0.0,0,100.0,4,0.0,0,0.0,0,1622,1011,389,0,1011,0,0,0,1407,1407,100.0,0,0.0,0,0.0,603,287,47.59535655058043,316,52.40464344941957,0,0.0,59,10,3,0,0,0,0,0,0,0,31.76202219482121,1622,1350,0.4932182490752158,0.4932182490752158,18.064118372379777,37.5,0.0,ModelParams,v3,1779217955.7085707,15.0,25.423728813559322,22.0,37.28813559322034,22.0,37.28813559322034,0.0,0.0,2.0,66.66666666666666,1.0,33.33333333333333,0.0,0.0,10.0,100.0,0.0,0.0
1,1986,1292,4,0.30959752321981426,0.19011406844106463,0,0,0.0,4,0,33.978328173374614,66.02167182662538,0.0,0,0.0,0,4,0.0,0,100.0,4,0.0,0,0.0,0,1648,1054,406,0,1054,0,0,0,1470,1470,100.0,0,0.0,0,0.0,629,295,46.89984101748807,334,53.10015898251193,0,0.0,60,13,3,0,0,0,0,0,0,0,31.546723300970875,1648,1373,0.48543689320388345,0.48543689320388345,18.021844660194176,37.5,0.0,ModelParams,v3,1779217955.7085707,16.0,26.666666666666668,22.0,36.666666666666664,22.0,36.666666666666664,0.0,0.0,2.0,66.66666666666666,1.0,33.33333333333333,0.0,0.0,13.0,100.0,0.0,0.0
1,1987,1299,5,0.3849114703618168,0.2843601895734597,0,0,0.0,5,0,33.872209391839874,66.12779060816013,0.0,0,0.0,1,4,0.0,0,80.0,4,0.0,0,20.0,1,1663,1080,417,0,1080,0,0,0,1539,1539,100.0,0,0.0,0,0.0,649,305,46.99537750385208,344,53.004622496147924,0,0.0,60,13,3,0,0,0,0,0,0,0,31.868310282621767,1663,1384,0.4810583283223091,0.5411906193625977,17.859290438965726,37.5,0.0,ModelParams,v3,1779217955.7085707,16.0,26.666666666666668,22.0,36.666666666666664,22.0,36.666666666666664,0.0,0.0,2.0,66.66666666666666,1.0,33.33333333333333,0.0,0.0,13.0,100.0,0.0,0.0
1,1988,1307,5,0.3825554705432288,0.28222013170272814,0,0,0.0,5,0,33.817903596021424,66.18209640397858,0.0,0,0.0,1,4,0.0,0,80.0,4,0.0,0,20.0,1,1675,1111,436,0,1111,0,0,0,1609,1609,100.0,0,0.0,0,0.0,680,318,46.76470588235294,362,53.23529411764706,0,0.0,61,14,3,0,0,0,0,0,0,0,31.997014925373133,1675,1392,0.47761194029850745,0.5373134328358209,17.850746268656717,37.5,0.0,ModelParams,v3,1779217955.7085707,17.0,27.86885245901639,22.0,36.0655737704918,22.0,36.0655737704918,0.0,0.0,2.0,66.66666666666666,1.0,33.33333333333333,0.0,0.0,14.0,100.0,0.0,0.0
1,1989,1326,6,0.4524886877828055,0.27932960893854747,1,1,16.666666666666664,5,0,34.087481146304675,65.91251885369532,0.0,0,0.0,2,4,0.0,0,66.66666666666666,4,0.0,0,33.33333333333333,2,1699,1149,450,0,1149,0,0,0,1633,1633,100.0,0,0.0,0,0.0,691,325,47.03328509406657,366,52.96671490593343,0,0.0,63,15,3,0,0,0,0,0,0,0,31.988816951147733,1699,1408,0.5297233666862861,0.5885815185403178,17.951736315479693,44.44444444444444,0.0,ModelParams,v3,1779217955.7085707,17.0,26.984126984126984,24.0,38.095238095238095,22.0,34.92063492063492,0.0,0.0,2.0,66.66666666666666,1.0,33.33333333333333,0.0,0.0,15.0,100.0,0.0,0.0
1,1990,1344,7,0.5208333333333333,0.27522935779816515,2,2,28.57142857142857,5,0,34.30059523809524,65.69940476190477,0.0,0,0.0,2,5,0.0,0,71.42857142857143,5,0.0,0,28.57142857142857,2,1727,1187,460,0,1187,0,0,0,1666,1666,100.0,0,0.0,0,0.0,702,328,46.72364672364672,374,53.27635327635327,0,0.0,64,15,3,0,0,0,0,0,0,0,32.05327156919514,1727,1431,0.5211349160393747,0.6369426751592357,17.718587145338738,55.55555555555556,0.0,ModelParams,v3,1779217955.7085707,18.0,28.125,24.0,37.5,22.0,34.375,0.0,0.0,2.0,66.66666666666666,1.0,33.33333333333333,0.0,0.0,15.0,100.0,0.0,0.0
1,1991,1350,8,0.5925925925925926,0.273972602739726,3,3,37.5,5,0,33.55555555555556,66.44444444444444,0.0,0,0.0,3,5,0.0,0,62.5,5,0.0,0,37.5,3,1737,1209,472,0,1209,0,0,0,1695,1695,100.0,0,0.0,0,0.0,707,330,46.67609618104668,377,53.32390381895332,0,0.0,65,15,3,0,0,0,0,0,0,0,32.39147956246402,1737,1439,0.5181347150259068,0.6332757628094415,17.559009786989062,55.55555555555556,0.0,ModelParams,v3,1779217955.7085707,18.0,27.692307692307693,24.0,36.92307692307693,23.0,35.38461538461539,0.0,0.0,2.0,66.66666666666666,1.0,33.33333333333333,0.0,0.0,15.0,100.0,0.0,0.0
1,1992,1344,8,0.5952380952380952,0.27522935779816515,3,3,37.5,5,0,33.55654761904761,66.44345238095238,0.0,0,0.0,3,5,0.0,0,62.5,5,0.0,0,37.5,3,1748,1230,482,0,1230,0,0,0,1731,1731,100.0,0,0.0,0,0.0,719,338,47.009735744089014,381,52.99026425591099,0,0.0,65,15,3,0,0,0,0,0,0,0,32.7883295194508,1748,1445,0.5148741418764302,0.6292906178489702,17.448512585812356,55.55555555555556,0.0,ModelParams,v3,1779217955.7085707,18.0,27.692307692307693,24.0,36.92307692307693,23.0,35.38461538461539,0.0,0.0,2.0,66.66666666666666,1.0,33.33333333333333,0.0,0.0,15.0,100.0,0.0,0.0
1,1993,1348,8,0.5934718100890208,0.2744739249771272,3,3,37.5,5,0,33.23442136498516,66.76557863501483,0.0,0,0.0,3,5,0.0,0,62.5,5,0.0,0,37.5,3,1758,1259,501,0,1259,0,0,0,1791,1791,100.0,0,0.0,0,0.0,745,347,46.577181208053695,398,53.42281879194631,0,0.0,69,15,4,0,0,0,0,0,0,0,32.87542662116041,1758,1455,0.5119453924914675,0.6257110352673493,17.4061433447099,55.55555555555556,0.0,ModelParams,v3,1779217955.7085707,19.0,27.536231884057973,27.0,39.130434782608695,23.0,33.33333333333333,0.0,0.0,3.0,75.0,1.0,25.0,0.0,0.0,15.0,100.0,0.0,0.0
1,1994,1340,8,0.5970149253731344,0.2762430939226519,3,3,37.5,5,0,32.76119402985075,67.23880597014926,0.0,0,0.0,3,5,0.0,0,62.5,5,0.0,0,37.5,3,1754,1276,522,0,1276,0,0,0,1810,1810,100.0,0,0.0,0,0.0,756,356,47.08994708994709,400,52.910052910052904,0,0.0,69,15,5,0,0,0,0,0,0,0,33.12656784492589,1754,1450,0.5131128848346637,0.6271379703534777,17.388825541619156,55.55555555555556,0.0,ModelParams,v3,1779217955.7085707,19.0,27.536231884057973,27.0,39.130434782608695,23.0,33.33333333333333,0.0,0.0,3.0,60.0,2.0,40.0,0.0,0.0,15.0,100.0,0.0,0.0
1,1995,1329,8,0.601956358164033,0.2785515320334262,3,3,37.5,5,0,32.129420617005266,67.87057938299473,0.0,0,0.0,3,5,0.0,0,62.5,5,0.0,0,37.5,3,1753,1294,541,0,1294,0,0,0,1859,1859,100.0,0,0.0,0,0.0,774,367,47.41602067183462,407,52.58397932816538,0,0.0,71,15,6,0,0,0,0,0,0,0,33.41928123217342,1753,1449,0.5704506560182544,0.6274957216200799,17.17056474614946,50.0,0.0,ModelParams,v3,1779217955.7085707,20.0,28.169014084507044,28.0,39.436619718309856,23.0,32.3943661971831,0.0,0.0,3.0,50.0,3.0,50.0,0.0,0.0,15.0,100.0,0.0,0.0
1,1996,1322,8,0.6051437216338881,0.2803738317757009,4,4,50.0,4,0,31.316187594553707,68.6838124054463,0.0,0,0.0,3,5,0.0,0,62.5,5,0.0,0,37.5,3,1757,1310,553,0,1310,0,0,0,1869,1869,100.0,0,0.0,0,0.0,778,369,47.429305912596405,409,52.5706940874036,0,0.0,72,15,7,0,0,0,0,0,0,0,33.93454752418896,1757,1450,0.6260671599317018,0.6260671599317018,17.245304496300513,54.54545454545454,0.0,ModelParams,v3,1779217955.7085707,20.0,27.77777777777778,29.0,40.27777777777778,23.0,31.944444444444443,0.0,0.0,4.0,57.14285714285714,3.0,42.857142857142854,0.0,0.0,15.0,100.0,0.0,0.0
1,1997,1317,8,0.6074411541381929,0.28328611898017,5,5,62.5,3,0,30.751708428246015,69.24829157175398,0.0,0,0.0,3,5,0.0,0,62.5,5,0.0,0,37.5,3,1764,1332,568,0,1332,0,0,0,1914,1914,100.0,0,0.0,0,0.0,795,373,46.918238993710695,422,53.081761006289305,0,0.0,73,15,8,0,0,0,0,0,0,0,34.301587301587304,1764,1455,0.6802721088435374,0.6235827664399093,17.12018140589569,58.333333333333336,0.0,ModelParams,v3,1779217955.7085707,21.0,28.767123287671232,29.0,39.726027397260275,23.0,31.506849315068493,0.0,0.0,4.0,50.0,4.0,50.0,0.0,0.0,15.0,100.0,0.0,0.0
1,1998,1316,8,0.60790273556231,0.2843601895734597,5,5,62.5,3,0,29.78723404255319,70.2127659574468,0.0,0,0.0,3,5,0.0,0,62.5,5,0.0,0,37.5,3,1767,1354,587,0,1354,0,0,0,2000,2000,100.0,0,0.0,0,0.0,824,385,46.72330097087379,439,53.27669902912622,0,0.0,75,15,10,0,0,0,0,0,0,0,34.52405206564799,1767,1455,0.6791171477079796,0.5659309564233164,17.091114883984154,50.0,0.0,ModelParams,v3,1779217955.7085707,21.0,28.000000000000004,31.0,41.333333333333336,23.0,30.666666666666664,0.0,0.0,4.0,40.0,6.0,60.0,0.0,0.0,15.0,100.0,0.0,0.0
1,1999,1314,8,0.60882800608828,0.2857142857142857,6,6,75.0,2,0,29.604261796042618,70.39573820395738,0.0,0,0.0,3,5,0.0,0,62.5,5,0.0,0,37.5,3,1765,1373,608,0,1373,0,0,0,2010,2010,100.0,0,0.0,0,0.0,833,388,46.578631452581035,445,53.421368547418965,0,0.0,75,15,10,0,0,0,0,0,0,0,34.738810198300285,1765,1447,0.6798866855524079,0.56657223796034,16.940509915014164,58.333333333333336,0.0,ModelParams,v3,1779217955.7085707,21.0,28.000000000000004,31.0,41.333333333333336,23.0,30.666666666666664,0.0,0.0,4.0,40.0,6.0,60.0,0.0,0.0,15.0,100.0,0.0,0.0
1,2000,1311,8,0.6102212051868803,0.28680688336520077,7,7,87.5,1,0,29.061784897025174,70.93821510297484,0.0,0,0.0,3,5,0.0,0,62.5,5,0.0,0,37.5,3,1769,1394,625,0,1394,0,0,0,2024,2024,100.0,0,0.0,0,0.0,840,393,46.785714285714285,447,53.214285714285715,0,0.0,75,15,10,0,0,0,0,0,0,0,34.99660825325042,1769,1449,0.6783493499152063,0.5087620124364047,16.902204635387225,66.66666666666666,0.0,ModelParams,v3,1779217955.7085707,21.0,28.000000000000004,31.0,41.333333333333336,23.0,30.666666666666664,0.0,0.0,4.0,40.0,6.0,60.0,0.0,0.0,15.0,100.0,0.0,0.0
1,2001,1303,7,0.5372217958557176,0.2884615384615385,6,6,85.71428571428571,1,0,26.93783576362241,73.0621642363776,0.0,0,0.0,3,4,0.0,0,57.14285714285714,4,0.0,0,42.857142857142854,3,1764,1408,644,0,1408,0,0,0,2086,2086,100.0,0,0.0,0,0.0,868,403,46.42857142857143,465,53.57142857142857,0,0.0,76,15,11,0,0,0,0,0,0,0,35.37244897959184,1764,1441,0.6802721088435374,0.5102040816326531,16.780045351473923,66.66666666666666,0.0,ModelParams,v3,1779217955.7085707,21.0,27.631578947368425,32.0,42.10526315789473,23.0,30.263157894736842,0.0,0.0,4.0,36.36363636363637,7.0,63.63636363636363,0.0,0.0,15.0,100.0,0.0,0.0
1,2002,1287,7,0.5439005439005439,0.29239766081871343,6,6,85.71428571428571,1,0,25.951825951825953,74.04817404817405,0.0,0,0.0,3,4,0.0,0,57.14285714285714,4,0.0,0,42.857142857142854,3,1757,1415,658,0,1415,0,0,0,2107,2107,100.0,0,0.0,0,0.0,872,404,46.330275229357795,468,53.669724770642205,0,0.0,77,15,11,0,0,0,0,0,0,0,35.90665907797382,1757,1437,0.6829823562891292,0.512236767216847,16.789982925441095,66.66666666666666,0.0,ModelParams,v3,1779217955.7085707,21.0,27.27272727272727,32.0,41.55844155844156,24.0,31.16883116883117,0.0,0.0,4.0,36.36363636363637,7.0,63.63636363636363,0.0,0.0,15.0,100.0,0.0,0.0
1,2003,1270,6,0.47244094488188976,0.2952755905511811,6,6,100.0,0,0,25.196850393700785,74.80314960629921,0.0,0,0.0,2,4,0.0,0,66.66666666666666,4,0.0,0,33.33333333333333,2,1758,1432,674,0,1432,0,0,0,2129,2129,100.0,0,0.0,0,0.0,880,408,46.36363636363636,472,53.63636363636364,0,0.0,77,15,11,0,0,0,0,0,0,0,36.29977246871445,1758,1435,0.6825938566552902,0.5119453924914675,16.666666666666664,66.66666666666666,0.0,ModelParams,v3,1779217955.7085707,21.0,27.27272727272727,32.0,41.55844155844156,24.0,31.16883116883117,0.0,0.0,4.0,36.36363636363637,7.0,63.63636363636363,0.0,0.0,15.0,100.0,0.0,0.0
1,2004,1253,6,0.4788507581803671,0.2997002997002997,5,5,83.33333333333334,1,0,24.102154828411813,75.89784517158819,0.0,0,0.0,3,3,0.0,0,50.0,3,0.0,0,50.0,3,1760,1452,692,0,1452,0,0,0,2158,2158,100.0,0,0.0,0,0.0,895,416,46.4804469273743,479,53.519553072625705,0,0.0,78,16,11,0,0,0,0,0,0,0,36.50625,1760,1433,0.6818181818181818,0.5681818181818182,16.363636363636363,66.66666666666666,0.0,ModelParams,v3,1779217955.7085707,21.0,26.923076923076923,33.0,42.30769230769231,24.0,30.76923076923077,0.0,0.0,4.0,36.36363636363637,7.0,63.63636363636363,0.0,0.0,16.0,100.0,0.0,0.0
1,2005,1233,6,0.48661800486618007,0.3045685279187817,5,5,83.33333333333334,1,0,22.7088402270884,77.2911597729116,0.0,0,0.0,3,3,0.0,0,50.0,3,0.0,0,50.0,3,1755,1467,712,0,1467,0,0,0,2182,2182,100.0,0,0.0,0,0.0,900,419,46.55555555555556,481,53.44444444444445,0,0.0,78,16,11,0,0,0,0,0,0,0,36.80398860398861,1755,1428,0.6837606837606838,0.5698005698005698,16.353276353276353,66.66666666666666,0.0,ModelParams,v3,1779217955.7085707,21.0,26.923076923076923,33.0,42.30769230769231,24.0,30.76923076923077,0.0,0.0,4.0,36.36363636363637,7.0,63.63636363636363,0.0,0.0,16.0,100.0,0.0,0.0
1,2006,1223,6,0.49059689288634506,0.3067484662576687,5,5,83.33333333333334,1,0,22.812755519215045,77.18724448078495,0.0,0,0.0,3,3,0.0,0,50.0,3,0.0,0,50.0,3,1761,1488,727,0,1488,0,0,0,2203,2203,100.0,0,0.0,0,0.0,910,423,46.48351648351648,487,53.51648351648352,0,0.0,80,16,11,0,0,0,0,0,0,0,37.02328222600795,1761,1428,0.7950028392958546,0.5678591709256104,16.297558205565018,64.28571428571429,0.0,ModelParams,v3,1779217955.7085707,21.0,26.25,35.0,43.75,24.0,30.0,0.0,0.0,4.0,36.36363636363637,7.0,63.63636363636363,0.0,0.0,16.0,100.0,0.0,0.0
1,2007,1204,5,0.41528239202657813,0.31185031185031187,4,4,80.0,1,0,22.92358803986711,77.0764119601329,0.0,0,0.0,3,2,0.0,0,40.0,2,0.0,0,60.0,3,1759,1506,747,0,1506,0,0,0,2257,2257,100.0,0,0.0,0,0.0,927,431,46.4940668824164,496,53.5059331175836,0,0.0,80,16,11,0,0,0,0,0,0,0,37.38601478112564,1759,1423,0.7959067652075044,0.5685048322910745,16.372939169982946,64.28571428571429,0.0,ModelParams,v3,1779217955.7085707,21.0,26.25,35.0,43.75,24.0,30.0,0.0,0.0,4.0,36.36363636363637,7.0,63.63636363636363,0.0,0.0,16.0,100.0,0.0,0.0
1,2008,1191,5,0.41981528127623846,0.3157894736842105,5,5,100.0,0,0,22.50209907640638,77.49790092359362,0.0,0,0.0,3,2,0.0,0,40.0,2,0.0,0,60.0,3,1763,1527,764,0,1527,0,0,0,2272,2272,100.0,0,0.0,0,0.0,933,433,46.40943193997856,500,53.59056806002144,0,0.0,80,16,11,0,0,0,0,0,0,0,37.624503686897334,1763,1423,0.7941009642654565,0.5672149744753261,16.335791264889394,71.42857142857143,0.0,ModelParams,v3,1779217955.7085707,21.0,26.25,35.0,43.75,24.0,30.0,0.0,0.0,4.0,36.36363636363637,7.0,63.63636363636363,0.0,0.0,16.0,100.0,0.0,0.0
1,2009,1185,5,0.42194092827004215,0.3171247357293869,5,5,100.0,0,0,22.953586497890296,77.0464135021097,0.0,0,0.0,3,2,0.0,0,40.0,2,0.0,0,60.0,3,1766,1548,782,0,1548,0,0,0,2305,2305,100.0,0,0.0,0,0.0,942,437,46.390658174097666,505,53.609341825902334,0,0.0,81,16,11,0,0,0,0,0,0,0,37.80407701019253,1766,1425,0.7927519818799547,0.5662514156285391,16.308040770101925,71.42857142857143,0.0,ModelParams,v3,1779217955.7085707,21.0,25.925925925925924,36.0,44.44444444444444,24.0,29.629629629629626,0.0,0.0,4.0,36.36363636363637,7.0,63.63636363636363,0.0,0.0,16.0,100.0,0.0,0.0
1,2010,1184,5,0.4222972972972973,0.3181336161187699,5,5,100.0,0,0,23.05743243243243,76.94256756756756,0.0,0,0.0,3,2,0.0,0,40.0,2,0.0,0,60.0,3,1756,1567,811,0,1567,0,0,0,2332,2332,100.0,0,0.0,0,0.0,951,437,45.95162986330178,514,54.04837013669821,0,0.0,82,16,11,0,0,0,0,0,0,0,37.880979498861045,1756,1419,0.7972665148063782,0.5694760820045558,16.287015945330296,71.42857142857143,13.55353075170843,ModelParams,v3,1779217955.7085707,22.0,26.82926829268293,36.0,43.90243902439025,24.0,29.268292682926827,0.0,0.0,4.0,36.36363636363637,7.0,63.63636363636363,0.0,0.0,16.0,100.0,0.0,0.0
1,2011,1174,5,0.42589437819420783,0.3194888178913738,5,5,100.0,0,0,23.339011925042588,76.66098807495742,0.0,0,0.0,3,2,0.0,0,40.0,2,0.0,0,60.0,3,1747,1585,838,0,1585,0,0,0,2349,2349,100.0,0,0.0,0,0.0,952,437,45.903361344537814,515,54.09663865546218,0,0.0,82,16,11,0,0,0,0,0,0,0,37.98511734401832,1747,1413,0.8013737836290785,0.5724098454493417,16.141957641671436,71.42857142857143,23.010875787063537,ModelParams,v3,1779217955.7085707,22.0,26.82926829268293,36.0,43.90243902439025,24.0,29.268292682926827,0.0,0.0,4.0,36.36363636363637,7.0,63.63636363636363,0.0,0.0,16.0,100.0,0.0,0.0
1,2012,1168,5,0.4280821917808219,0.32017075773745995,5,5,100.0,0,0,23.03082191780822,76.96917808219177,0.0,0,0.0,3,2,0.0,0,40.0,2,0.0,0,60.0,3,1746,1603,857,0,1603,0,0,0,2369,2369,100.0,0,0.0,0,0.0,961,442,45.99375650364204,519,54.00624349635797,0,0.0,82,17,11,0,0,0,0,0,0,0,38.27205040091638,1746,1412,0.7445589919816723,0.5154639175257731,16.323024054982817,69.23076923076923,29.782359679266897,ModelParams,v3,1779217955.7085707,22.0,26.82926829268293,36.0,43.90243902439025,24.0,29.268292682926827,0.0,0.0,4.0,36.36363636363637,7.0,63.63636363636363,0.0,0.0,17.0,100.0,0.0,0.0
1,2013,1172,6,0.5119453924914675,0.42283298097251587,5,5,83.33333333333334,1,0,23.12286689419795,76.87713310580205,0.0,0,0.0,4,2,0.0,0,33.33333333333333,2,0.0,0,66.66666666666666,4,1747,1627,880,0,1627,0,0,0,2388,2388,100.0,0,0.0,0,0.0,966,445,46.06625258799172,521,53.93374741200828,0,0.0,82,17,11,0,0,0,0,0,0,0,38.3062392673154,1747,1414,0.7441327990841442,0.5724098454493417,16.199198626216372,69.23076923076923,34.40183171150544,ModelParams,v3,1779217955.7085707,22.0,26.82926829268293,36.0,43.90243902439025,24.0,29.268292682926827,0.0,0.0,4.0,36.36363636363637,7.0,63.63636363636363,0.0,0.0,17.0,100.0,0.0,0.0
1,2014,1159,6,0.5176876617773942,0.4287245444801715,6,6,100.0,0,0,23.382226056945644,76.61777394305436,0.0,0,0.0,4,2,0.0,0,33.33333333333333,2,0.0,0,66.66666666666666,4,1749,1645,896,0,1645,0,0,0,2398,2398,100.0,0,0.0,0,0.0,973,450,46.24871531346352,523,53.75128468653648,0,0.0,83,17,11,0,0,0,0,0,0,0,38.61463693539165,1749,1415,0.7432818753573471,0.5717552887364208,16.295025728987994,76.92307692307693,37.735849056603776,ModelParams,v3,1779217955.7085707,22.0,26.506024096385545,37.0,44.57831325301205,24.0,28.915662650602407,0.0,0.0,4.0,36.36363636363637,7.0,63.63636363636363,0.0,0.0,17.0,100.0,0.0,0.0
1,2015,1139,6,0.5267778753292361,0.43620501635768816,6,6,100.0,0,0,22.8270412642669,77.1729587357331,0.0,0,0.0,4,2,0.0,0,33.33333333333333,2,0.0,0,66.66666666666666,4,1742,1655,913,0,1655,0,0,0,2406,2406,100.0,0,0.0,0,0.0,974,450,46.201232032854215,524,53.798767967145785,0,0.0,84,17,11,0,0,0,0,0,0,0,39.14580941446613,1742,1410,0.7462686567164178,0.5740528128587831,16.24569460390356,76.92307692307693,40.52812858783008,ModelParams,v3,1779217955.7085707,22.0,26.190476190476193,37.0,44.047619047619044,25.0,29.761904761904763,0.0,0.0,4.0,36.36363636363637,7.0,63.63636363636363,0.0,0.0,17.0,100.0,0.0,0.0
1,2016,1133,6,0.529567519858782,0.43668122270742354,6,6,100.0,0,0,23.036187113857018,76.96381288614297,0.0,0,0.0,4,2,0.0,0,33.33333333333333,2,0.0,0,66.66666666666666,4,1728,1671,943,0,1671,0,0,0,2436,2436,100.0,0,0.0,0,0.0,995,460,46.231155778894475,535,53.768844221105525,0,0.0,85,18,11,0,0,0,0,0,0,0,39.30555555555556,1728,1399,0.7523148148148148,0.5787037037037037,16.145833333333336,76.92307692307693,42.88194444444444,ModelParams,v3,1779217955.7085707,22.0,25.882352941176475,38.0,44.70588235294118,25.0,29.411764705882355,0.0,0.0,4.0,36.36363636363637,7.0,63.63636363636363,0.0,0.0,18.0,100.0,0.0,0.0
1,2017,1128,6,0.5319148936170213,0.43811610076670315,6,6,100.0,0,1,24.379432624113477,75.62056737588652,0.0,0,0.0,4,2,0.0,0,33.33333333333333,2,0.0,0,66.66666666666666,4,1728,1693,965,1,1693,0,0,0,2451,2451,100.0,0,0.0,0,0.0,999,461,46.146146146146144,538,53.85385385385385,0,0.0,88,19,11,0,0,0,0,0,0,0,39.529513888888886,1728,1401,0.7523148148148148,0.5787037037037037,16.203703703703702,76.92307692307693,44.386574074074076,ModelParams,v3,1779217955.7085707,23.0,26.136363636363637,40.0,45.45454545454545,25.0,28.40909090909091,0.0,0.0,4.0,36.36363636363637,7.0,63.63636363636363,0.0,0.0,19.0,100.0,0.0,0.0
1,2018,1125,7,0.6222222222222222,0.5470459518599562,7,7,100.0,0,1,24.444444444444443,75.55555555555556,0.0,0,0.0,5,2,0.0,0,28.57142857142857,2,0.0,0,71.42857142857143,5,1726,1710,984,1,1710,0,0,0,2497,2497,100.0,0,0.0,0,0.0,1017,467,45.919370698131765,550,54.08062930186824,0,0.0,88,19,11,0,0,0,0,0,0,0,39.77404403244496,1726,1403,0.7531865585168018,0.6373117033603708,16.0486674391657,84.61538461538461,45.886442641946694,ModelParams,v3,1779217955.7085707,23.0,26.136363636363637,40.0,45.45454545454545,25.0,28.40909090909091,0.0,0.0,4.0,36.36363636363637,7.0,63.63636363636363,0.0,0.0,19.0,100.0,0.0,0.0
1,2019,1114,7,0.6283662477558348,0.5494505494505495,7,7,100.0,0,2,24.416517055655294,75.58348294434471,0.0,0,0.0,5,2,0.0,0,28.57142857142857,2,0.0,0,71.42857142857143,5,1724,1727,1003,2,1727,0,0,0,2560,2560,100.0,0,0.0,0,0.0,1031,475,46.071774975751694,556,53.9282250242483,0,0.0,92,21,11,0,0,0,0,0,0,0,40.066705336426914,1724,1406,0.7540603248259861,0.6380510440835266,15.951276102088165,84.61538461538461,47.04176334106728,ModelParams,v3,1779217955.7085707,24.0,26.08695652173913,42.0,45.65217391304348,26.0,28.26086956521739,0.0,0.0,4.0,36.36363636363637,7.0,63.63636363636363,0.0,0.0,21.0,100.0,0.0,0.0
1,2020,1105,6,0.5429864253393665,0.5512679162072767,5,5,83.33333333333334,1,3,24.79638009049774,75.20361990950227,0.0,1,0.09049773755656108,4,1,16.666666666666664,1,16.666666666666664,1,0.0,0,66.66666666666666,4,1710,1744,1034,3,1744,0,0,0,2573,2573,100.0,0,0.0,0,0.0,1034,477,46.131528046421664,557,53.868471953578336,0,0.0,94,21,11,0,0,0,0,0,0,0,40.15906432748538,1710,1399,0.7602339181286549,0.7017543859649122,15.964912280701753,84.61538461538461,48.30409356725146,ModelParams,v3,1779217955.7085707,25.0,26.595744680851062,42.0,44.680851063829785,27.0,28.723404255319153,0.0,0.0,4.0,36.36363636363637,7.0,63.63636363636363,0.0,0.0,21.0,100.0,0.0,0.0
1,2021,1102,6,0.5444646098003629,0.5524861878453038,6,6,100.0,0,3,24.863883847549907,75.1361161524501,0.0,1,0.09074410163339383,4,1,16.666666666666664,1,16.666666666666664,1,0.0,0,66.66666666666666,4,1699,1765,1066,3,1765,0,0,0,2589,2589,100.0,0,0.0,0,0.0,1038,481,46.33911368015414,557,53.66088631984586,0,0.0,94,22,11,0,0,0,0,0,0,0,40.14655679811654,1699,1392,0.7062978222483813,0.6474396703943496,15.832842848734549,91.66666666666666,49.32313125367864,ModelParams,v3,1779217955.7085707,25.0,26.595744680851062,42.0,44.680851063829785,27.0,28.723404255319153,0.0,0.0,4.0,36.36363636363637,7.0,63.63636363636363,0.0,0.0,22.0,100.0,0.0,0.0
1,2022,1095,6,0.547945205479452,0.5574136008918618,6,6,100.0,0,3,24.840182648401825,75.15981735159816,0.0,1,0.091324200913242,4,1,16.666666666666664,1,16.666666666666664,1,0.0,0,66.66666666666666,4,1697,1782,1085,3,1782,0,0,0,2615,2615,100.0,0,0.0,0,0.0,1044,484,46.36015325670498,560,53.63984674329502,0,0.0,94,23,11,0,0,0,0,0,0,0,40.48202710665881,1697,1390,0.7071302298173248,0.648202710665881,15.556865055981142,91.66666666666666,49.97053624042428,ModelParams,v3,1779217955.7085707,25.0,26.595744680851062,42.0,44.680851063829785,27.0,28.723404255319153,0.0,0.0,4.0,36.36363636363637,7.0,63.63636363636363,0.0,0.0,23.0,100.0,0.0,0.0
1,2023,1082,6,0.5545286506469501,0.5605381165919282,6,6,100.0,0,3,24.76894639556377,75.23105360443623,0.0,1,0.09242144177449169,4,1,16.666666666666664,1,16.666666666666664,1,0.0,0,66.66666666666666,4,1695,1798,1103,3,1798,0,0,0,2628,2628,100.0,0,0.0,0,0.0,1045,484,46.31578947368421,561,53.68421052631579,0,0.0,95,24,11,0,0,0,0,0,0,0,40.75221238938053,1695,1389,0.7079646017699115,0.6489675516224189,15.575221238938052,91.66666666666666,50.85545722713864,ModelParams,v3,1779217955.7085707,25.0,26.31578947368421,43.0,45.26315789473684,27.0,28.421052631578945,0.0,0.0,4.0,36.36363636363637,7.0,63.63636363636363,0.0,0.0,24.0,100.0,0.0,0.0
1,2024,1069,6,0.5612722170252572,0.5643340857787811,6,6,100.0,0,3,24.415341440598688,75.5846585594013,0.0,1,0.09354536950420954,4,1,16.666666666666664,1,16.666666666666664,1,0.0,0,66.66666666666666,4,1685,1812,1127,3,1812,0,0,0,2644,2644,100.0,0,0.0,0,0.0,1054,487,46.20493358633776,567,53.79506641366224,0,0.0,95,25,11,0,0,0,0,0,0,0,40.95608308605341,1685,1383,0.7121661721068249,0.6528189910979229,15.43026706231454,91.66666666666666,51.92878338278932,ModelParams,v3,1779217955.7085707,25.0,26.31578947368421,43.0,45.26315789473684,27.0,28.421052631578945,0.0,0.0,4.0,36.36363636363637,7.0,63.63636363636363,0.0,0.0,25.0,100.0,0.0,0.0
1,2025,1050,6,0.5714285714285714,0.5773672055427251,6,6,100.0,0,3,24.19047619047619,75.80952380952381,0.0,1,0.09523809523809523,4,1,16.666666666666664,1,16.666666666666664,1,0.0,0,66.66666666666666,4,1671,1824,1153,3,1824,0,0,0,2662,2662,100.0,0,0.0,0,0.0,1061,491,46.27709707822809,570,53.72290292177191,0,0.0,96,25,11,0,0,0,0,0,0,0,41.33991621783363,1671,1369,0.718132854578097,0.6582884500299222,15.320167564332735,91.66666666666666,52.66307600239377,ModelParams,v3,1779217955.7085707,26.0,27.083333333333332,43.0,44.79166666666667,27.0,28.125,0.0,0.0,4.0,36.36363636363637,7.0,63.63636363636363,0.0,0.0,25.0,100.0,0.0,0.0
1,2026,1032,6,0.5813953488372093,0.5861664712778429,6,6,100.0,0,3,24.321705426356587,75.67829457364341,0.0,1,0.09689922480620156,4,1,16.666666666666664,1,16.666666666666664,1,0.0,0,66.66666666666666,4,1656,1838,1182,3,1838,0,0,0,2671,2671,100.0,0,0.0,0,0.0,1064,492,46.2406015037594,572,53.75939849624061,0,0.0,96,27,11,0,0,0,0,0,0,0,41.4987922705314,1656,1359,0.7246376811594203,0.6642512077294686,15.39855072463768,91.66666666666666,53.80434782608695,ModelParams,v3,1779217955.7085707,26.0,27.083333333333332,43.0,44.79166666666667,27.0,28.125,0.0,0.0,4.0,36.36363636363637,7.0,63.63636363636363,0.0,0.0,27.0,100.0,0.0,0.0
1,2027,1026,5,0.4873294346978557,0.47114252061248524,5,5,100.0,0,3,24.463937621832358,75.53606237816764,0.0,1,0.09746588693957114,3,1,20.0,1,20.0,1,0.0,0,60.0,3,1650,1855,1205,3,1855,0,0,0,2685,2685,100.0,0,0.0,0,0.0,1067,494,46.29803186504217,573,53.70196813495782,0,0.0,96,27,11,0,0,0,0,0,0,0,41.63333333333333,1650,1355,0.7272727272727273,0.6666666666666667,15.515151515151516,91.66666666666666,54.848484848484844,ModelParams,v3,1779217955.7085707,26.0,27.083333333333332,43.0,44.79166666666667,27.0,28.125,0.0,0.0,4.0,36.36363636363637,7.0,63.63636363636363,0.0,0.0,27.0,100.0,0.0,0.0
1,2028,1016,5,0.4921259842519685,0.47562425683709864,5,5,100.0,0,3,23.917322834645667,76.08267716535433,0.0,1,0.09842519685039369,3,1,20.0,1,20.0,1,0.0,0,60.0,3,1641,1871,1230,3,1871,0,0,0,2695,2695,100.0,0,0.0,0,0.0,1069,496,46.39850327408793,573,53.60149672591207,0,0.0,98,29,11,0,0,0,0,0,0,0,41.75990249847654,1641,1348,0.7312614259597806,0.6703229737964655,15.843997562461915,91.66666666666666,55.819622181596586,ModelParams,v3,1779217955.7085707,26.0,26.53061224489796,44.0,44.89795918367347,28.0,28.57142857142857,0.0,0.0,4.0,36.36363636363637,7.0,63.63636363636363,0.0,0.0,29.0,100.0,0.0,0.0
1,2029,1002,4,0.39920159680638717,0.3614457831325301,4,4,100.0,0,3,23.55289421157685,76.44710578842316,0.0,1,0.09980039920159679,2,1,25.0,1,25.0,1,0.0,0,50.0,2,1635,1883,1248,3,1883,0,0,0,2714,2714,100.0,0,0.0,0,0.0,1072,498,46.45522388059701,574,53.54477611940298,0,0.0,98,29,11,0,0,0,0,0,0,0,42.124159021406726,1635,1346,0.7339449541284404,0.672782874617737,15.84097859327217,91.66666666666666,57.00305810397553,ModelParams,v3,1779217955.7085707,26.0,26.53061224489796,44.0,44.89795918367347,28.0,28.57142857142857,0.0,0.0,4.0,36.36363636363637,7.0,63.63636363636363,0.0,0.0,29.0,100.0,0.0,0.0
1,2030,986,4,0.4056795131845842,0.3663003663003663,4,4,100.0,0,3,24.442190669371197,75.5578093306288,0.0,1,0.10141987829614604,2,1,25.0,1,25.0,1,0.0,0,50.0,2,1632,1898,1266,3,1898,0,0,0,2724,2724,100.0,0,0.0,0,0.0,1075,501,46.6046511627907,574,53.3953488372093,0,0.0,100,29,11,0,0,0,0,0,0,0,42.42218137254902,1632,1348,0.7352941176470588,0.6740196078431373,15.931372549019606,91.66666666666666,58.149509803921575,ModelParams,v3,1779217955.7085707,26.0,26.0,46.0,46.0,28.0,28.000000000000004,0.0,0.0,4.0,36.36363636363637,7.0,63.63636363636363,0.0,0.0,29.0,100.0,0.0,0.0
1,2031,962,4,0.4158004158004158,0.3778337531486146,4,4,100.0,0,3,24.42827442827443,75.57172557172557,0.0,1,0.10395010395010396,2,1,25.0,1,25.0,1,0.0,0,50.0,2,1602,1909,1307,3,1909,0,0,0,2733,2733,100.0,0,0.0,0,0.0,1076,502,46.6542750929368,574,53.3457249070632,0,0.0,100,30,11,0,0,0,0,0,0,0,42.51123595505618,1602,1318,0.7490636704119851,0.686641697877653,15.85518102372035,91.66666666666666,59.737827715355806,ModelParams,v3,1779217955.7085707,26.0,26.0,46.0,46.0,28.0,28.000000000000004,0.0,0.0,4.0,36.36363636363637,7.0,63.63636363636363,0.0,0.0,30.0,100.0,0.0,0.0
1,2032,954,4,0.41928721174004197,0.38022813688212925,4,4,100.0,0,3,24.423480083857445,75.57651991614256,0.0,1,0.10482180293501049,2,1,25.0,1,25.0,1,0.0,0,50.0,2,1593,1929,1336,3,1929,0,0,0,2753,2753,100.0,0,0.0,0,0.0,1089,508,46.648301193755735,581,53.351698806244265,0,0.0,100,30,11,0,0,0,0,0,0,0,42.40803515379787,1593,1314,0.7532956685499058,0.6905210295040803,15.819209039548024,91.66666666666666,60.954174513496554,ModelParams,v3,1779217955.7085707,26.0,26.0,46.0,46.0,28.0,28.000000000000004,0.0,0.0,4.0,36.36363636363637,7.0,63.63636363636363,0.0,0.0,30.0,100.0,0.0,0.0
1,2033,935,4,0.42780748663101603,0.38961038961038963,4,4,100.0,0,3,24.385026737967912,75.61497326203208,0.0,1,0.10695187165775401,2,1,25.0,1,25.0,1,0.0,0,50.0,2,1581,1940,1359,3,1940,0,0,0,2760,2760,100.0,0,0.0,0,0.0,1092,508,46.52014652014652,584,53.47985347985348,0,0.0,101,30,11,0,0,0,0,0,0,0,42.617963314358,1581,1298,0.7590132827324478,0.6957621758380772,15.686274509803921,91.66666666666666,62.428842504743834,ModelParams,v3,1779217955.7085707,26.0,25.742574257425744,47.0,46.53465346534654,28.0,27.722772277227726,0.0,0.0,4.0,36.36363636363637,7.0,63.63636363636363,0.0,0.0,30.0,100.0,0.0,0.0
1,2034,926,4,0.4319654427645789,0.39164490861618795,4,4,100.0,0,3,24.08207343412527,75.91792656587472,0.0,1,0.10799136069114472,2,1,25.0,1,25.0,1,0.0,0,50.0,2,1568,1951,1383,3,1951,0,0,0,2783,2783,100.0,0,0.0,0,0.0,1100,513,46.63636363636364,587,53.36363636363637,0,0.0,101,31,11,0,0,0,0,0,0,0,42.85204081632653,1568,1288,0.701530612244898,0.6377551020408163,15.688775510204081,90.9090909090909,63.64795918367348,ModelParams,v3,1779217955.7085707,26.0,25.742574257425744,47.0,46.53465346534654,28.0,27.722772277227726,0.0,0.0,4.0,36.36363636363637,7.0,63.63636363636363,0.0,0.0,31.0,100.0,0.0,0.0
1,2035,913,4,0.43811610076670315,0.3978779840848806,4,4,100.0,0,3,24.31544359255203,75.68455640744799,0.0,1,0.10952902519167579,2,1,25.0,1,25.0,1,0.0,0,50.0,2,1554,1967,1413,3,1967,0,0,0,2794,2794,100.0,0,0.0,0,0.0,1104,515,46.64855072463768,589,53.35144927536232,0,0.0,101,32,11,0,0,0,0,0,0,0,42.85070785070785,1554,1277,0.7078507078507079,0.6435006435006435,15.637065637065636,90.9090909090909,64.67181467181467,ModelParams,v3,1779217955.7085707,26.0,25.742574257425744,47.0,46.53465346534654,28.0,27.722772277227726,0.0,0.0,4.0,36.36363636363637,7.0,63.63636363636363,0.0,0.0,32.0,100.0,0.0,0.0
1,2036,875,4,0.4571428571428572,0.41551246537396125,4,4,100.0,0,3,23.771428571428572,76.22857142857143,0.0,1,0.1142857142857143,2,1,25.0,1,25.0,1,0.0,0,50.0,2,1528,1974,1446,3,1974,0,0,0,2803,2803,100.0,0,0.0,0,0.0,1108,518,46.75090252707581,590,53.24909747292419,0,0.0,101,32,11,0,0,0,0,0,0,0,42.99476439790576,1528,1261,0.5890052356020943,0.5235602094240838,15.706806282722512,88.88888888888889,66.36125654450262,ModelParams,v3,1779217955.7085707,26.0,25.742574257425744,47.0,46.53465346534654,28.0,27.722772277227726,0.0,0.0,4.0,36.36363636363637,7.0,63.63636363636363,0.0,0.0,32.0,100.0,0.0,0.0
1,2037,864,4,0.4629629629629629,0.42194092827004215,4,4,100.0,0,3,23.84259259259259,76.1574074074074,0.0,1,0.11574074074074073,2,1,25.0,1,25.0,1,0.0,0,50.0,2,1516,1989,1473,3,1989,0,0,0,2820,2820,100.0,0,0.0,0,0.0,1112,519,46.672661870503596,593,53.327338129496404,0,0.0,101,32,11,0,0,0,0,0,0,0,43.13456464379947,1516,1249,0.5936675461741424,0.5277044854881267,15.633245382585754,88.88888888888889,67.41424802110818,ModelParams,v3,1779217955.7085707,26.0,25.742574257425744,47.0,46.53465346534654,28.0,27.722772277227726,0.0,0.0,4.0,36.36363636363637,7.0,63.63636363636363,0.0,0.0,32.0,100.0,0.0,0.0
1,2038,840,4,0.4761904761904762,0.4329004329004329,4,4,100.0,0,3,23.57142857142857,76.42857142857142,0.0,1,0.11904761904761905,2,1,25.0,1,25.0,1,0.0,0,50.0,2,1491,1998,1507,3,1998,0,0,0,2844,2844,100.0,0,0.0,0,0.0,1121,521,46.47636039250669,600,53.52363960749331,0,0.0,101,32,11,0,0,0,0,0,0,0,43.347417840375584,1491,1228,0.6036217303822937,0.5365526492287056,15.761234071093225,88.88888888888889,68.41046277665997,ModelParams,v3,1779217955.7085707,26.0,25.742574257425744,47.0,46.53465346534654,28.0,27.722772277227726,0.0,0.0,4.0,36.36363636363637,7.0,63.63636363636363,0.0,0.0,32.0,100.0,0.0,0.0
1,2039,810,3,0.3703703703703704,0.45045045045045046,3,3,100.0,0,3,23.950617283950617,76.04938271604938,0.0,1,0.12345679012345678,2,0,33.33333333333333,1,0.0,0,0.0,0,66.66666666666666,2,1470,2009,1539,3,2009,0,0,0,2852,2852,100.0,0,0.0,0,0.0,1124,523,46.530249110320284,601,53.469750889679716,0,0.0,101,32,11,0,0,0,0,0,0,0,43.46258503401361,1470,1209,0.6122448979591837,0.5442176870748299,15.646258503401361,88.88888888888889,69.45578231292518,ModelParams,v3,1779217955.7085707,26.0,25.742574257425744,47.0,46.53465346534654,28.0,27.722772277227726,0.0,0.0,4.0,36.36363636363637,7.0,63.63636363636363,0.0,0.0,32.0,100.0,0.0,0.0
1,2040,787,3,0.3811944091486658,0.4629629629629629,3,3,100.0,0,3,24.650571791613725,75.34942820838629,0.0,1,0.12706480304955528,2,0,33.33333333333333,1,0.0,0,0.0,0,66.66666666666666,2,1451,2022,1571,3,2022,0,0,0,2861,2861,100.0,0,0.0,0,0.0,1128,527,46.71985815602837,601,53.28014184397163,0,0.0,101,32,11,0,0,0,0,0,0,0,43.412818745692626,1451,1192,0.6202618883528601,0.5513439007580978,15.506547208821504,88.88888888888889,70.77877325982081,ModelParams,v3,1779217955.7085707,26.0,25.742574257425744,47.0,46.53465346534654,28.0,27.722772277227726,0.0,0.0,4.0,36.36363636363637,7.0,63.63636363636363,0.0,0.0,32.0,100.0,0.0,0.0
1,2041,783,3,0.38314176245210724,0.46728971962616817,3,3,100.0,0,3,25.41507024265645,74.58492975734356,0.0,1,0.1277139208173691,2,0,33.33333333333333,1,0.0,0,0.0,0,66.66666666666666,2,1441,2039,1598,3,2039,0,0,0,2896,2896,100.0,0,0.0,0,0.0,1139,531,46.619841966637395,608,53.380158033362605,0,0.0,102,32,11,0,0,0,0,0,0,0,43.31297709923664,1441,1180,0.6245662734212353,0.5551700208188758,15.475364330326164,88.88888888888889,71.68632893823734,ModelParams,v3,1779217955.7085707,26.0,25.49019607843137,48.0,47.05882352941176,28.0,27.450980392156865,0.0,0.0,4.0,36.36363636363637,7.0,63.63636363636363,0.0,0.0,32.0,100.0,0.0,0.0
1,2042,782,3,0.3836317135549872,0.46801872074883,3,3,100.0,0,3,25.063938618925828,74.93606138107417,0.0,1,0.1278772378516624,2,0,33.33333333333333,1,0.0,0,0.0,0,66.66666666666666,2,1421,2053,1632,3,2053,0,0,0,2902,2902,100.0,0,0.0,0,0.0,1146,533,46.50959860383944,613,53.49040139616056,0,0.0,103,32,11,0,0,0,0,0,0,0,43.206896551724135,1421,1162,0.633356790992259,0.5629838142153413,15.270935960591133,88.88888888888889,72.83603096410978,ModelParams,v3,1779217955.7085707,27.0,26.21359223300971,48.0,46.601941747572816,28.0,27.184466019417474,0.0,0.0,4.0,36.36363636363637,7.0,63.63636363636363,0.0,0.0,32.0,100.0,0.0,0.0
1,2043,773,3,0.38809831824062097,0.47244094488188976,3,3,100.0,0,3,25.35575679172057,74.64424320827942,0.0,1,0.129366106080207,2,0,33.33333333333333,1,0.0,0,0.0,0,66.66666666666666,2,1414,2069,1655,3,2069,0,0,0,2928,2928,100.0,0,0.0,0,0.0,1159,538,46.41932700603969,621,53.58067299396031,0,0.0,103,32,11,0,0,0,0,0,0,0,43.23125884016973,1414,1159,0.6364922206506365,0.5657708628005658,15.205091937765205,88.88888888888889,73.76237623762376,ModelParams,v3,1779217955.7085707,27.0,26.21359223300971,48.0,46.601941747572816,28.0,27.184466019417474,0.0,0.0,4.0,36.36363636363637,7.0,63.63636363636363,0.0,0.0,32.0,100.0,0.0,0.0
1,2044,766,3,0.39164490861618795,0.47694753577106513,3,3,100.0,0,3,25.587467362924283,74.41253263707573,0.0,1,0.13054830287206268,2,0,33.33333333333333,1,0.0,0,0.0,0,66.66666666666666,2,1397,2080,1683,3,2080,0,0,0,2976,2976,100.0,0,0.0,0,0.0,1173,544,46.3768115942029,629,53.62318840579711,0,0.0,104,32,11,0,0,0,0,0,0,0,43.335003579098064,1397,1146,0.644237652111668,0.5726556907659269,15.318539727988547,88.88888888888889,74.58840372226199,ModelParams,v3,1779217955.7085707,28.0,26.923076923076923,48.0,46.15384615384615,28.0,26.923076923076923,0.0,0.0,4.0,36.36363636363637,7.0,63.63636363636363,0.0,0.0,32.0,100.0,0.0,0.0
1,2045,756,3,0.3968253968253968,0.48465266558966075,3,3,100.0,0,3,25.132275132275133,74.86772486772487,0.0,1,0.13227513227513227,2,0,33.33333333333333,1,0.0,0,0.0,0,66.66666666666666,2,1386,2089,1703,3,2089,0,0,0,3010,3010,100.0,0,0.0,0,0.0,1184,548,46.28378378378378,636,53.71621621621622,0,0.0,104,32,11,0,0,0,0,0,0,0,43.61760461760462,1386,1135,0.6493506493506493,0.5772005772005772,15.367965367965366,88.88888888888889,75.32467532467533,ModelParams,v3,1779217955.7085707,28.0,26.923076923076923,48.0,46.15384615384615,28.0,26.923076923076923,0.0,0.0,4.0,36.36363636363637,7.0,63.63636363636363,0.0,0.0,32.0,100.0,0.0,0.0
1,2046,758,3,0.395778364116095,0.4838709677419355,3,3,100.0,0,3,25.989445910290236,74.01055408970977,0.0,1,0.13192612137203166,2,0,33.33333333333333,1,0.0,0,0.0,0,66.66666666666666,2,1377,2106,1729,3,2106,0,0,0,3038,3038,100.0,0,0.0,0,0.0,1196,555,46.40468227424749,641,53.59531772575251,0,0.0,105,32,11,0,0,0,0,0,0,0,43.53522149600581,1377,1126,0.6535947712418301,0.5809731299927379,15.468409586056644,88.88888888888889,75.81699346405229,ModelParams,v3,1779217955.7085707,28.0,26.666666666666668,48.0,45.714285714285715,29.0,27.61904761904762,0.0,0.0,4.0,36.36363636363637,7.0,63.63636363636363,0.0,0.0,32.0,100.0,0.0,0.0
1,2047,744,2,0.2688172043010753,0.32679738562091504,2,2,100.0,0,3,25.134408602150536,74.86559139784946,0.0,0,0.0,2,0,0.0,0,0.0,0,0.0,0,100.0,2,1361,2116,1755,3,2116,0,0,0,3047,3047,100.0,0,0.0,0,0.0,1197,556,46.44945697577276,641,53.55054302422724,0,0.0,105,32,11,0,0,0,0,0,0,0,43.64437913299045,1361,1111,0.6612784717119765,0.5878030859662012,15.576781778104335,88.88888888888889,76.70830271858927,ModelParams,v3,1779217955.7085707,28.0,26.666666666666668,48.0,45.714285714285715,29.0,27.61904761904762,0.0,0.0,4.0,36.36363636363637,7.0,63.63636363636363,0.0,0.0,32.0,100.0,0.0,0.0
1,2048,729,2,0.2743484224965706,0.33277870216306155,2,2,100.0,0,3,25.240054869684496,74.7599451303155,0.0,0,0.0,2,0,0.0,0,0.0,0,0.0,0,100.0,2,1343,2124,1781,3,2124,0,0,0,3096,3096,100.0,0,0.0,0,0.0,1214,563,46.37561779242175,651,53.62438220757826,0,0.0,106,32,11,0,0,0,0,0,0,0,43.886820551005215,1343,1095,0.6701414743112435,0.5956813104988831,15.33879374534624,88.88888888888889,77.58749069247952,ModelParams,v3,1779217955.7085707,28.0,26.41509433962264,49.0,46.22641509433962,29.0,27.358490566037734,0.0,0.0,4.0,36.36363636363637,7.0,63.63636363636363,0.0,0.0,32.0,100.0,0.0,0.0
1,2049,729,2,0.2743484224965706,0.33003300330033003,2,2,100.0,0,3,25.925925925925924,74.07407407407408,0.0,0,0.0,2,0,0.0,0,0.0,0,0.0,0,100.0,2,1330,2141,1811,3,2141,0,0,0,3117,3117,100.0,0,0.0,0,0.0,1226,567,46.247960848287114,659,53.752039151712886,0,0.0,106,32,11,0,0,0,0,0,0,0,43.76315789473684,1330,1086,0.6766917293233082,0.6015037593984963,14.962406015037594,88.88888888888889,77.81954887218046,ModelParams,v3,1779217955.7085707,28.0,26.41509433962264,49.0,46.22641509433962,29.0,27.358490566037734,0.0,0.0,4.0,36.36363636363637,7.0,63.63636363636363,0.0,0.0,32.0,100.0,0.0,0.0
1,2050,720,1,0.1388888888888889,0.16750418760469013,1,1,100.0,0,3,25.833333333333336,74.16666666666667,0.0,0,0.0,1,0,0.0,0,0.0,0,0.0,0,100.0,1,1320,2154,1834,3,2154,0,0,0,3157,3157,100.0,0,0.0,0,0.0,1235,573,46.396761133603235,662,53.603238866396765,0,0.0,107,32,11,0,0,0,0,0,0,0,43.83863636363636,1320,1076,0.6818181818181818,0.6060606060606061,14.621212121212121,88.88888888888889,78.1060606060606,ModelParams,v3,1779217955.7085707,29.0,27.102803738317753,49.0,45.794392523364486,29.0,27.102803738317753,0.0,0.0,4.0,36.36363636363637,7.0,63.63636363636363,0.0,0.0,32.0,100.0,0.0,0.0
1,2051,717,1,0.1394700139470014,0.16778523489932887,1,1,100.0,0,3,26.499302649930268,73.50069735006973,0.0,0,0.0,1,0,0.0,0,0.0,0,0.0,0,100.0,1,1308,2166,1858,3,2166,0,0,0,3174,3174,100.0,0,0.0,0,0.0,1242,576,46.3768115942029,666,53.62318840579711,0,0.0,108,32,11,0,0,0,0,0,0,0,43.92966360856269,1308,1064,0.6880733944954129,0.6116207951070336,14.678899082568808,88.88888888888889,78.44036697247707,ModelParams,v3,1779217955.7085707,29.0,26.851851851851855,50.0,46.2962962962963,29.0,26.851851851851855,0.0,0.0,4.0,36.36363636363637,7.0,63.63636363636363,0.0,0.0,32.0,100.0,0.0,0.0
1,2052,722,1,0.13850415512465375,0.16722408026755853,1,1,100.0,0,3,26.177285318559555,73.82271468144043,0.0,0,0.0,1,0,0.0,0,0.0,0,0.0,0,100.0,1,1298,2180,1882,3,2180,0,0,0,3184,3184,100.0,0,0.0,0,0.0,1246,578,46.3884430176565,668,53.6115569823435,0,0.0,108,32,11,0,0,0,0,0,0,0,43.908320493066256,1298,1055,0.6933744221879815,0.6163328197226503,14.869029275808938,88.88888888888889,78.42835130970724,ModelParams,v3,1779217955.7085707,29.0,26.851851851851855,50.0,46.2962962962963,29.0,26.851851851851855,0.0,0.0,4.0,36.36363636363637,7.0,63.63636363636363,0.0,0.0,32.0,100.0,0.0,0.0
1,2053,720,1,0.1388888888888889,0.1669449081803005,1,1,100.0,0,3,26.666666666666668,73.33333333333333,0.0,0,0.0,1,0,0.0,0,0.0,0,0.0,0,100.0,1,1292,2193,1901,3,2193,0,0,0,3195,3195,100.0,0,0.0,0,0.0,1248,579,46.394230769230774,669,53.605769230769226,0,0.0,108,32,11,0,0,0,0,0,0,0,44.0812693498452,1292,1051,0.6191950464396285,0.541795665634675,14.551083591331269,87.5,78.56037151702786,ModelParams,v3,1779217955.7085707,29.0,26.851851851851855,50.0,46.2962962962963,29.0,26.851851851851855,0.0,0.0,4.0,36.36363636363637,7.0,63.63636363636363,0.0,0.0,32.0,100.0,0.0,0.0
1,2054,714,1,0.1400560224089636,0.16778523489932887,1,1,100.0,0,3,27.591036414565828,72.40896358543417,0.0,0,0.0,1,0,0.0,0,0.0,0,0.0,0,100.0,1,1277,2207,1930,3,2207,0,0,0,3205,3205,100.0,0,0.0,0,0.0,1252,580,46.325878594249204,672,53.674121405750796,0,0.0,108,32,11,0,0,0,0,0,0,0,43.982772122161315,1277,1039,0.6264682850430697,0.548159749412686,14.722004698512137,87.5,78.62176977290525,ModelParams,v3,1779217955.7085707,29.0,26.851851851851855,50.0,46.2962962962963,29.0,26.851851851851855,0.0,0.0,4.0,36.36363636363637,7.0,63.63636363636363,0.0,0.0,32.0,100.0,0.0,0.0
1,2055,712,0,0.0,0.0,0,0,0.0,0,3,27.52808988764045,72.47191011235955,0.0,0,0.0,0,0,0.0,0,0.0,0,0.0,0,0.0,0,1254,2219,1965,3,2219,0,0,0,3219,3219,100.0,0,0.0,0,0.0,1259,584,46.38602065131057,675,53.61397934868943,0,0.0,108,32,11,0,0,0,0,0,0,0,43.698564593301434,1254,1026,0.6379585326953748,0.4784688995215311,14.354066985645932,75.0,78.38915470494418,ModelParams,v3,1779217955.7085707,29.0,26.851851851851855,50.0,46.2962962962963,29.0,26.851851851851855,0.0,0.0,4.0,36.36363636363637,7.0,63.63636363636363,0.0,0.0,32.0,100.0,0.0,0.0
1,2056,706,0,0.0,0.0,0,0,0.0,0,3,27.19546742209632,72.80453257790369,0.0,0,0.0,0,0,0.0,0,0.0,0,0.0,0,0.0,0,1240,2233,1993,3,2233,0,0,0,3241,3241,100.0,0,0.0,0,0.0,1272,589,46.30503144654088,683,53.69496855345912,0,0.0,110,32,11,0,0,0,0,0,0,0,43.55241935483871,1240,1016,0.564516129032258,0.3225806451612903,14.274193548387096,57.14285714285714,78.14516129032259,ModelParams,v3,1779217955.7085707,29.0,26.36363636363636,51.0,46.36363636363636,30.0,27.27272727272727,0.0,0.0,4.0,36.36363636363637,7.0,63.63636363636363,0.0,0.0,32.0,100.0,0.0,0.0
1,2057,696,0,0.0,0.0,0,0,0.0,0,3,26.436781609195403,73.5632183908046,0.0,0,0.0,0,0,0.0,0,0.0,0,0.0,0,0.0,0,1216,2240,2024,3,2240,0,0,0,3247,3247,100.0,0,0.0,0,0.0,1273,589,46.26865671641791,684,53.73134328358209,0,0.0,110,32,11,0,0,0,0,0,0,0,43.66529605263158,1216,996,0.575657894736842,0.24671052631578946,14.0625,42.857142857142854,78.125,ModelParams,v3,1779217955.7085707,29.0,26.36363636363636,51.0,46.36363636363636,30.0,27.27272727272727,0.0,0.0,4.0,36.36363636363637,7.0,63.63636363636363,0.0,0.0,32.0,100.0,0.0,0.0
1,2058,681,0,0.0,0.0,0,0,0.0,0,3,26.138032305433185,73.86196769456681,0.0,0,0.0,0,0,0.0,0,0.0,0,0.0,0,0.0,0,1190,2249,2059,3,2249,0,0,0,3259,3259,100.0,0,0.0,0,0.0,1274,589,46.23233908948195,685,53.76766091051805,0,0.0,110,32,11,0,0,0,0,0,0,0,43.55126050420168,1190,972,0.42016806722689076,0.25210084033613445,14.033613445378151,60.0,77.98319327731093,ModelParams,v3,1779217955.7085707,29.0,26.36363636363636,51.0,46.36363636363636,30.0,27.27272727272727,0.0,0.0,4.0,36.36363636363637,7.0,63.63636363636363,0.0,0.0,32.0,100.0,0.0,0.0
1,2059,666,0,0.0,0.0,0,0,0.0,0,3,25.825825825825827,74.17417417417418,0.0,0,0.0,0,0,0.0,0,0.0,0,0.0,0,0.0,0,1164,2254,2090,3,2254,0,0,0,3264,3264,100.0,0,0.0,0,0.0,1278,592,46.322378716744915,686,53.677621283255085,0,0.0,110,32,11,0,0,0,0,0,0,0,43.59278350515464,1164,954,0.429553264604811,0.25773195876288657,14.003436426116838,60.0,78.00687285223368,ModelParams,v3,1779217955.7085707,29.0,26.36363636363636,51.0,46.36363636363636,30.0,27.27272727272727,0.0,0.0,4.0,36.36363636363637,7.0,63.63636363636363,0.0,0.0,32.0,100.0,0.0,0.0
1,2060,655,0,0.0,0.0,0,0,0.0,0,3,26.564885496183205,73.43511450381679,0.0,0,0.0,0,0,0.0,0,0.0,0,0.0,0,0.0,0,1147,2265,2118,3,2265,0,0,0,3272,3272,100.0,0,0.0,0,0.0,1280,593,46.328125,687,53.671875,0,0.0,111,32,11,0,0,0,0,0,0,0,43.52920662598082,1147,942,0.4359197907585004,0.26155187445510025,14.123801220575412,60.0,77.85527462946817,ModelParams,v3,1779217955.7085707,29.0,26.126126126126124,51.0,45.94594594594595,31.0,27.927927927927925,0.0,0.0,4.0,36.36363636363637,7.0,63.63636363636363,0.0,0.0,32.0,100.0,0.0,0.0
1,2061,653,0,0.0,0.0,0,0,0.0,0,3,26.493108728943337,73.50689127105666,0.0,0,0.0,0,0,0.0,0,0.0,0,0.0,0,0.0,0,1131,2280,2149,3,2280,0,0,0,3285,3285,100.0,0,0.0,0,0.0,1286,595,46.26749611197511,691,53.73250388802489,0,0.0,111,32,11,0,0,0,0,0,0,0,43.190097259062775,1131,932,0.4420866489832007,0.2652519893899204,14.412024756852343,60.0,77.63041556145004,ModelParams,v3,1779217955.7085707,29.0,26.126126126126124,51.0,45.94594594594595,31.0,27.927927927927925,0.0,0.0,4.0,36.36363636363637,7.0,63.63636363636363,0.0,0.0,32.0,100.0,0.0,0.0
1,2062,650,0,0.0,0.0,0,0,0.0,0,3,26.923076923076923,73.07692307692307,0.0,0,0.0,0,0,0.0,0,0.0,0,0.0,0,0.0,0,1118,2292,2174,3,2292,0,0,0,3295,3295,100.0,0,0.0,0,0.0,1288,596,46.273291925465834,692,53.72670807453416,0,0.0,111,32,11,0,0,0,0,0,0,0,43.02325581395349,1118,920,0.4472271914132379,0.26833631484794274,14.40071556350626,60.0,77.6386404293381,ModelParams,v3,1779217955.7085707,29.0,26.126126126126124,51.0,45.94594594594595,31.0,27.927927927927925,0.0,0.0,4.0,36.36363636363637,7.0,63.63636363636363,0.0,0.0,32.0,100.0,0.0,0.0
1,2063,636,0,0.0,0.0,0,0,0.0,0,3,28.144654088050313,71.85534591194968,0.0,0,0.0,0,0,0.0,0,0.0,0,0.0,0,0.0,0,1103,2304,2201,3,2304,0,0,0,3301,3301,100.0,0,0.0,0,0.0,1294,600,46.36785162287481,694,53.63214837712519,0,0.0,111,32,11,0,0,0,0,0,0,0,42.893925657298276,1103,908,0.45330915684496825,0.1813236627379873,14.777878513145964,40.0,77.51586582048957,ModelParams,v3,1779217955.7085707,29.0,26.126126126126124,51.0,45.94594594594595,31.0,27.927927927927925,0.0,0.0,4.0,36.36363636363637,7.0,63.63636363636363,0.0,0.0,32.0,100.0,0.0,0.0
1,2064,628,0,0.0,0.0,0,0,0.0,0,3,26.910828025477706,73.08917197452229,0.0,0,0.0,0,0,0.0,0,0.0,0,0.0,0,0.0,0,1087,2311,2224,3,2311,0,0,0,3305,3305,100.0,0,0.0,0,0.0,1297,601,46.33770239013107,696,53.66229760986892,0,0.0,111,32,11,0,0,0,0,0,0,0,42.95952161913524,1087,896,0.45998160073597055,0.18399264029438822,14.995400183992642,40.0,77.46090156393744,ModelParams,v3,1779217955.7085707,29.0,26.126126126126124,51.0,45.94594594594595,31.0,27.927927927927925,0.0,0.0,4.0,36.36363636363637,7.0,63.63636363636363,0.0,0.0,32.0,100.0,0.0,0.0
1,2065,626,0,0.0,0.0,0,0,0.0,0,3,26.357827476038338,73.64217252396166,0.0,0,0.0,0,0,0.0,0,0.0,0,0.0,0,0.0,0,1073,2320,2247,3,2320,0,0,0,3312,3312,100.0,0,0.0,0,0.0,1299,602,46.34334103156274,697,53.656658968437256,0,0.0,111,32,11,0,0,0,0,0,0,0,43.00838769804287,1073,883,0.4659832246039142,0.09319664492078285,14.631873252562908,20.0,77.53960857409133,ModelParams,v3,1779217955.7085707,29.0,26.126126126126124,51.0,45.94594594594595,31.0,27.927927927927925,0.0,0.0,4.0,36.36363636363637,7.0,63.63636363636363,0.0,0.0,32.0,100.0,0.0,0.0
1,2066,619,0,0.0,0.0,0,0,0.0,0,3,26.009693053311793,73.99030694668821,0.0,0,0.0,0,0,0.0,0,0.0,0,0.0,0,0.0,0,1057,2327,2270,3,2327,0,0,0,3318,3318,100.0,0,0.0,0,0.0,1300,602,46.30769230769231,698,53.69230769230769,0,0.0,111,32,11,0,0,0,0,0,0,0,42.968779564806056,1057,872,0.47303689687795647,0.0946073793755913,14.56953642384106,20.0,77.57805108798486,ModelParams,v3,1779217955.7085707,29.0,26.126126126126124,51.0,45.94594594594595,31.0,27.927927927927925,0.0,0.0,4.0,36.36363636363637,7.0,63.63636363636363,0.0,0.0,32.0,100.0,0.0,0.0
1,2067,609,0,0.0,0.0,0,0,0.0,0,3,25.615763546798032,74.38423645320196,0.0,0,0.0,0,0,0.0,0,0.0,0,0.0,0,0.0,0,1047,2336,2289,3,2336,0,0,0,3322,3322,100.0,0,0.0,0,0.0,1305,606,46.43678160919541,699,53.5632183908046,0,0.0,111,32,11,0,0,0,0,0,0,0,43.0305635148042,1047,862,0.38204393505253104,0.09551098376313276,14.708691499522445,25.0,77.45940783190068,ModelParams,v3,1779217955.7085707,29.0,26.126126126126124,51.0,45.94594594594595,31.0,27.927927927927925,0.0,0.0,4.0,36.36363636363637,7.0,63.63636363636363,0.0,0.0,32.0,100.0,0.0,0.0
1,2068,601,1,0.16638935108153077,0.2004008016032064,1,1,100.0,0,3,24.958402662229616,75.04159733777038,0.0,0,0.0,1,0,0.0,0,0.0,0,0.0,0,100.0,1,1028,2343,2315,3,2343,0,0,0,3327,3327,100.0,0,0.0,0,0.0,1307,606,46.36572302983933,701,53.63427697016068,0,0.0,111,32,11,0,0,0,0,0,0,0,43.014591439688715,1028,844,0.38910505836575876,0.19455252918287938,15.077821011673151,50.0,77.52918287937743,ModelParams,v3,1779217955.7085707,29.0,26.126126126126124,51.0,45.94594594594595,31.0,27.927927927927925,0.0,0.0,4.0,36.36363636363637,7.0,63.63636363636363,0.0,0.0,32.0,100.0,0.0,0.0
1,2069,584,1,0.17123287671232876,0.2070393374741201,1,1,100.0,0,3,23.8013698630137,76.1986301369863,0.0,0,0.0,1,0,0.0,0,0.0,0,0.0,0,100.0,1,1000,2346,2346,3,2346,0,0,0,3330,3330,100.0,0,0.0,0,0.0,1307,606,46.36572302983933,701,53.63427697016068,0,0.0,111,32,11,0,0,0,0,0,0,0,43.018,1000,822,0.3,0.2,14.899999999999999,66.66666666666666,77.9,ModelParams,v3,1779217955.7085707,29.0,26.126126126126124,51.0,45.94594594594595,31.0,27.927927927927925,0.0,0.0,4.0,36.36363636363637,7.0,63.63636363636363,0.0,0.0,32.0,100.0,0.0,0.0
1,2070,573,1,0.17452006980802792,0.21231422505307856,1,1,100.0,0,3,23.38568935427574,76.61431064572426,0.0,0,0.0,1,0,0.0,0,0.0,0,0.0,0,100.0,1,991,2353,2362,3,2353,0,0,0,3335,3335,100.0,0,0.0,0,0.0,1309,607,46.37127578304049,702,53.62872421695951,0,0.0,111,32,11,0,0,0,0,0,0,0,43.27245206861756,991,817,0.30272452068617556,0.20181634712411706,14.42986881937437,66.66666666666666,78.20383451059536,ModelParams,v3,1779217955.7085707,29.0,26.126126126126124,51.0,45.94594594594595,31.0,27.927927927927925,0.0,0.0,4.0,36.36363636363637,7.0,63.63636363636363,0.0,0.0,32.0,100.0,0.0,0.0
1,2071,565,1,0.17699115044247787,0.21598272138228944,1,1,100.0,0,3,23.1858407079646,76.8141592920354,0.0,0,0.0,1,0,0.0,0,0.0,0,0.0,0,100.0,1,981,2364,2383,3,2364,0,0,0,3343,3343,100.0,0,0.0,0,0.0,1312,608,46.34146341463415,704,53.65853658536586,0,0.0,111,32,11,0,0,0,0,0,0,0,43.02242609582059,981,810,0.3058103975535168,0.20387359836901123,14.271151885830784,66.66666666666666,78.0835881753313,ModelParams,v3,1779217955.7085707,29.0,26.126126126126124,51.0,45.94594594594595,31.0,27.927927927927925,0.0,0.0,4.0,36.36363636363637,7.0,63.63636363636363,0.0,0.0,32.0,100.0,0.0,0.0
1,2072,555,1,0.18018018018018017,0.22123893805309736,1,1,100.0,0,3,23.423423423423422,76.57657657657657,0.0,0,0.0,1,0,0.0,0,0.0,0,0.0,0,100.0,1,960,2370,2410,3,2370,0,0,0,3348,3348,100.0,0,0.0,0,0.0,1313,609,46.38233054074638,704,53.61766945925361,0,0.0,111,32,11,0,0,0,0,0,0,0,42.7625,960,792,0.3125,0.20833333333333334,14.374999999999998,66.66666666666666,78.64583333333334,ModelParams,v3,1779217955.7085707,29.0,26.126126126126124,51.0,45.94594594594595,31.0,27.927927927927925,0.0,0.0,4.0,36.36363636363637,7.0,63.63636363636363,0.0,0.0,32.0,100.0,0.0,0.0
1,2073,548,1,0.18248175182481752,0.2242152466367713,1,1,100.0,0,3,23.357664233576642,76.64233576642336,0.0,0,0.0,1,0,0.0,0,0.0,0,0.0,0,100.0,1,956,2377,2421,3,2377,0,0,0,3355,3355,100.0,0,0.0,0,0.0,1313,609,46.38233054074638,704,53.61766945925361,0,0.0,111,32,11,0,0,0,0,0,0,0,43.04811715481171,956,789,0.3138075313807531,0.20920502092050208,14.12133891213389,66.66666666666666,79.18410041841004,ModelParams,v3,1779217955.7085707,29.0,26.126126126126124,51.0,45.94594594594595,31.0,27.927927927927925,0.0,0.0,4.0,36.36363636363637,7.0,63.63636363636363,0.0,0.0,32.0,100.0,0.0,0.0
1,2074,545,1,0.1834862385321101,0.22675736961451248,1,1,100.0,0,3,24.403669724770644,75.59633027522936,0.0,0,0.0,1,0,0.0,0,0.0,0,0.0,0,100.0,1,950,2387,2437,3,2387,0,0,0,3362,3362,100.0,0,0.0,0,0.0,1316,611,46.42857142857143,705,53.57142857142857,0,0.0,111,32,11,0,0,0,0,0,0,0,43.10947368421053,950,782,0.3157894736842105,0.21052631578947367,14.210526315789473,66.66666666666666,79.26315789473685,ModelParams,v3,1779217955.7085707,29.0,26.126126126126124,51.0,45.94594594594595,31.0,27.927927927927925,0.0,0.0,4.0,36.36363636363637,7.0,63.63636363636363,0.0,0.0,32.0,100.0,0.0,0.0
1,2075,537,1,0.186219739292365,0.22988505747126436,1,1,100.0,0,3,24.20856610800745,75.79143389199255,0.0,0,0.0,1,0,0.0,0,0.0,0,0.0,0,100.0,1,928,2395,2467,3,2395,0,0,0,3369,3369,100.0,0,0.0,0,0.0,1317,611,46.39331814730448,706,53.606681852695516,0,0.0,111,32,11,0,0,0,0,0,0,0,42.78771551724138,928,760,0.3232758620689655,0.21551724137931033,14.331896551724139,66.66666666666666,79.20258620689656,ModelParams,v3,1779217955.7085707,29.0,26.126126126126124,51.0,45.94594594594595,31.0,27.927927927927925,0.0,0.0,4.0,36.36363636363637,7.0,63.63636363636363,0.0,0.0,32.0,100.0,0.0,0.0
1,2076,527,1,0.18975332068311196,0.2347417840375587,1,1,100.0,0,3,22.960151802656547,77.03984819734345,0.0,0,0.0,1,0,0.0,0,0.0,0,0.0,0,100.0,1,911,2401,2490,3,2401,0,0,0,3375,3375,100.0,0,0.0,0,0.0,1317,611,46.39331814730448,706,53.606681852695516,0,0.0,111,32,11,0,0,0,0,0,0,0,42.84961580680571,911,745,0.3293084522502744,0.21953896816684962,14.270032930845225,66.66666666666666,79.47310647639955,ModelParams,v3,1779217955.7085707,29.0,26.126126126126124,51.0,45.94594594594595,31.0,27.927927927927925,0.0,0.0,4.0,36.36363636363637,7.0,63.63636363636363,0.0,0.0,32.0,100.0,0.0,0.0
1,2077,524,1,0.19083969465648853,0.23696682464454977,1,1,100.0,0,3,23.091603053435115,76.90839694656488,0.0,0,0.0,1,0,0.0,0,0.0,0,0.0,0,100.0,1,912,2413,2501,3,2413,0,0,0,3384,3384,100.0,0,0.0,0,0.0,1320,612,46.36363636363636,708,53.63636363636364,0,0.0,111,32,11,0,0,0,0,0,0,0,42.91995614035088,912,743,0.3289473684210526,0.21929824561403508,14.364035087719298,66.66666666666666,79.27631578947368,ModelParams,v3,1779217955.7085707,29.0,26.126126126126124,51.0,45.94594594594595,31.0,27.927927927927925,0.0,0.0,4.0,36.36363636363637,7.0,63.63636363636363,0.0,0.0,32.0,100.0,0.0,0.0
1,2078,516,1,0.1937984496124031,0.24213075060532688,1,1,100.0,0,3,22.48062015503876,77.51937984496125,0.0,0,0.0,1,0,0.0,0,0.0,0,0.0,0,100.0,1,900,2420,2520,3,2420,0,0,0,3389,3389,100.0,0,0.0,0,0.0,1322,612,46.29349470499244,710,53.70650529500757,0,0.0,111,32,11,0,0,0,0,0,0,0,42.92111111111111,900,733,0.33333333333333337,0.2222222222222222,14.444444444444443,66.66666666666666,79.22222222222223,ModelParams,v3,1779217955.7085707,29.0,26.126126126126124,51.0,45.94594594594595,31.0,27.927927927927925,0.0,0.0,4.0,36.36363636363637,7.0,63.63636363636363,0.0,0.0,32.0,100.0,0.0,0.0
1,2079,511,1,0.19569471624266144,0.24630541871921183,1,1,100.0,0,3,22.89628180039139,77.10371819960861,0.0,0,0.0,1,0,0.0,0,0.0,0,0.0,0,100.0,1,893,2429,2536,3,2429,0,0,0,3394,3394,100.0,0,0.0,0,0.0,1326,614,46.30467571644042,712,53.69532428355958,0,0.0,111,32,11,0,0,0,0,0,0,0,42.96528555431131,893,724,0.33594624860022393,0.22396416573348266,14.669652855543113,66.66666666666666,79.17133258678611,ModelParams,v3,1779217955.7085707,29.0,26.126126126126124,51.0,45.94594594594595,31.0,27.927927927927925,0.0,0.0,4.0,36.36363636363637,7.0,63.63636363636363,0.0,0.0,32.0,100.0,0.0,0.0
1,2080,512,1,0.1953125,0.24630541871921183,1,1,100.0,0,3,23.046875,76.953125,0.0,0,0.0,1,0,0.0,0,0.0,0,0.0,0,100.0,1,891,2439,2548,3,2439,0,0,0,3398,3398,100.0,0,0.0,0,0.0,1332,616,46.246246246246244,716,53.753753753753756,0,0.0,111,32,11,0,0,0,0,0,0,0,42.960718294051624,891,724,0.22446689113355783,0.22446689113355783,14.814814814814813,100.0,79.34904601571269,ModelParams,v3,1779217955.7085707,29.0,26.126126126126124,51.0,45.94594594594595,31.0,27.927927927927925,0.0,0.0,4.0,36.36363636363637,7.0,63.63636363636363,0.0,0.0,32.0,100.0,0.0,0.0
1,2081,508,1,0.19685039370078738,0.24875621890547264,1,1,100.0,0,3,22.83464566929134,77.16535433070865,0.0,0,0.0,1,0,0.0,0,0.0,0,0.0,0,100.0,1,875,2444,2569,3,2444,0,0,0,3401,3401,100.0,0,0.0,0,0.0,1334,617,46.25187406296852,717,53.74812593703149,0,0.0,111,32,11,0,0,0,0,0,0,0,42.969142857142856,875,710,0.2285714285714286,0.2285714285714286,15.085714285714285,100.0,79.65714285714286,ModelParams,v3,1779217955.7085707,29.0,26.126126126126124,51.0,45.94594594594595,31.0,27.927927927927925,0.0,0.0,4.0,36.36363636363637,7.0,63.63636363636363,0.0,0.0,32.0,100.0,0.0,0.0
1,2082,497,1,0.2012072434607646,0.25380710659898476,1,1,100.0,0,3,22.937625754527165,77.06237424547284,0.0,0,0.0,1,0,0.0,0,0.0,0,0.0,0,100.0,1,863,2451,2588,3,2451,0,0,0,3406,3406,100.0,0,0.0,0,0.0,1336,618,46.25748502994012,718,53.74251497005989,0,0.0,111,32,11,0,0,0,0,0,0,0,42.94206257242178,863,706,0.2317497103128621,0.2317497103128621,15.179606025492468,100.0,79.83777520278099,ModelParams,v3,1779217955.7085707,29.0,26.126126126126124,51.0,45.94594594594595,31.0,27.927927927927925,0.0,0.0,4.0,36.36363636363637,7.0,63.63636363636363,0.0,0.0,32.0,100.0,0.0,0.0
1,2083,496,1,0.20161290322580644,0.2518891687657431,1,1,100.0,0,3,23.588709677419356,76.41129032258065,0.0,0,0.0,1,0,0.0,0,0.0,0,0.0,0,100.0,1,861,2461,2600,3,2461,0,0,0,3412,3412,100.0,0,0.0,0,0.0,1340,620,46.26865671641791,720,53.73134328358209,0,0.0,111,32,11,0,0,0,0,0,0,0,42.96283391405343,861,707,0.11614401858304298,0.11614401858304298,15.563298490127758,100.0,79.79094076655052,ModelParams,v3,1779217955.7085707,29.0,26.126126126126124,51.0,45.94594594594595,31.0,27.927927927927925,0.0,0.0,4.0,36.36363636363637,7.0,63.63636363636363,0.0,0.0,32.0,100.0,0.0,0.0
1,2084,496,1,0.20161290322580644,0.2518891687657431,1,1,100.0,0,3,24.798387096774192,75.20161290322581,0.0,0,0.0,1,0,0.0,0,0.0,0,0.0,0,100.0,1,850,2470,2620,3,2470,0,0,0,3421,3421,100.0,0,0.0,0,0.0,1340,620,46.26865671641791,720,53.73134328358209,0,0.0,111,32,11,0,0,0,0,0,0,0,42.83764705882353,850,699,0.1176470588235294,0.1176470588235294,15.764705882352942,100.0,79.64705882352942,ModelParams,v3,1779217955.7085707,29.0,26.126126126126124,51.0,45.94594594594595,31.0,27.927927927927925,0.0,0.0,4.0,36.36363636363637,7.0,63.63636363636363,0.0,0.0,32.0,100.0,0.0,0.0
1,2085,487,2,0.41067761806981523,0.5141388174807198,2,2,100.0,0,3,25.667351129363446,74.33264887063655,0.0,0,0.0,2,0,0.0,0,0.0,0,0.0,0,100.0,2,840,2479,2639,3,2479,0,0,0,3429,3429,100.0,0,0.0,0,0.0,1341,620,46.234153616703956,721,53.765846383296044,0,0.0,111,32,11,0,0,0,0,0,0,0,42.86547619047619,840,690,0.11904761904761905,0.2380952380952381,15.714285714285714,200.0,79.4047619047619,ModelParams,v3,1779217955.7085707,29.0,26.126126126126124,51.0,45.94594594594595,31.0,27.927927927927925,0.0,0.0,4.0,36.36363636363637,7.0,63.63636363636363,0.0,0.0,32.0,100.0,0.0,0.0
1,2086,484,2,0.4132231404958678,0.5141388174807198,2,2,100.0,0,3,25.0,75.0,0.0,0,0.0,2,0,0.0,0,0.0,0,0.0,0,100.0,2,830,2486,2656,3,2486,0,0,0,3434,3434,100.0,0,0.0,0,0.0,1343,622,46.31422189128816,721,53.68577810871184,0,0.0,111,32,11,0,0,0,0,0,0,0,42.94578313253012,830,684,0.12048192771084339,0.24096385542168677,15.903614457831324,200.0,79.39759036144578,ModelParams,v3,1779217955.7085707,29.0,26.126126126126124,51.0,45.94594594594595,31.0,27.927927927927925,0.0,0.0,4.0,36.36363636363637,7.0,63.63636363636363,0.0,0.0,32.0,100.0,0.0,0.0
1,2087,478,2,0.41841004184100417,0.5181347150259068,2,2,100.0,0,3,26.15062761506276,73.84937238493724,0.0,0,0.0,2,0,0.0,0,0.0,0,0.0,0,100.0,2,827,2496,2669,3,2496,0,0,0,3442,3442,100.0,0,0.0,0,0.0,1345,622,46.2453531598513,723,53.7546468401487,0,0.0,111,32,11,0,0,0,0,0,0,0,43.0459492140266,827,682,0.12091898428053204,0.24183796856106407,15.840386940749699,200.0,79.44377267230955,ModelParams,v3,1779217955.7085707,29.0,26.126126126126124,51.0,45.94594594594595,31.0,27.927927927927925,0.0,0.0,4.0,36.36363636363637,7.0,63.63636363636363,0.0,0.0,32.0,100.0,0.0,0.0
1,2088,478,2,0.41841004184100417,0.5181347150259068,2,2,100.0,0,3,26.569037656903767,73.43096234309623,0.0,0,0.0,2,0,0.0,0,0.0,0,0.0,0,100.0,2,828,2505,2677,3,2505,0,0,0,3448,3448,100.0,0,0.0,0,0.0,1348,623,46.21661721068249,725,53.7833827893175,0,0.0,111,32,11,0,0,0,0,0,0,0,43.256038647343,828,683,0.12077294685990338,0.24154589371980675,15.821256038647343,200.0,79.22705314009661,ModelParams,v3,1779217955.7085707,29.0,26.126126126126124,51.0,45.94594594594595,31.0,27.927927927927925,0.0,0.0,4.0,36.36363636363637,7.0,63.63636363636363,0.0,0.0,32.0,100.0,0.0,0.0
1,2089,480,2,0.4166666666666667,0.516795865633075,2,2,100.0,0,3,26.875,73.125,0.0,0,0.0,2,0,0.0,0,0.0,0,0.0,0,100.0,2,826,2517,2691,3,2517,0,0,0,3454,3454,100.0,0,0.0,0,0.0,1354,626,46.233382570162476,728,53.76661742983752,0,0.0,111,32,11,0,0,0,0,0,0,0,43.148910411622275,826,677,0.12106537530266344,0.24213075060532688,15.859564164648909,200.0,78.57142857142857,ModelParams,v3,1779217955.7085707,29.0,26.126126126126124,51.0,45.94594594594595,31.0,27.927927927927925,0.0,0.0,4.0,36.36363636363637,7.0,63.63636363636363,0.0,0.0,32.0,100.0,0.0,0.0
1,2090,469,2,0.42643923240938164,0.5277044854881267,2,2,100.0,0,3,26.865671641791046,73.13432835820896,0.0,0,0.0,2,0,0.0,0,0.0,0,0.0,0,100.0,2,813,2521,2708,3,2521,0,0,0,3456,3456,100.0,0,0.0,0,0.0,1356,627,46.23893805309734,729,53.76106194690266,0,0.0,111,32,11,0,0,0,0,0,0,0,43.50184501845018,813,665,0.12300123001230012,0.24600246002460024,15.990159901599016,200.0,78.59778597785979,ModelParams,v3,1779217955.7085707,29.0,26.126126126126124,51.0,45.94594594594595,31.0,27.927927927927925,0.0,0.0,4.0,36.36363636363637,7.0,63.63636363636363,0.0,0.0,32.0,100.0,0.0,0.0
1,2091,459,2,0.4357298474945534,0.5390835579514826,2,2,100.0,0,3,26.797385620915033,73.20261437908496,0.0,0,0.0,2,0,0.0,0,0.0,0,0.0,0,100.0,2,798,2524,2726,3,2524,0,0,0,3457,3457,100.0,0,0.0,0,0.0,1358,629,46.318114874815905,729,53.681885125184095,0,0.0,111,32,11,0,0,0,0,0,0,0,43.581453634085214,798,654,0.12531328320802004,0.2506265664160401,15.914786967418545,200.0,78.69674185463658,ModelParams,v3,1779217955.7085707,29.0,26.126126126126124,51.0,45.94594594594595,31.0,27.927927927927925,0.0,0.0,4.0,36.36363636363637,7.0,63.63636363636363,0.0,0.0,32.0,100.0,0.0,0.0
1,2092,453,3,0.6622516556291391,0.8174386920980926,3,3,100.0,0,3,26.048565121412803,73.9514348785872,0.0,0,0.0,3,0,0.0,0,0.0,0,0.0,0,100.0,3,793,2531,2738,3,2531,0,0,0,3460,3460,100.0,0,0.0,0,0.0,1362,630,46.25550660792951,732,53.74449339207048,0,0.0,111,32,11,0,0,0,0,0,0,0,43.733921815889026,793,651,0.0,0.37831021437578816,16.14123581336696,0.0,78.81462799495587,ModelParams,v3,1779217955.7085707,29.0,26.126126126126124,51.0,45.94594594594595,31.0,27.927927927927925,0.0,0.0,4.0,36.36363636363637,7.0,63.63636363636363,0.0,0.0,32.0,100.0,0.0,0.0
1,2093,444,3,0.6756756756756757,0.8356545961002786,3,3,100.0,0,3,25.675675675675674,74.32432432432432,0.0,0,0.0,3,0,0.0,0,0.0,0,0.0,0,100.0,3,784,2534,2750,3,2534,0,0,0,3462,3462,100.0,0,0.0,0,0.0,1363,631,46.294937637564196,732,53.705062362435804,0,0.0,111,32,11,0,0,0,0,0,0,0,44.10204081632653,784,644,0.0,0.3826530612244898,16.071428571428573,0.0,79.08163265306123,ModelParams,v3,1779217955.7085707,29.0,26.126126126126124,51.0,45.94594594594595,31.0,27.927927927927925,0.0,0.0,4.0,36.36363636363637,7.0,63.63636363636363,0.0,0.0,32.0,100.0,0.0,0.0
1,2094,441,3,0.6802721088435374,0.8450704225352111,3,3,100.0,0,3,25.623582766439913,74.37641723356009,0.0,0,0.0,3,0,0.0,0,0.0,0,0.0,0,100.0,3,777,2543,2766,3,2543,0,0,0,3470,3470,100.0,0,0.0,0,0.0,1364,632,46.33431085043988,732,53.665689149560116,0,0.0,111,32,11,0,0,0,0,0,0,0,44.002574002574,777,638,0.0,0.3861003861003861,16.216216216216218,0.0,78.76447876447877,ModelParams,v3,1779217955.7085707,29.0,26.126126126126124,51.0,45.94594594594595,31.0,27.927927927927925,0.0,0.0,4.0,36.36363636363637,7.0,63.63636363636363,0.0,0.0,32.0,100.0,0.0,0.0
1,2095,441,4,0.9070294784580499,0.8426966292134831,4,4,100.0,0,3,24.71655328798186,75.28344671201815,0.0,0,0.0,4,0,0.0,0,0.0,0,0.0,0,100.0,4,761,2549,2788,3,2549,0,0,0,3474,3474,100.0,0,0.0,0,0.0,1366,633,46.33967789165447,733,53.66032210834554,0,0.0,111,32,11,0,0,0,0,0,0,0,43.7095926412615,761,625,0.0,0.5256241787122208,16.29434954007884,0.0,78.44940867279895,ModelParams,v3,1779217955.7085707,29.0,26.126126126126124,51.0,45.94594594594595,31.0,27.927927927927925,0.0,0.0,4.0,36.36363636363637,7.0,63.63636363636363,0.0,0.0,32.0,100.0,0.0,0.0
1,2096,433,4,0.9237875288683602,0.8571428571428572,4,4,100.0,0,3,25.635103926096996,74.364896073903,0.0,0,0.0,4,0,0.0,0,0.0,0,0.0,0,100.0,4,747,2556,2809,3,2556,0,0,0,3479,3479,100.0,0,0.0,0,0.0,1368,635,46.41812865497076,733,53.58187134502924,0,0.0,111,32,11,0,0,0,0,0,0,0,43.45113788487282,747,612,0.0,0.535475234270415,16.198125836680052,0.0,78.17938420348058,ModelParams,v3,1779217955.7085707,29.0,26.126126126126124,51.0,45.94594594594595,31.0,27.927927927927925,0.0,0.0,4.0,36.36363636363637,7.0,63.63636363636363,0.0,0.0,32.0,100.0,0.0,0.0
1,2097,428,4,0.9345794392523363,0.8695652173913043,4,4,100.0,0,3,25.46728971962617,74.53271028037383,0.0,0,0.0,4,0,0.0,0,0.0,0,0.0,0,100.0,4,734,2561,2827,3,2561,0,0,0,3482,3482,100.0,0,0.0,0,0.0,1370,636,46.42335766423358,734,53.57664233576642,0,0.0,111,32,11,0,0,0,0,0,0,0,43.31198910081744,734,599,0.0,0.544959128065395,16.212534059945504,0.0,78.2016348773842,ModelParams,v3,1779217955.7085707,29.0,26.126126126126124,51.0,45.94594594594595,31.0,27.927927927927925,0.0,0.0,4.0,36.36363636363637,7.0,63.63636363636363,0.0,0.0,32.0,100.0,0.0,0.0
1,2098,427,3,0.702576112412178,0.5847953216374269,3,3,100.0,0,3,24.59016393442623,75.40983606557377,0.0,0,0.0,3,0,0.0,0,0.0,0,0.0,0,100.0,3,720,2567,2847,3,2567,0,0,0,3485,3485,100.0,0,0.0,0,0.0,1373,638,46.46758922068463,735,53.53241077931536,0,0.0,111,32,11,0,0,0,0,0,0,0,43.019444444444446,720,587,0.0,0.4166666666666667,15.833333333333332,0.0,78.05555555555556,ModelParams,v3,1779217955.7085707,29.0,26.126126126126124,51.0,45.94594594594595,31.0,27.927927927927925,0.0,0.0,4.0,36.36363636363637,7.0,63.63636363636363,0.0,0.0,32.0,100.0,0.0,0.0
1,2099,410,3,0.7317073170731708,0.6172839506172839,3,3,100.0,0,3,23.902439024390244,76.09756097560975,0.0,0,0.0,3,0,0.0,0,0.0,0,0.0,0,100.0,3,704,2569,2865,3,2569,0,0,0,3487,3487,100.0,0,0.0,0,0.0,1373,638,46.46758922068463,735,53.53241077931536,0,0.0,111,32,11,0,0,0,0,0,0,0,43.23579545454545,704,570,0.0,0.4261363636363636,15.625,0.0,78.55113636363636,ModelParams,v3,1779217955.7085707,29.0,26.126126126126124,51.0,45.94594594594595,31.0,27.927927927927925,0.0,0.0,4.0,36.36363636363637,7.0,63.63636363636363,0.0,0.0,32.0,100.0,0.0,0.0
1,2100,404,3,0.7425742574257426,0.6230529595015576,3,3,100.0,0,3,24.00990099009901,75.99009900990099,0.0,0,0.0,3,0,0.0,0,0.0,0,0.0,0,100.0,3,698,2577,2879,3,2577,0,0,0,3493,3493,100.0,0,0.0,0,0.0,1375,640,46.54545454545455,735,53.45454545454545,0,0.0,111,32,11,0,0,0,0,0,0,0,43.22636103151862,698,565,0.0,0.42979942693409745,15.329512893982807,0.0,78.36676217765043,ModelParams,v3,1779217955.7085707,29.0,26.126126126126124,51.0,45.94594594594595,31.0,27.927927927927925,0.0,0.0,4.0,36.36363636363637,7.0,63.63636363636363,0.0,0.0,32.0,100.0,0.0,0.0
1,2101,400,3,0.75,0.6329113924050633,3,3,100.0,0,3,24.0,76.0,0.0,0,0.0,3,0,0.0,0,0.0,0,0.0,0,100.0,3,695,2583,2888,3,2583,0,0,0,3498,3498,100.0,0,0.0,0,0.0,1376,641,46.5843023255814,735,53.4156976744186,0,0.0,111,32,11,0,0,0,0,0,0,0,43.49208633093525,695,561,0.0,0.4316546762589928,15.107913669064748,0.0,78.41726618705036,ModelParams,v3,1779217955.7085707,29.0,26.126126126126124,51.0,45.94594594594595,31.0,27.927927927927925,0.0,0.0,4.0,36.36363636363637,7.0,63.63636363636363,0.0,0.0,32.0,100.0,0.0,0.0
1,2102,392,3,0.7653061224489796,0.6451612903225806,3,3,100.0,0,3,23.97959183673469,76.0204081632653,0.0,0,0.0,3,0,0.0,0,0.0,0,0.0,0,100.0,3,685,2591,2906,3,2591,0,0,0,3504,3504,100.0,0,0.0,0,0.0,1378,641,46.516690856313495,737,53.4833091436865,0,0.0,111,32,11,0,0,0,0,0,0,0,43.31386861313869,685,555,0.0,0.43795620437956206,15.182481751824817,0.0,78.1021897810219,ModelParams,v3,1779217955.7085707,29.0,26.126126126126124,51.0,45.94594594594595,31.0,27.927927927927925,0.0,0.0,4.0,36.36363636363637,7.0,63.63636363636363,0.0,0.0,32.0,100.0,0.0,0.0
1,2103,386,3,0.7772020725388601,0.6578947368421052,3,3,100.0,0,3,23.57512953367876,76.42487046632125,0.0,0,0.0,3,0,0.0,0,0.0,0,0.0,0,100.0,3,675,2596,2921,3,2596,0,0,0,3508,3508,100.0,0,0.0,0,0.0,1379,641,46.48295866569978,738,53.51704133430022,0,0.0,111,32,11,0,0,0,0,0,0,0,43.20444444444445,675,544,0.0,0.4444444444444444,14.666666666666666,0.0,78.37037037037037,ModelParams,v3,1779217955.7085707,29.0,26.126126126126124,51.0,45.94594594594595,31.0,27.927927927927925,0.0,0.0,4.0,36.36363636363637,7.0,63.63636363636363,0.0,0.0,32.0,100.0,0.0,0.0
1,2104,376,3,0.7978723404255319,0.6802721088435374,3,3,100.0,0,3,22.074468085106382,77.92553191489363,0.0,0,0.0,3,0,0.0,0,0.0,0,0.0,0,100.0,3,668,2601,2933,3,2601,0,0,0,3511,3511,100.0,0,0.0,0,0.0,1381,642,46.488052136133234,739,53.51194786386676,0,0.0,111,32,11,0,0,0,0,0,0,0,43.43712574850299,668,537,0.0,0.4491017964071856,14.820359281437126,0.0,78.89221556886228,ModelParams,v3,1779217955.7085707,29.0,26.126126126126124,51.0,45.94594594594595,31.0,27.927927927927925,0.0,0.0,4.0,36.36363636363637,7.0,63.63636363636363,0.0,0.0,32.0,100.0,0.0,0.0
1,2105,369,3,0.8130081300813009,0.6993006993006993,3,3,100.0,0,3,23.577235772357724,76.42276422764228,0.0,0,0.0,3,0,0.0,0,0.0,0,0.0,0,100.0,3,658,2610,2952,3,2610,0,0,0,3517,3517,100.0,0,0.0,0,0.0,1384,644,46.53179190751445,740,53.46820809248555,0,0.0,111,32,11,0,0,0,0,0,0,0,43.234042553191486,658,527,0.0,0.4559270516717325,14.893617021276595,0.0,78.72340425531915,ModelParams,v3,1779217955.7085707,29.0,26.126126126126124,51.0,45.94594594594595,31.0,27.927927927927925,0.0,0.0,4.0,36.36363636363637,7.0,63.63636363636363,0.0,0.0,32.0,100.0,0.0,0.0
1,2106,358,3,0.8379888268156425,0.7168458781362007,3,3,100.0,0,3,24.30167597765363,75.69832402234637,0.0,0,0.0,3,0,0.0,0,0.0,0,0.0,0,100.0,3,644,2613,2969,3,2613,0,0,0,3520,3520,100.0,0,0.0,0,0.0,1384,644,46.53179190751445,740,53.46820809248555,0,0.0,111,32,11,0,0,0,0,0,0,0,43.18167701863354,644,513,0.0,0.4658385093167702,14.596273291925465,0.0,79.19254658385093,ModelParams,v3,1779217955.7085707,29.0,26.126126126126124,51.0,45.94594594594595,31.0,27.927927927927925,0.0,0.0,4.0,36.36363636363637,7.0,63.63636363636363,0.0,0.0,32.0,100.0,0.0,0.0
1,2107,357,3,0.8403361344537815,0.7246376811594203,3,3,100.0,0,3,24.369747899159663,75.63025210084034,0.0,0,0.0,3,0,0.0,0,0.0,0,0.0,0,100.0,3,637,2620,2983,3,2620,0,0,0,3525,3525,100.0,0,0.0,0,0.0,1386,645,46.53679653679654,741,53.46320346320347,0,0.0,111,32,11,0,0,0,0,0,0,0,42.941915227629515,637,504,0.0,0.47095761381475665,14.599686028257459,0.0,79.12087912087912,ModelParams,v3,1779217955.7085707,29.0,26.126126126126124,51.0,45.94594594594595,31.0,27.927927927927925,0.0,0.0,4.0,36.36363636363637,7.0,63.63636363636363,0.0,0.0,32.0,100.0,0.0,0.0
1,2108,358,3,0.8379888268156425,0.7246376811594203,3,3,100.0,0,3,26.256983240223462,73.74301675977654,0.0,0,0.0,3,0,0.0,0,0.0,0,0.0,0,100.0,3,636,2631,2995,3,2631,0,0,0,3534,3534,100.0,0,0.0,0,0.0,1388,646,46.54178674351585,742,53.45821325648416,0,0.0,111,32,11,0,0,0,0,0,0,0,42.770440251572325,636,502,0.0,0.4716981132075472,14.150943396226415,0.0,78.9308176100629,ModelParams,v3,1779217955.7085707,29.0,26.126126126126124,51.0,45.94594594594595,31.0,27.927927927927925,0.0,0.0,4.0,36.36363636363637,7.0,63.63636363636363,0.0,0.0,32.0,100.0,0.0,0.0
1,2109,360,3,0.8333333333333334,0.7220216606498195,3,3,100.0,0,3,25.0,75.0,0.0,0,0.0,3,0,0.0,0,0.0,0,0.0,0,100.0,3,625,2636,3011,3,2636,0,0,0,3538,3538,100.0,0,0.0,0,0.0,1389,646,46.508279337652986,743,53.49172066234701,0,0.0,111,32,11,0,0,0,0,0,0,0,42.6208,625,493,0.0,0.48,13.76,0.0,79.2,ModelParams,v3,1779217955.7085707,29.0,26.126126126126124,51.0,45.94594594594595,31.0,27.927927927927925,0.0,0.0,4.0,36.36363636363637,7.0,63.63636363636363,0.0,0.0,32.0,100.0,0.0,0.0
1,2110,356,3,0.8426966292134831,0.7380073800738007,3,3,100.0,0,3,26.12359550561798,73.87640449438202,0.0,0,0.0,3,0,0.0,0,0.0,0,0.0,0,100.0,3,622,2644,3022,3,2644,0,0,0,3543,3543,100.0,0,0.0,0,0.0,1392,649,46.62356321839081,743,53.37643678160919,0,0.0,111,32,11,0,0,0,0,0,0,0,42.51446945337621,622,488,0.0,0.482315112540193,13.987138263665594,0.0,78.77813504823152,ModelParams,v3,1779217955.7085707,29.0,26.126126126126124,51.0,45.94594594594595,31.0,27.927927927927925,0.0,0.0,4.0,36.36363636363637,7.0,63.63636363636363,0.0,0.0,32.0,100.0,0.0,0.0
1,2111,347,3,0.8645533141210375,0.7547169811320755,3,3,100.0,0,3,25.64841498559078,74.35158501440922,0.0,0,0.0,3,0,0.0,0,0.0,0,0.0,0,100.0,3,610,2647,3037,3,2647,0,0,0,3545,3545,100.0,0,0.0,0,0.0,1393,649,46.590093323761664,744,53.409906676238336,0,0.0,111,32,11,0,0,0,0,0,0,0,42.53934426229508,610,479,0.0,0.49180327868852464,14.262295081967213,0.0,78.85245901639344,ModelParams,v3,1779217955.7085707,29.0,26.126126126126124,51.0,45.94594594594595,31.0,27.927927927927925,0.0,0.0,4.0,36.36363636363637,7.0,63.63636363636363,0.0,0.0,32.0,100.0,0.0,0.0
1,2112,341,3,0.8797653958944283,0.7604562737642585,3,3,100.0,0,3,26.68621700879765,73.31378299120234,0.0,0,0.0,3,0,0.0,0,0.0,0,0.0,0,100.0,3,608,2654,3046,3,2654,0,0,0,3548,3548,100.0,0,0.0,0,0.0,1396,651,46.63323782234957,745,53.36676217765043,0,0.0,112,32,11,0,0,0,0,0,0,0,42.60197368421053,608,478,0.0,0.4934210526315789,14.144736842105262,0.0,78.45394736842105,ModelParams,v3,1779217955.7085707,29.0,25.892857142857146,51.0,45.535714285714285,32.0,28.57142857142857,0.0,0.0,4.0,36.36363636363637,7.0,63.63636363636363,0.0,0.0,32.0,100.0,0.0,0.0
1,2113,340,3,0.8823529411764706,0.7692307692307693,3,3,100.0,0,3,27.647058823529413,72.35294117647058,0.0,0,0.0,3,0,0.0,0,0.0,0,0.0,0,100.0,3,605,2663,3058,3,2663,0,0,0,3552,3552,100.0,0,0.0,0,0.0,1400,654,46.714285714285715,746,53.28571428571428,0,0.0,113,32,11,0,0,0,0,0,0,0,42.34214876033058,605,475,0.0,0.49586776859504134,14.214876033057852,0.0,77.85123966942149,ModelParams,v3,1779217955.7085707,30.0,26.548672566371685,51.0,45.13274336283185,32.0,28.31858407079646,0.0,0.0,4.0,36.36363636363637,7.0,63.63636363636363,0.0,0.0,32.0,100.0,0.0,0.0
1,2114,338,3,0.8875739644970414,0.78125,3,3,100.0,0,3,28.402366863905325,71.59763313609467,0.0,0,0.0,3,0,0.0,0,0.0,0,0.0,0,100.0,3,602,2667,3065,3,2667,0,0,0,3555,3555,100.0,0,0.0,0,0.0,1401,654,46.680942184154176,747,53.319057815845824,0,0.0,113,32,11,0,0,0,0,0,0,0,42.63953488372093,602,471,0.0,0.4983388704318937,14.285714285714285,0.0,78.23920265780731,ModelParams,v3,1779217955.7085707,30.0,26.548672566371685,51.0,45.13274336283185,32.0,28.31858407079646,0.0,0.0,4.0,36.36363636363637,7.0,63.63636363636363,0.0,0.0,32.0,100.0,0.0,0.0
1,2115,331,3,0.906344410876133,0.7936507936507936,3,3,100.0,0,3,27.492447129909365,72.50755287009063,0.0,0,0.0,3,0,0.0,0,0.0,0,0.0,0,100.0,3,593,2669,3076,3,2669,0,0,0,3557,3557,100.0,0,0.0,0,0.0,1401,654,46.680942184154176,747,53.319057815845824,0,0.0,113,32,11,0,0,0,0,0,0,0,43.02023608768971,593,464,0.0,0.5059021922428331,14.502529510961216,0.0,78.75210792580101,ModelParams,v3,1779217955.7085707,30.0,26.548672566371685,51.0,45.13274336283185,32.0,28.31858407079646,0.0,0.0,4.0,36.36363636363637,7.0,63.63636363636363,0.0,0.0,32.0,100.0,0.0,0.0
1,2116,332,3,0.9036144578313252,0.796812749003984,3,3,100.0,0,3,28.313253012048197,71.6867469879518,0.0,0,0.0,3,0,0.0,0,0.0,0,0.0,0,100.0,3,591,2678,3087,3,2678,0,0,0,3562,3562,100.0,0,0.0,0,0.0,1405,656,46.69039145907473,749,53.30960854092527,0,0.0,113,32,11,0,0,0,0,0,0,0,42.84602368866328,591,461,0.0,0.5076142131979695,13.874788494077833,0.0,78.34179357021996,ModelParams,v3,1779217955.7085707,30.0,26.548672566371685,51.0,45.13274336283185,32.0,28.31858407079646,0.0,0.0,4.0,36.36363636363637,7.0,63.63636363636363,0.0,0.0,32.0,100.0,0.0,0.0
1,2117,324,3,0.9259259259259258,0.8163265306122449,3,3,100.0,0,3,27.160493827160494,72.8395061728395,0.0,0,0.0,3,0,0.0,0,0.0,0,0.0,0,100.0,3,582,2680,3098,3,2680,0,0,0,3563,3563,100.0,0,0.0,0,0.0,1406,656,46.65718349928876,750,53.34281650071123,0,0.0,113,32,11,0,0,0,0,0,0,0,43.15635738831615,582,453,0.0,0.5154639175257731,14.261168384879724,0.0,78.52233676975945,ModelParams,v3,1779217955.7085707,30.0,26.548672566371685,51.0,45.13274336283185,32.0,28.31858407079646,0.0,0.0,4.0,36.36363636363637,7.0,63.63636363636363,0.0,0.0,32.0,100.0,0.0,0.0
1,2118,322,3,0.9316770186335404,0.8163265306122449,3,3,100.0,0,3,27.32919254658385,72.67080745341616,0.0,0,0.0,3,0,0.0,0,0.0,0,0.0,0,100.0,3,574,2685,3111,3,2685,0,0,0,3565,3565,100.0,0,0.0,0,0.0,1409,657,46.628814762242726,752,53.37118523775728,0,0.0,113,32,11,0,0,0,0,0,0,0,43.06445993031359,574,447,0.0,0.5226480836236934,14.634146341463413,0.0,78.04878048780488,ModelParams,v3,1779217955.7085707,30.0,26.548672566371685,51.0,45.13274336283185,32.0,28.31858407079646,0.0,0.0,4.0,36.36363636363637,7.0,63.63636363636363,0.0,0.0,32.0,100.0,0.0,0.0
1,2119,326,3,0.9202453987730062,0.8032128514056224,3,3,100.0,0,3,27.300613496932513,72.69938650306749,0.0,0,0.0,3,0,0.0,0,0.0,0,0.0,0,100.0,3,572,2691,3119,3,2691,0,0,0,3568,3568,100.0,0,0.0,0,0.0,1412,659,46.671388101983005,753,53.328611898016995,0,0.0,113,32,11,0,0,0,0,0,0,0,43.13111888111888,572,448,0.0,0.5244755244755245,14.51048951048951,0.0,77.7972027972028,ModelParams,v3,1779217955.7085707,30.0,26.548672566371685,51.0,45.13274336283185,32.0,28.31858407079646,0.0,0.0,4.0,36.36363636363637,7.0,63.63636363636363,0.0,0.0,32.0,100.0,0.0,0.0
1,2120,321,3,0.9345794392523363,0.8163265306122449,3,3,100.0,0,3,25.85669781931464,74.14330218068535,0.0,0,0.0,3,0,0.0,0,0.0,0,0.0,0,100.0,3,566,2695,3129,3,2695,0,0,0,3571,3571,100.0,0,0.0,0,0.0,1413,660,46.70912951167728,753,53.29087048832272,0,0.0,113,32,11,0,0,0,0,0,0,0,43.57243816254417,566,443,0.0,0.5300353356890459,14.840989399293287,0.0,78.26855123674912,ModelParams,v3,1779217955.7085707,30.0,26.548672566371685,51.0,45.13274336283185,32.0,28.31858407079646,0.0,0.0,4.0,36.36363636363637,7.0,63.63636363636363,0.0,0.0,32.0,100.0,0.0,0.0
1,2121,318,3,0.9433962264150944,0.8298755186721992,3,3,100.0,0,3,27.044025157232703,72.95597484276729,0.0,0,0.0,3,0,0.0,0,0.0,0,0.0,0,100.0,3,557,2701,3144,3,2701,0,0,0,3575,3575,100.0,0,0.0,0,0.0,1415,660,46.64310954063604,755,53.35689045936396,0,0.0,113,32,11,0,0,0,0,0,0,0,43.27648114901257,557,434,0.0,0.5385996409335727,14.542190305206462,0.0,77.91741472172352,ModelParams,v3,1779217955.7085707,30.0,26.548672566371685,51.0,45.13274336283185,32.0,28.31858407079646,0.0,0.0,4.0,36.36363636363637,7.0,63.63636363636363,0.0,0.0,32.0,100.0,0.0,0.0
1,2122,317,3,0.9463722397476341,0.8298755186721992,3,3,100.0,0,4,27.129337539432175,72.87066246056783,0.0,0,0.0,3,0,0.0,0,0.0,0,0.0,0,100.0,3,555,2707,3152,4,2707,0,0,0,3578,3578,100.0,0,0.0,0,0.0,1418,661,46.614950634696754,757,53.38504936530324,0,0.0,114,32,11,0,0,0,0,0,0,0,43.51171171171171,555,432,0.0,0.5405405405405406,14.414414414414415,0.0,78.01801801801803,ModelParams,v3,1779217955.7085707,30.0,26.31578947368421,52.0,45.614035087719294,32.0,28.07017543859649,0.0,0.0,4.0,36.36363636363637,7.0,63.63636363636363,0.0,0.0,32.0,100.0,0.0,0.0
1,2123,314,3,0.9554140127388535,0.8403361344537815,3,3,100.0,0,4,24.522292993630572,75.47770700636943,0.0,0,0.0,3,0,0.0,0,0.0,0,0.0,0,100.0,3,544,2709,3165,4,2709,0,0,0,3578,3578,100.0,0,0.0,0,0.0,1420,661,46.54929577464789,759,53.450704225352105,0,0.0,114,32,11,0,0,0,0,0,0,0,43.56617647058823,544,425,0.0,0.5514705882352942,14.705882352941178,0.0,78.125,ModelParams,v3,1779217955.7085707,30.0,26.31578947368421,52.0,45.614035087719294,32.0,28.07017543859649,0.0,0.0,4.0,36.36363636363637,7.0,63.63636363636363,0.0,0.0,32.0,100.0,0.0,0.0
1,2124,308,3,0.974025974025974,0.8658008658008658,3,3,100.0,0,4,24.675324675324674,75.32467532467533,0.0,0,0.0,3,0,0.0,0,0.0,0,0.0,0,100.0,3,537,2713,3176,4,2713,0,0,0,3581,3581,100.0,0,0.0,0,0.0,1421,661,46.51653764954258,760,53.48346235045742,0,0.0,114,32,11,0,0,0,0,0,0,0,43.737430167597765,537,415,0.0,0.5586592178770949,14.8975791433892,0.0,78.2122905027933,ModelParams,v3,1779217955.7085707,30.0,26.31578947368421,52.0,45.614035087719294,32.0,28.07017543859649,0.0,0.0,4.0,36.36363636363637,7.0,63.63636363636363,0.0,0.0,32.0,100.0,0.0,0.0
1,2125,304,3,0.9868421052631579,0.8658008658008658,3,3,100.0,0,4,24.013157894736842,75.98684210526315,0.0,0,0.0,3,0,0.0,0,0.0,0,0.0,0,100.0,3,531,2718,3187,4,2718,0,0,0,3583,3583,100.0,0,0.0,0,0.0,1424,662,46.48876404494382,762,53.51123595505618,0,0.0,114,32,11,0,0,0,0,0,0,0,43.813559322033896,531,413,0.0,0.5649717514124294,15.254237288135593,0.0,78.3427495291902,ModelParams,v3,1779217955.7085707,30.0,26.31578947368421,52.0,45.614035087719294,32.0,28.07017543859649,0.0,0.0,4.0,36.36363636363637,7.0,63.63636363636363,0.0,0.0,32.0,100.0,0.0,0.0
