run_id,year,total_agents,total_affected,prevalence_total_pct,prevalence_armenian_pct,diagnosed,on_colchicine,diagnosed_pct,undiagnosed_symptomatic,prevented_births_total,age_0_14_pct,age_15_49_pct,age_50_plus_pct,m694v_homo_absolute,m694v_homo_prevalence_pct,total_carriers_absolute,total_compound_absolute,m694v_homo_in_affected_pct,m694v_homo_count,compound_in_affected_pct,compound_count,other_homo_in_affected_pct,other_homo_count,hetero_in_affected_pct,hetero_count,total_population,total_births_cumulative,total_deaths_cumulative,prevented_fmf_births,total_children_born,children_healthy,children_carrier,children_affected,mendel_healthy_healthy_total,mendel_carrier_healthy_total,mendel_carrier_carrier_total,mendel_affected_healthy_total,mendel_affected_carrier_total,mendel_affected_affected_total,healthy_births,carrier_births,affected_births,pgt_attempts,pgt_births,pgt_eligible_but_declined,mean_age,population_total,arm_count,true_prevalence_genetic,clinical_prevalence,carrier_frequency_pct,diagnostic_coverage,screening_coverage_pct,scenario,cache_version,timestamp,mendel_healthy_healthy_healthy_count,mendel_healthy_healthy_healthy_pct,mendel_healthy_healthy_carrier_count,mendel_healthy_healthy_carrier_pct,mendel_healthy_healthy_affected_count,mendel_healthy_healthy_affected_pct,mendel_carrier_healthy_healthy_count,mendel_carrier_healthy_healthy_pct,mendel_carrier_healthy_carrier_count,mendel_carrier_healthy_carrier_pct,mendel_carrier_healthy_affected_count,mendel_carrier_healthy_affected_pct,mendel_carrier_carrier_healthy_count,mendel_carrier_carrier_healthy_pct,mendel_carrier_carrier_carrier_count,mendel_carrier_carrier_carrier_pct,mendel_carrier_carrier_affected_count,mendel_carrier_carrier_affected_pct,mendel_affected_healthy_healthy_count,mendel_affected_healthy_healthy_pct,mendel_affected_healthy_carrier_count,mendel_affected_healthy_carrier_pct,mendel_affected_healthy_affected_count,mendel_affected_healthy_affected_pct,mendel_affected_affected_healthy_count,mendel_affected_affected_healthy_pct,mendel_affected_affected_carrier_count,mendel_affected_affected_carrier_pct,mendel_affected_affected_affected_count,mendel_affected_affected_affected_pct,mendel_affected_carrier_healthy_count,mendel_affected_carrier_healthy_pct,mendel_affected_carrier_carrier_count,mendel_affected_carrier_carrier_pct,mendel_affected_carrier_affected_count,mendel_affected_carrier_affected_pct
0,1950,4229,14,0.3310475289666588,0.3735325506937033,7,7,50.0,7,0,38.165050839441946,61.834949160558054,0.0,1,0.023646252069047056,1,10,7.142857142857142,1,71.42857142857143,10,0.0,0,7.142857142857142,1,5076,119,43,0,119,0,0,0,0,0,0,0,0,0,0,0,0,0,0,0,28.29294720252167,5076,4527,0.6698187549251379,0.37431048069345946,17.257683215130022,32.35294117647059,0.0,ModelParams,v3,1779490854.3787873,,,,,,,,,,,,,,,,,,,,,,,,,,,,,,,,,,,,
0,1951,4264,14,0.3283302063789869,0.373632239124633,6,6,42.857142857142854,8,0,38.18011257035647,61.81988742964353,0.0,0,0.0,2,10,0.0,0,71.42857142857143,10,0.0,0,14.285714285714285,2,5143,226,83,0,226,0,0,0,208,76,4,5,0,0,0,0,0,0,0,0,28.48084775422905,5143,4556,0.6610927474236827,0.408321991055804,17.363406572039665,32.35294117647059,0.0,ModelParams,v3,1779490854.3787873,208.0,100.0,0.0,0.0,0.0,0.0,46.0,60.526315789473685,30.0,39.473684210526315,0.0,0.0,1.0,25.0,0.0,0.0,3.0,75.0,0.0,0.0,5.0,100.0,0.0,0.0,,,,,,,,,,,,
0,1952,4317,13,0.3011350474866806,0.3457446808510638,5,5,38.46153846153847,8,0,38.846421125781795,61.153578874218205,0.0,0,0.0,2,9,0.0,0,69.23076923076923,9,0.0,0,15.384615384615385,2,5228,362,134,0,362,0,0,0,399,139,14,6,0,0,0,0,0,0,0,0,28.45141545524101,5228,4599,0.6885998469778117,0.3825554705432288,17.27237949502678,30.555555555555557,0.0,ModelParams,v3,1779490854.3787873,399.0,100.0,0.0,0.0,0.0,0.0,80.0,57.55395683453237,59.0,42.44604316546763,0.0,0.0,3.0,21.428571428571427,5.0,35.714285714285715,6.0,42.857142857142854,0.0,0.0,6.0,100.0,0.0,0.0,,,,,,,,,,,,
0,1953,4374,14,0.3200731595793324,0.3710575139146568,5,5,35.714285714285715,9,0,39.048925468678554,60.951074531321446,0.0,0,0.0,3,9,0.0,0,64.28571428571429,9,0.0,0,21.428571428571427,3,5309,489,180,0,489,0,0,0,672,235,24,13,0,0,0,0,0,0,0,0,28.488227538142777,5309,4632,0.6780938029760784,0.3955547184027124,17.34789979280467,30.555555555555557,0.0,ModelParams,v3,1779490854.3787873,672.0,100.0,0.0,0.0,0.0,0.0,134.0,57.02127659574469,101.0,42.97872340425532,0.0,0.0,9.0,37.5,9.0,37.5,6.0,25.0,0.0,0.0,13.0,100.0,0.0,0.0,,,,,,,,,,,,
0,1954,4433,15,0.3383713061132416,0.39609189331925004,5,5,33.33333333333333,10,0,39.20595533498759,60.7940446650124,0.0,1,0.022558087074216106,3,9,6.666666666666667,1,60.0,9,0.0,0,20.0,3,5383,611,228,0,611,0,0,0,757,267,29,13,0,0,0,0,0,0,0,0,28.58796210291659,5383,4658,0.7059260635333457,0.40869403678246335,17.332342559910828,28.947368421052634,0.0,ModelParams,v3,1779490854.3787873,757.0,100.0,0.0,0.0,0.0,0.0,151.0,56.55430711610487,116.0,43.445692883895134,0.0,0.0,10.0,34.48275862068966,12.0,41.37931034482759,7.0,24.137931034482758,0.0,0.0,13.0,100.0,0.0,0.0,,,,,,,,,,,,
0,1955,4483,15,0.3345973678340397,0.3971405877680699,5,5,33.33333333333333,10,0,39.326343966094136,60.673656033905864,0.0,1,0.022306491188935983,3,8,6.666666666666667,1,53.333333333333336,8,6.666666666666667,1,20.0,3,5472,742,270,0,742,0,0,0,941,342,42,18,0,0,0,0,0,0,0,0,28.666849415204677,5472,4688,0.712719298245614,0.42032163742690054,17.269736842105264,30.76923076923077,0.0,ModelParams,v3,1779490854.3787873,941.0,100.0,0.0,0.0,0.0,0.0,185.0,54.09356725146199,157.0,45.90643274853801,0.0,0.0,11.0,26.190476190476193,21.0,50.0,10.0,23.809523809523807,0.0,0.0,18.0,100.0,0.0,0.0,,,,,,,,,,,,
0,1956,4547,15,0.3298878381350341,0.3948407475651487,5,5,33.33333333333333,10,0,39.91642841433912,60.08357158566088,0.0,1,0.021992522542335604,3,8,6.666666666666667,1,53.333333333333336,8,6.666666666666667,1,20.0,3,5565,885,320,0,885,0,0,0,1116,411,51,23,0,0,0,0,0,0,0,0,28.679424977538186,5565,4735,0.7187780772686434,0.4132973944294699,17.25067385444744,30.0,0.0,ModelParams,v3,1779490854.3787873,1116.0,100.0,0.0,0.0,0.0,0.0,215.0,52.311435523114355,196.0,47.688564476885645,0.0,0.0,13.0,25.49019607843137,27.0,52.94117647058824,11.0,21.568627450980394,0.0,0.0,23.0,100.0,0.0,0.0,,,,,,,,,,,,
0,1957,4620,17,0.367965367965368,0.41884816753926707,5,5,29.411764705882355,12,0,40.476190476190474,59.523809523809526,0.0,1,0.021645021645021644,5,8,5.88235294117647,1,47.05882352941176,8,5.88235294117647,1,29.411764705882355,5,5650,1027,377,0,1027,0,0,0,1380,538,65,28,0,1,0,0,0,0,0,0,28.651327433628317,5650,4764,0.7433628318584071,0.4424778761061947,17.292035398230087,28.57142857142857,0.0,ModelParams,v3,1779490854.3787873,1380.0,100.0,0.0,0.0,0.0,0.0,280.0,52.04460966542751,258.0,47.95539033457249,0.0,0.0,17.0,26.153846153846157,32.0,49.23076923076923,16.0,24.615384615384617,0.0,0.0,28.0,100.0,0.0,0.0,0.0,0.0,0.0,0.0,1.0,100.0,,,,,,
0,1958,4684,18,0.3842869342442357,0.4443282801881861,5,5,27.77777777777778,13,0,40.60631938514091,59.39368061485909,0.0,1,0.02134927412467976,5,9,5.555555555555555,1,50.0,9,5.555555555555555,1,27.77777777777778,5,5753,1170,417,0,1170,0,0,0,1572,615,71,31,1,1,0,0,0,0,0,0,28.72779419433339,5753,4802,0.730053884929602,0.45193811924213456,17.260559707978445,28.57142857142857,0.0,ModelParams,v3,1779490854.3787873,1572.0,100.0,0.0,0.0,0.0,0.0,321.0,52.19512195121951,294.0,47.80487804878049,0.0,0.0,18.0,25.352112676056336,34.0,47.88732394366197,19.0,26.76056338028169,0.0,0.0,31.0,100.0,0.0,0.0,0.0,0.0,0.0,0.0,1.0,100.0,0.0,0.0,0.0,0.0,1.0,100.0
0,1959,4740,18,0.37974683544303794,0.4434011476264998,5,5,27.77777777777778,13,0,40.61181434599156,59.38818565400844,0.0,1,0.02109704641350211,5,9,5.555555555555555,1,50.0,9,5.555555555555555,1,27.77777777777778,5,5838,1313,475,0,1313,0,0,0,1675,660,80,31,1,1,0,0,0,0,0,0,28.6981843096951,5838,4836,0.7708119218910586,0.4453579993148339,17.26618705035971,26.666666666666668,0.0,ModelParams,v3,1779490854.3787873,1675.0,100.0,0.0,0.0,0.0,0.0,352.0,53.333333333333336,308.0,46.666666666666664,0.0,0.0,22.0,27.500000000000004,36.0,45.0,22.0,27.500000000000004,0.0,0.0,31.0,100.0,0.0,0.0,0.0,0.0,0.0,0.0,1.0,100.0,0.0,0.0,0.0,0.0,1.0,100.0
0,1960,4783,19,0.3972402257997073,0.46923879040667366,5,5,26.31578947368421,14,0,39.84946686180222,60.15053313819778,0.0,1,0.02090738030524775,5,10,5.263157894736842,1,52.63157894736842,10,5.263157894736842,1,26.31578947368421,5,5911,1436,525,0,1436,0,0,0,1840,726,89,34,1,1,0,0,0,0,0,0,28.878193199120282,5911,4858,0.7612925054982236,0.4567755032989342,17.30671629165962,26.666666666666668,0.0,ModelParams,v3,1779490854.3787873,1840.0,100.0,0.0,0.0,0.0,0.0,385.0,53.03030303030303,341.0,46.96969696969697,0.0,0.0,24.0,26.96629213483146,42.0,47.19101123595505,23.0,25.842696629213485,0.0,0.0,34.0,100.0,0.0,0.0,0.0,0.0,0.0,0.0,1.0,100.0,0.0,0.0,0.0,0.0,1.0,100.0
0,1961,4821,21,0.43559427504667086,0.4945340968245705,5,5,23.809523809523807,16,0,39.431653183986725,60.568346816013275,0.0,2,0.04148516905206388,5,11,9.523809523809524,2,52.38095238095239,11,4.761904761904762,1,23.809523809523807,5,5963,1555,592,0,1555,0,0,0,2013,809,99,36,1,1,0,0,0,0,0,0,28.963944323327183,5963,4873,0.7546536978031192,0.46956230085527423,17.457655542512157,24.444444444444443,0.0,ModelParams,v3,1779490854.3787873,2013.0,100.0,0.0,0.0,0.0,0.0,424.0,52.41038318912238,385.0,47.58961681087763,0.0,0.0,27.0,27.27272727272727,46.0,46.464646464646464,26.0,26.262626262626267,0.0,0.0,36.0,100.0,0.0,0.0,0.0,0.0,0.0,0.0,1.0,100.0,0.0,0.0,0.0,0.0,1.0,100.0
0,1962,4883,20,0.4095842719639565,0.466442083441306,5,5,25.0,15,0,39.258652467745236,60.741347532254764,0.0,1,0.020479213598197828,5,11,5.0,1,55.00000000000001,11,5.0,1,25.0,5,6035,1698,663,0,1698,0,0,0,2302,921,115,38,2,1,0,0,0,0,0,0,28.91151615575808,6035,4900,0.7622203811101905,0.44739022369511183,17.381938690969346,23.91304347826087,0.0,ModelParams,v3,1779490854.3787873,2302.0,100.0,0.0,0.0,0.0,0.0,466.0,50.5971769815418,455.0,49.4028230184582,0.0,0.0,35.0,30.434782608695656,49.0,42.608695652173914,31.0,26.956521739130434,0.0,0.0,38.0,100.0,0.0,0.0,0.0,0.0,0.0,0.0,1.0,100.0,0.0,0.0,0.0,0.0,2.0,100.0
0,1963,4898,20,0.4083299305839118,0.4686279614683676,5,5,25.0,15,0,39.09759085340955,60.90240914659044,0.0,1,0.02041649652919559,6,10,5.0,1,50.0,10,5.0,1,30.0,6,6089,1818,729,0,1818,0,0,0,2462,980,119,40,3,1,0,0,0,0,0,0,29.03777303333881,6089,4915,0.788306782722943,0.45984562325505013,17.260633930037773,22.916666666666664,0.0,ModelParams,v3,1779490854.3787873,2462.0,100.0,0.0,0.0,0.0,0.0,498.0,50.816326530612244,482.0,49.183673469387756,0.0,0.0,35.0,29.411764705882355,52.0,43.69747899159664,32.0,26.89075630252101,0.0,0.0,40.0,100.0,0.0,0.0,0.0,0.0,0.0,0.0,1.0,100.0,0.0,0.0,1.0,33.33333333333333,2.0,66.66666666666666
0,1964,4971,19,0.38221685777509556,0.43927648578811374,4,4,21.052631578947366,15,0,38.84530275598471,61.15469724401529,0.0,1,0.020116676725005028,6,9,5.263157894736842,1,47.368421052631575,9,5.263157894736842,1,31.57894736842105,6,6174,1961,787,0,1961,0,0,0,2561,1015,126,42,3,1,0,0,0,0,0,0,29.060738581146744,6174,4953,0.8098477486232589,0.45351473922902497,17.233560090702948,22.0,0.0,ModelParams,v3,1779490854.3787873,2561.0,100.0,0.0,0.0,0.0,0.0,518.0,51.03448275862069,497.0,48.96551724137931,0.0,0.0,37.0,29.365079365079367,54.0,42.857142857142854,35.0,27.77777777777778,0.0,0.0,42.0,100.0,0.0,0.0,0.0,0.0,0.0,0.0,1.0,100.0,0.0,0.0,1.0,33.33333333333333,2.0,66.66666666666666
0,1965,5004,20,0.3996802557953637,0.46475600309837334,4,4,20.0,16,0,38.54916067146283,61.450839328537164,0.0,1,0.019984012789768184,6,10,5.0,1,50.0,10,5.0,1,30.0,6,6235,2075,840,0,2075,0,0,0,2733,1088,130,42,3,1,0,0,0,0,0,0,29.263512429831597,6235,4976,0.8179631114675221,0.46511627906976744,17.257417802726543,21.568627450980394,0.0,ModelParams,v3,1779490854.3787873,2733.0,100.0,0.0,0.0,0.0,0.0,551.0,50.64338235294118,537.0,49.356617647058826,0.0,0.0,37.0,28.46153846153846,57.0,43.84615384615385,36.0,27.692307692307693,0.0,0.0,42.0,100.0,0.0,0.0,0.0,0.0,0.0,0.0,1.0,100.0,0.0,0.0,1.0,33.33333333333333,2.0,66.66666666666666
0,1966,5062,19,0.375345713156855,0.43848336342532884,4,4,21.052631578947366,15,0,38.71987356775978,61.28012643224022,0.0,1,0.019755037534571314,6,9,5.263157894736842,1,47.368421052631575,9,5.263157894736842,1,31.57894736842105,6,6306,2207,901,0,2207,0,0,0,2918,1163,139,45,4,1,0,0,0,0,0,0,29.307009197589597,6306,4989,0.8404693942277197,0.45987947986045036,17.221693625118935,20.754716981132077,0.0,ModelParams,v3,1779490854.3787873,2918.0,100.0,0.0,0.0,0.0,0.0,587.0,50.47291487532244,576.0,49.527085124677555,0.0,0.0,41.0,29.496402877697843,60.0,43.16546762589928,38.0,27.33812949640288,0.0,0.0,45.0,100.0,0.0,0.0,0.0,0.0,0.0,0.0,1.0,100.0,0.0,0.0,1.0,25.0,3.0,75.0
0,1967,5111,19,0.37174721189591076,0.43668122270742354,4,4,21.052631578947366,15,0,38.09430639796517,61.90569360203483,0.0,1,0.019565642731363724,5,10,5.263157894736842,1,52.63157894736842,10,5.263157894736842,1,26.31578947368421,5,6381,2328,947,0,2328,0,0,0,3095,1227,145,47,5,1,0,0,0,0,0,0,29.557749569033067,6381,5029,0.8776053910045447,0.47014574518100605,17.113305124588624,19.642857142857142,0.0,ModelParams,v3,1779490854.3787873,3095.0,100.0,0.0,0.0,0.0,0.0,611.0,49.79625101874491,616.0,50.20374898125509,0.0,0.0,43.0,29.655172413793103,62.0,42.758620689655174,40.0,27.586206896551722,0.0,0.0,47.0,100.0,0.0,0.0,0.0,0.0,0.0,0.0,1.0,100.0,0.0,0.0,1.0,20.0,4.0,80.0
0,1968,5157,20,0.3878223773511732,0.4611837048424289,4,4,20.0,16,0,37.8514640294745,62.1485359705255,0.0,1,0.01939111886755866,5,11,5.0,1,55.00000000000001,11,5.0,1,25.0,5,6468,2457,989,0,2457,0,0,0,3273,1300,150,50,5,1,0,0,0,0,0,0,29.720624613481757,6468,5071,0.8812615955473098,0.479282622139765,17.0995670995671,21.052631578947366,0.0,ModelParams,v3,1779490854.3787873,3273.0,100.0,0.0,0.0,0.0,0.0,648.0,49.84615384615385,652.0,50.153846153846146,0.0,0.0,44.0,29.333333333333332,63.0,42.0,43.0,28.666666666666668,0.0,0.0,50.0,100.0,0.0,0.0,0.0,0.0,0.0,0.0,1.0,100.0,0.0,0.0,1.0,20.0,4.0,80.0
0,1969,5191,20,0.3852822192255827,0.43701799485861187,3,3,15.0,17,0,37.487959930649204,62.5120400693508,0.0,1,0.019264110961279137,5,11,5.0,1,55.00000000000001,11,5.0,1,25.0,5,6546,2574,1028,0,2574,0,0,0,3432,1362,160,52,5,1,0,0,0,0,0,0,30.021081576535288,6546,5100,0.916590284142988,0.488848151542927,17.12496180873816,20.0,0.0,ModelParams,v3,1779490854.3787873,3432.0,100.0,0.0,0.0,0.0,0.0,679.0,49.85315712187959,683.0,50.14684287812041,0.0,0.0,46.0,28.749999999999996,68.0,42.5,46.0,28.749999999999996,0.0,0.0,52.0,100.0,0.0,0.0,0.0,0.0,0.0,0.0,1.0,100.0,0.0,0.0,1.0,20.0,4.0,80.0
0,1970,5230,20,0.3824091778202677,0.4374678332475553,3,3,15.0,17,0,37.11281070745698,62.88718929254302,0.0,1,0.019120458891013385,6,10,5.0,1,50.0,10,5.0,1,30.0,6,6625,2698,1073,0,2698,0,0,0,3592,1424,169,55,6,1,0,0,0,0,0,0,30.265811320754718,6625,5127,0.9207547169811321,0.49811320754716987,17.11698113207547,19.672131147540984,0.0,ModelParams,v3,1779490854.3787873,3592.0,100.0,0.0,0.0,0.0,0.0,712.0,50.0,712.0,50.0,0.0,0.0,48.0,28.402366863905325,71.0,42.01183431952663,50.0,29.585798816568047,0.0,0.0,55.0,100.0,0.0,0.0,0.0,0.0,0.0,0.0,1.0,100.0,0.0,0.0,2.0,33.33333333333333,4.0,66.66666666666666
0,1971,5286,22,0.41619371925841847,0.4626060138781804,3,3,13.636363636363635,19,0,36.625047294740824,63.37495270525918,0.0,1,0.018917896329928113,6,12,4.545454545454546,1,54.54545454545454,12,4.545454545454546,1,27.27272727272727,6,6708,2833,1125,0,2833,0,0,0,3786,1499,179,57,6,1,0,0,0,0,0,0,30.38550983899821,6708,5159,0.8944543828264758,0.5068574836016696,17.128801431127012,20.0,0.0,ModelParams,v3,1779490854.3787873,3786.0,100.0,0.0,0.0,0.0,0.0,741.0,49.43295530353569,758.0,50.567044696464315,0.0,0.0,51.0,28.49162011173184,77.0,43.01675977653631,51.0,28.49162011173184,0.0,0.0,57.0,100.0,0.0,0.0,0.0,0.0,0.0,0.0,1.0,100.0,0.0,0.0,2.0,33.33333333333333,4.0,66.66666666666666
0,1972,5322,22,0.41337842916196915,0.463082068433239,3,3,13.636363636363635,19,0,35.94513340849305,64.05486659150695,0.0,1,0.018789928598271326,6,12,4.545454545454546,1,54.54545454545454,12,4.545454545454546,1,27.27272727272727,6,6775,2951,1176,0,2951,0,0,0,3934,1561,183,58,6,1,0,0,0,0,0,0,30.55291512915129,6775,5182,0.870848708487085,0.48708487084870844,17.033210332103323,20.33898305084746,0.0,ModelParams,v3,1779490854.3787873,3934.0,100.0,0.0,0.0,0.0,0.0,767.0,49.13516976297245,794.0,50.86483023702755,0.0,0.0,52.0,28.415300546448087,80.0,43.71584699453552,51.0,27.86885245901639,0.0,0.0,58.0,100.0,0.0,0.0,0.0,0.0,0.0,0.0,1.0,100.0,0.0,0.0,2.0,33.33333333333333,4.0,66.66666666666666
0,1973,5351,26,0.4858904877592973,0.5406797116374871,4,4,15.384615384615385,22,0,35.47000560642871,64.5299943935713,0.0,2,0.03737619136609979,8,12,7.6923076923076925,2,46.15384615384615,12,7.6923076923076925,2,30.76923076923077,8,6843,3075,1232,0,3075,0,0,0,4058,1594,189,60,6,2,0,0,0,0,0,0,30.73330410638609,6843,5209,0.8621949437381266,0.5406985240391641,16.995469823176972,22.033898305084744,0.0,ModelParams,v3,1779490854.3787873,4058.0,100.0,0.0,0.0,0.0,0.0,783.0,49.12170639899623,811.0,50.87829360100377,0.0,0.0,53.0,28.04232804232804,84.0,44.44444444444444,52.0,27.513227513227513,0.0,0.0,60.0,100.0,0.0,0.0,0.0,0.0,0.0,0.0,2.0,100.0,0.0,0.0,2.0,33.33333333333333,4.0,66.66666666666666
0,1974,5404,25,0.46262028127313104,0.5122950819672131,4,4,16.0,21,0,34.99259807549963,65.00740192450037,0.0,2,0.03700962250185048,8,11,8.0,2,44.0,11,8.0,2,32.0,8,6932,3209,1277,0,3209,0,0,0,4351,1696,201,65,7,2,0,0,0,0,0,0,30.902336987882286,6932,5261,0.8511252163877668,0.51933064050779,16.964800923254472,20.33898305084746,0.0,ModelParams,v3,1779490854.3787873,4351.0,100.0,0.0,0.0,0.0,0.0,841.0,49.5872641509434,855.0,50.4127358490566,0.0,0.0,59.0,29.35323383084577,88.0,43.78109452736319,54.0,26.865671641791046,0.0,0.0,65.0,100.0,0.0,0.0,0.0,0.0,0.0,0.0,2.0,100.0,0.0,0.0,2.0,28.57142857142857,5.0,71.42857142857143
0,1975,5445,28,0.5142332415059687,0.5885363357215967,5,5,17.857142857142858,23,0,34.72910927456382,65.27089072543617,0.0,2,0.03673094582185491,9,13,7.142857142857142,2,46.42857142857143,13,7.142857142857142,2,32.142857142857146,9,6998,3333,1335,0,3333,0,0,0,4519,1761,208,68,7,2,0,0,0,0,0,0,31.049585595884537,6998,5287,0.8716776221777651,0.5573020863103744,16.99056873392398,22.950819672131146,0.0,ModelParams,v3,1779490854.3787873,4519.0,100.0,0.0,0.0,0.0,0.0,865.0,49.1198182850653,896.0,50.88018171493469,0.0,0.0,61.0,29.326923076923077,92.0,44.230769230769226,55.0,26.442307692307693,0.0,0.0,68.0,100.0,0.0,0.0,0.0,0.0,0.0,0.0,2.0,100.0,0.0,0.0,2.0,28.57142857142857,5.0,71.42857142857143
0,1976,5465,30,0.5489478499542544,0.6166495375128468,5,5,16.666666666666664,25,0,34.69350411710887,65.30649588289113,0.0,2,0.036596523330283626,9,15,6.666666666666667,2,50.0,15,6.666666666666667,2,30.0,9,7066,3459,1393,0,3459,0,0,0,4647,1808,212,71,10,2,0,0,0,0,0,0,31.276110953863572,7066,5313,0.8915935465609963,0.5660911406736484,16.996886498726298,20.634920634920633,0.0,ModelParams,v3,1779490854.3787873,4647.0,100.0,0.0,0.0,0.0,0.0,892.0,49.336283185840706,916.0,50.66371681415929,0.0,0.0,63.0,29.71698113207547,93.0,43.86792452830189,56.0,26.41509433962264,0.0,0.0,71.0,100.0,0.0,0.0,0.0,0.0,0.0,0.0,2.0,100.0,0.0,0.0,4.0,40.0,6.0,60.0
0,1977,5505,31,0.5631244323342416,0.6172839506172839,5,5,16.129032258064516,26,0,34.18710263396912,65.81289736603088,0.0,2,0.03633060853769301,10,15,6.451612903225806,2,48.38709677419355,15,6.451612903225806,2,32.25806451612903,10,7120,3591,1471,0,3591,0,0,0,4801,1861,216,72,10,2,0,0,0,0,0,0,31.37682584269663,7120,5321,0.8707865168539325,0.5617977528089888,17.120786516853933,19.35483870967742,0.0,ModelParams,v3,1779490854.3787873,4801.0,100.0,0.0,0.0,0.0,0.0,917.0,49.274583557227295,944.0,50.72541644277271,0.0,0.0,63.0,29.166666666666668,96.0,44.44444444444444,57.0,26.38888888888889,0.0,0.0,72.0,100.0,0.0,0.0,0.0,0.0,0.0,0.0,2.0,100.0,0.0,0.0,4.0,40.0,6.0,60.0
0,1978,5533,31,0.5602747153442978,0.6179196704428425,6,6,19.35483870967742,25,0,34.104464124344844,65.89553587565517,0.0,2,0.036146755828664376,10,15,6.451612903225806,2,48.38709677419355,15,6.451612903225806,2,32.25806451612903,10,7200,3718,1518,0,3718,0,0,0,4974,1931,226,76,13,2,0,0,0,0,0,0,31.616944444444446,7200,5366,0.8611111111111112,0.5555555555555556,17.166666666666668,20.967741935483872,0.0,ModelParams,v3,1779490854.3787873,4974.0,100.0,0.0,0.0,0.0,0.0,950.0,49.19730709476955,981.0,50.80269290523045,0.0,0.0,66.0,29.20353982300885,100.0,44.24778761061947,60.0,26.548672566371685,0.0,0.0,76.0,100.0,0.0,0.0,0.0,0.0,0.0,0.0,2.0,100.0,0.0,0.0,4.0,30.76923076923077,9.0,69.23076923076923
0,1979,5573,32,0.5741970213529518,0.6166495375128468,9,9,28.125,23,0,33.482863807643994,66.51713619235599,0.0,2,0.03588731383455949,10,16,6.25,2,50.0,16,6.25,2,31.25,10,7266,3838,1572,0,3838,0,0,0,5144,1990,232,79,14,2,0,0,0,0,0,0,31.82204789430223,7266,5399,0.8670520231213872,0.5780346820809248,17.079548582438754,26.984126984126984,0.0,ModelParams,v3,1779490854.3787873,5144.0,100.0,0.0,0.0,0.0,0.0,985.0,49.497487437185924,1005.0,50.502512562814076,0.0,0.0,66.0,28.448275862068968,102.0,43.96551724137931,64.0,27.586206896551722,0.0,0.0,79.0,100.0,0.0,0.0,0.0,0.0,0.0,0.0,2.0,100.0,0.0,0.0,5.0,35.714285714285715,9.0,64.28571428571429
0,1980,5601,33,0.5891805034815212,0.6166495375128468,9,9,27.27272727272727,24,0,33.45831101589002,66.54168898410998,0.0,2,0.03570790930191037,10,17,6.0606060606060606,2,51.515151515151516,17,6.0606060606060606,2,30.303030303030305,10,7319,3960,1641,0,3960,0,0,0,5396,2078,246,86,14,2,0,0,0,0,0,0,31.963792867878126,7319,5414,0.874436398415084,0.5738488864598988,17.010520562918433,25.0,0.0,ModelParams,v3,1779490854.3787873,5396.0,100.0,0.0,0.0,0.0,0.0,1036.0,49.85563041385948,1042.0,50.14436958614053,0.0,0.0,69.0,28.04878048780488,109.0,44.3089430894309,68.0,27.64227642276423,0.0,0.0,86.0,100.0,0.0,0.0,0.0,0.0,0.0,0.0,2.0,100.0,0.0,0.0,5.0,35.714285714285715,9.0,64.28571428571429
0,1981,5634,33,0.5857294994675186,0.5920205920205921,10,10,30.303030303030305,23,0,33.155839545615905,66.8441604543841,0.0,2,0.03549875754348598,9,18,6.0606060606060606,2,54.54545454545454,18,6.0606060606060606,2,27.27272727272727,9,7382,4087,1705,0,4087,0,0,0,5490,2107,251,88,15,2,0,0,0,0,0,0,32.1282850176104,7382,5436,0.9076131129775129,0.5960444324031428,17.00081278786237,26.865671641791046,0.0,ModelParams,v3,1779490854.3787873,5490.0,100.0,0.0,0.0,0.0,0.0,1051.0,49.881347887992405,1056.0,50.11865211200759,0.0,0.0,70.0,27.88844621513944,112.0,44.6215139442231,69.0,27.490039840637447,0.0,0.0,88.0,100.0,0.0,0.0,0.0,0.0,0.0,0.0,2.0,100.0,0.0,0.0,5.0,33.33333333333333,10.0,66.66666666666666
0,1982,5680,34,0.5985915492957746,0.5920205920205921,12,12,35.294117647058826,22,0,33.08098591549295,66.91901408450704,0.0,2,0.035211267605633804,9,19,5.88235294117647,2,55.88235294117647,19,5.88235294117647,2,26.47058823529412,9,7443,4217,1774,0,4217,0,0,0,5651,2191,255,90,16,2,0,0,0,0,0,0,32.251645841730486,7443,5447,0.9001746607550719,0.6180303641004972,17.076447668950692,31.343283582089555,0.0,ModelParams,v3,1779490854.3787873,5651.0,100.0,0.0,0.0,0.0,0.0,1092.0,49.84025559105431,1099.0,50.159744408945684,0.0,0.0,71.0,27.84313725490196,114.0,44.70588235294118,70.0,27.450980392156865,0.0,0.0,90.0,100.0,0.0,0.0,0.0,0.0,0.0,0.0,2.0,100.0,0.0,0.0,5.0,31.25,11.0,68.75
0,1983,5727,36,0.6286013619696176,0.640861317610869,12,12,33.33333333333333,24,0,32.80949886502532,67.19050113497468,0.0,2,0.03492229788720098,9,21,5.555555555555555,2,58.333333333333336,21,5.555555555555555,2,25.0,9,7497,4350,1853,0,4350,0,0,0,5815,2254,260,92,17,2,0,0,0,0,0,0,32.34707216219821,7497,5472,0.8803521408563426,0.613578764839269,17.10017340269441,30.303030303030305,0.0,ModelParams,v3,1779490854.3787873,5815.0,100.0,0.0,0.0,0.0,0.0,1122.0,49.77817213842059,1132.0,50.22182786157941,0.0,0.0,74.0,28.46153846153846,115.0,44.230769230769226,71.0,27.307692307692307,0.0,0.0,92.0,100.0,0.0,0.0,0.0,0.0,0.0,0.0,2.0,100.0,0.0,0.0,5.0,29.411764705882355,12.0,70.58823529411765
0,1984,5787,36,0.6220839813374806,0.6377551020408163,13,13,36.11111111111111,23,0,32.866770347330224,67.13322965266978,0.0,2,0.03456022118541559,9,22,5.555555555555555,2,61.111111111111114,22,5.555555555555555,2,25.0,9,7566,4487,1921,0,4487,0,0,0,6007,2322,271,95,19,2,0,0,0,0,0,0,32.463124504361616,7566,5504,0.9251916468411314,0.6079830822098864,17.023526301876817,30.0,0.0,ModelParams,v3,1779490854.3787873,6007.0,100.0,0.0,0.0,0.0,0.0,1158.0,49.87080103359173,1164.0,50.129198966408275,0.0,0.0,77.0,28.413284132841326,119.0,43.91143911439114,75.0,27.67527675276753,0.0,0.0,95.0,100.0,0.0,0.0,0.0,0.0,0.0,0.0,2.0,100.0,0.0,0.0,5.0,26.31578947368421,14.0,73.68421052631578
0,1985,5812,38,0.653819683413627,0.665983606557377,13,13,34.21052631578947,25,0,32.656572608396424,67.34342739160358,0.0,2,0.034411562284927734,10,23,5.263157894736842,2,60.526315789473685,23,5.263157894736842,2,26.31578947368421,10,7627,4608,1981,0,4608,0,0,0,6169,2381,283,99,21,2,0,0,0,0,0,0,32.717057820899434,7627,5522,0.9440146846728728,0.6293431231152484,16.9004851186574,29.166666666666668,0.0,ModelParams,v3,1779490854.3787873,6169.0,100.0,0.0,0.0,0.0,0.0,1194.0,50.146997060058794,1187.0,49.8530029399412,0.0,0.0,82.0,28.975265017667844,123.0,43.46289752650176,78.0,27.56183745583039,0.0,0.0,99.0,100.0,0.0,0.0,0.0,0.0,0.0,0.0,2.0,100.0,0.0,0.0,7.0,33.33333333333333,14.0,66.66666666666666
0,1986,5878,38,0.6464783940115686,0.662758093295947,12,12,31.57894736842105,26,0,32.61313371895203,67.38686628104797,0.0,3,0.05103776794828172,9,23,7.894736842105263,3,60.526315789473685,23,5.263157894736842,2,23.684210526315788,9,7711,4764,2053,0,4764,0,0,0,6372,2463,293,102,21,2,0,0,0,0,0,0,32.70574503955388,7711,5560,0.9466995201659967,0.6484243288808196,16.89793801063416,30.136986301369863,0.0,ModelParams,v3,1779490854.3787873,6372.0,100.0,0.0,0.0,0.0,0.0,1237.0,50.22330491270808,1226.0,49.77669508729192,0.0,0.0,82.0,27.986348122866893,130.0,44.36860068259386,81.0,27.64505119453925,0.0,0.0,102.0,100.0,0.0,0.0,0.0,0.0,0.0,0.0,2.0,100.0,0.0,0.0,7.0,33.33333333333333,14.0,66.66666666666666
0,1987,5905,40,0.6773920406435224,0.7148327801889202,14,14,35.0,26,0,32.43014394580864,67.56985605419136,0.0,3,0.05080440304826418,9,25,7.5,3,62.5,25,5.0,2,22.5,9,7757,4879,2122,0,4879,0,0,0,6539,2527,304,105,22,2,0,0,0,0,0,0,32.897769756349106,7757,5567,0.9668686347814877,0.6703622534484982,16.862188990589143,32.0,0.0,ModelParams,v3,1779490854.3787873,6539.0,100.0,0.0,0.0,0.0,0.0,1272.0,50.33636723387416,1255.0,49.66363276612584,0.0,0.0,82.0,26.973684210526315,138.0,45.39473684210527,84.0,27.631578947368425,0.0,0.0,105.0,100.0,0.0,0.0,0.0,0.0,0.0,0.0,2.0,100.0,0.0,0.0,8.0,36.36363636363637,14.0,63.63636363636363
0,1988,5933,41,0.6910500589920783,0.743208610968734,14,14,34.146341463414636,27,0,32.47935277262767,67.52064722737232,0.0,3,0.05056463846283499,9,25,7.317073170731707,3,60.97560975609756,25,7.317073170731707,3,21.951219512195124,9,7735,5023,2288,0,5023,0,0,0,6723,2607,311,107,23,2,0,0,0,0,0,0,32.65585003232062,7735,5505,0.9696186166774402,0.6593406593406593,16.80672268907563,30.666666666666664,0.0,ModelParams,v3,1779490854.3787873,6723.0,100.0,0.0,0.0,0.0,0.0,1310.0,50.24932873034139,1297.0,49.75067126965861,0.0,0.0,83.0,26.688102893890676,143.0,45.98070739549839,85.0,27.331189710610932,0.0,0.0,107.0,100.0,0.0,0.0,0.0,0.0,0.0,0.0,2.0,100.0,0.0,0.0,9.0,39.130434782608695,14.0,60.86956521739131
0,1989,5978,41,0.6858481097356975,0.740929994890138,14,14,34.146341463414636,27,0,32.11776513884242,67.88223486115757,0.0,3,0.050184008029441285,9,25,7.317073170731707,3,60.97560975609756,25,7.317073170731707,3,21.951219512195124,9,7787,5148,2361,0,5148,0,0,0,6807,2644,313,108,24,2,0,0,0,0,0,0,32.799152433543085,7787,5521,0.9631437010401952,0.6549377167073328,16.771542314113265,30.666666666666664,0.0,ModelParams,v3,1779490854.3787873,6807.0,100.0,0.0,0.0,0.0,0.0,1329.0,50.26475037821483,1315.0,49.73524962178517,0.0,0.0,83.0,26.517571884984026,144.0,46.00638977635783,86.0,27.47603833865815,0.0,0.0,108.0,100.0,0.0,0.0,0.0,0.0,0.0,0.0,2.0,100.0,0.0,0.0,9.0,37.5,15.0,62.5
0,1990,6010,43,0.7154742096505824,0.7680491551459293,15,15,34.883720930232556,28,0,32.296173044925126,67.70382695507487,0.0,3,0.04991680532445924,10,26,6.976744186046512,3,60.46511627906976,26,6.976744186046512,3,23.25581395348837,10,7861,5292,2431,0,5292,0,0,0,7092,2748,325,114,25,2,0,0,0,0,0,0,32.946953313827755,7861,5553,0.9540770894288259,0.6742144765297036,16.753593690370185,32.0,0.0,ModelParams,v3,1779490854.3787873,7092.0,100.0,0.0,0.0,0.0,0.0,1368.0,49.78165938864629,1380.0,50.21834061135371,0.0,0.0,86.0,26.461538461538463,150.0,46.15384615384615,89.0,27.384615384615387,0.0,0.0,114.0,100.0,0.0,0.0,0.0,0.0,0.0,0.0,2.0,100.0,0.0,0.0,10.0,40.0,15.0,60.0
0,1991,6086,44,0.7229707525468287,0.7639419404125287,17,17,38.63636363636363,27,0,32.51725271114032,67.48274728885968,0.0,3,0.04929346040092015,11,26,6.8181818181818175,3,59.09090909090909,26,6.8181818181818175,3,25.0,11,7952,5458,2506,0,5458,0,0,0,7292,2829,332,116,26,2,0,0,0,0,0,0,32.92769114688129,7952,5589,0.9683098591549295,0.6790744466800805,16.675050301810863,33.76623376623377,0.0,ModelParams,v3,1779490854.3787873,7292.0,100.0,0.0,0.0,0.0,0.0,1417.0,50.08837044892188,1412.0,49.91162955107812,0.0,0.0,88.0,26.506024096385545,153.0,46.08433734939759,91.0,27.40963855421687,0.0,0.0,116.0,100.0,0.0,0.0,0.0,0.0,0.0,0.0,2.0,100.0,0.0,0.0,11.0,42.30769230769231,15.0,57.692307692307686
0,1992,6120,43,0.7026143790849674,0.7394186639469659,18,18,41.86046511627907,25,0,32.22222222222222,67.77777777777779,0.0,3,0.049019607843137254,11,25,6.976744186046512,3,58.139534883720934,25,6.976744186046512,3,25.581395348837212,11,7997,5583,2586,0,5583,0,0,0,7479,2890,344,120,27,2,0,0,0,0,0,0,33.08353132424659,7997,5596,0.9753657621608103,0.6877579092159559,16.681255470801553,38.46153846153847,0.0,ModelParams,v3,1779490854.3787873,7479.0,100.0,0.0,0.0,0.0,0.0,1438.0,49.75778546712803,1452.0,50.24221453287198,0.0,0.0,91.0,26.453488372093027,157.0,45.63953488372093,96.0,27.906976744186046,0.0,0.0,120.0,100.0,0.0,0.0,0.0,0.0,0.0,0.0,2.0,100.0,0.0,0.0,11.0,40.74074074074074,16.0,59.25925925925925
0,1993,6133,41,0.6685145931844122,0.6933744221879815,20,20,48.78048780487805,21,0,31.92564813305071,68.07435186694929,0.0,3,0.04891570194032284,11,24,7.317073170731707,3,58.536585365853654,24,4.878048780487805,2,26.82926829268293,11,8055,5698,2643,0,5698,0,0,0,7632,2957,354,123,27,2,0,0,0,0,0,0,33.39143389199255,8055,5607,0.9807572936064556,0.6952203600248292,16.610800744878958,43.037974683544306,0.0,ModelParams,v3,1779490854.3787873,7632.0,100.0,0.0,0.0,0.0,0.0,1462.0,49.44200202908353,1495.0,50.55799797091647,0.0,0.0,92.0,25.98870056497175,163.0,46.04519774011299,99.0,27.966101694915253,0.0,0.0,123.0,100.0,0.0,0.0,0.0,0.0,0.0,0.0,2.0,100.0,0.0,0.0,11.0,40.74074074074074,16.0,59.25925925925925
0,1994,6124,40,0.6531678641410843,0.6723558313938454,22,22,55.00000000000001,18,0,31.66231221423906,68.33768778576093,0.0,3,0.04898758981058132,11,24,7.5,3,60.0,24,5.0,2,27.500000000000004,11,8072,5800,2728,0,5800,0,0,0,7799,3020,357,127,27,2,0,0,0,0,0,0,33.594276511397425,8072,5607,0.9786917740336968,0.6813676907829535,16.6005946481665,45.56962025316456,0.0,ModelParams,v3,1779490854.3787873,7799.0,100.0,0.0,0.0,0.0,0.0,1489.0,49.3046357615894,1531.0,50.6953642384106,0.0,0.0,92.0,25.770308123249297,164.0,45.938375350140056,101.0,28.291316526610643,0.0,0.0,127.0,100.0,0.0,0.0,0.0,0.0,0.0,0.0,2.0,100.0,0.0,0.0,11.0,40.74074074074074,16.0,59.25925925925925
0,1995,6096,40,0.6561679790026247,0.6838506049447659,22,22,55.00000000000001,18,0,31.676509186351705,68.32349081364829,0.0,4,0.06561679790026247,10,24,10.0,4,60.0,24,5.0,2,25.0,10,8102,5914,2812,0,5914,0,0,0,7946,3088,360,131,27,2,0,0,0,0,0,0,33.78276968649716,8102,5603,0.9874105159219946,0.6911873611453961,16.74895087632683,47.5,0.0,ModelParams,v3,1779490854.3787873,7946.0,100.0,0.0,0.0,0.0,0.0,1519.0,49.190414507772026,1569.0,50.80958549222798,0.0,0.0,92.0,25.555555555555554,165.0,45.83333333333333,103.0,28.61111111111111,0.0,0.0,131.0,100.0,0.0,0.0,0.0,0.0,0.0,0.0,2.0,100.0,0.0,0.0,11.0,40.74074074074074,16.0,59.25925925925925
0,1996,6098,39,0.6395539521154476,0.6891068115557911,25,25,64.1025641025641,14,0,31.649721220072152,68.35027877992785,0.0,4,0.06559527714004591,10,23,10.256410256410255,4,58.97435897435898,23,5.128205128205128,2,25.64102564102564,10,8130,6040,2910,0,6040,0,0,0,8105,3157,365,136,27,2,0,0,0,0,0,0,33.875768757687574,8130,5599,0.984009840098401,0.6765067650676507,16.71586715867159,51.24999999999999,0.0,ModelParams,v3,1779490854.3787873,8105.0,100.0,0.0,0.0,0.0,0.0,1553.0,49.19227114349066,1604.0,50.80772885650935,0.0,0.0,95.0,26.027397260273972,165.0,45.20547945205479,105.0,28.767123287671232,0.0,0.0,136.0,100.0,0.0,0.0,0.0,0.0,0.0,0.0,2.0,100.0,0.0,0.0,11.0,40.74074074074074,16.0,59.25925925925925
0,1997,6052,40,0.6609385327164574,0.6996770721205597,27,27,67.5,13,0,31.097157964309318,68.90284203569068,0.0,4,0.06609385327164573,10,24,10.0,4,60.0,24,5.0,2,25.0,10,8132,6121,2989,0,6121,0,0,0,8217,3204,371,143,27,2,0,0,0,0,0,0,34.20794392523364,8132,5577,0.971470732907034,0.6886374815543532,16.797835710772258,54.43037974683544,0.0,ModelParams,v3,1779490854.3787873,8217.0,100.0,0.0,0.0,0.0,0.0,1582.0,49.37578027465668,1622.0,50.62421972534332,0.0,0.0,96.0,25.87601078167116,166.0,44.74393530997305,109.0,29.380053908355798,0.0,0.0,143.0,100.0,0.0,0.0,0.0,0.0,0.0,0.0,2.0,100.0,0.0,0.0,11.0,40.74074074074074,16.0,59.25925925925925
0,1998,6032,41,0.6797082228116711,0.7371007371007371,30,30,73.17073170731707,11,0,30.603448275862068,69.39655172413794,0.0,4,0.0663129973474801,10,25,9.75609756097561,4,60.97560975609756,25,4.878048780487805,2,24.390243902439025,10,8137,6217,3080,0,6217,0,0,0,8364,3273,381,147,27,2,0,0,0,0,0,0,34.460980705419686,8137,5553,0.9831633280078652,0.700503871205604,16.885830158535086,57.49999999999999,0.0,ModelParams,v3,1779490854.3787873,8364.0,100.0,0.0,0.0,0.0,0.0,1623.0,49.58753437213566,1650.0,50.41246562786434,0.0,0.0,98.0,25.72178477690289,171.0,44.881889763779526,112.0,29.396325459317584,0.0,0.0,147.0,100.0,0.0,0.0,0.0,0.0,0.0,0.0,2.0,100.0,0.0,0.0,11.0,40.74074074074074,16.0,59.25925925925925
0,1999,5982,42,0.7021063189568706,0.7792930698580574,32,32,76.19047619047619,10,0,29.923102641257103,70.0768973587429,0.0,4,0.06686726847208291,10,26,9.523809523809524,4,61.904761904761905,26,4.761904761904762,2,23.809523809523807,10,8125,6299,3174,0,6299,0,0,0,8491,3325,387,150,28,2,0,0,0,0,0,0,34.74523076923077,8125,5520,0.9969230769230768,0.6892307692307692,16.812307692307694,56.79012345679012,0.0,ModelParams,v3,1779490854.3787873,8491.0,100.0,0.0,0.0,0.0,0.0,1648.0,49.56390977443609,1677.0,50.43609022556391,0.0,0.0,101.0,26.098191214470283,173.0,44.70284237726098,113.0,29.198966408268735,0.0,0.0,150.0,100.0,0.0,0.0,0.0,0.0,0.0,0.0,2.0,100.0,0.0,0.0,11.0,39.285714285714285,17.0,60.71428571428571
0,2000,5932,42,0.708024275118004,0.7558790593505039,33,33,78.57142857142857,9,0,29.28186109238031,70.71813890761969,0.0,4,0.06743088334457181,9,27,9.523809523809524,4,64.28571428571429,27,4.761904761904762,2,21.428571428571427,9,8103,6366,3263,0,6366,0,0,0,8588,3364,393,154,28,2,0,0,0,0,0,0,35.12686659262002,8103,5494,0.9996297667530544,0.7034431691965939,16.894977168949772,59.25925925925925,0.0,ModelParams,v3,1779490854.3787873,8588.0,100.0,0.0,0.0,0.0,0.0,1661.0,49.37574316290131,1703.0,50.62425683709869,0.0,0.0,103.0,26.208651399491096,176.0,44.783715012722645,114.0,29.00763358778626,0.0,0.0,154.0,100.0,0.0,0.0,0.0,0.0,0.0,0.0,2.0,100.0,0.0,0.0,11.0,39.285714285714285,17.0,60.71428571428571
0,2001,5894,44,0.7465218866644044,0.7889546351084813,36,36,81.81818181818183,8,0,28.028503562945367,71.97149643705463,0.0,5,0.08483203257550051,9,28,11.363636363636363,5,63.63636363636363,28,4.545454545454546,2,20.454545454545457,9,8088,6436,3348,0,6436,0,0,0,8667,3410,396,155,28,2,0,0,0,0,0,0,35.49258160237389,8088,5466,1.0014836795252227,0.7294757665677547,17.037586547972307,62.96296296296296,0.0,ModelParams,v3,1779490854.3787873,8667.0,100.0,0.0,0.0,0.0,0.0,1681.0,49.29618768328446,1729.0,50.70381231671555,0.0,0.0,103.0,26.01010101010101,178.0,44.94949494949495,115.0,29.040404040404038,0.0,0.0,155.0,100.0,0.0,0.0,0.0,0.0,0.0,0.0,2.0,100.0,0.0,0.0,11.0,39.285714285714285,17.0,60.71428571428571
0,2002,5828,42,0.7206588881262869,0.7707679132172424,35,35,83.33333333333334,7,0,27.539464653397395,72.46053534660261,0.0,4,0.06863417982155114,8,28,9.523809523809524,4,66.66666666666666,28,4.761904761904762,2,19.047619047619047,8,8064,6503,3439,0,6503,0,0,0,8788,3461,402,156,28,2,0,0,0,0,0,0,35.820684523809526,8064,5432,0.992063492063492,0.7068452380952381,17.075892857142858,62.5,0.0,ModelParams,v3,1779490854.3787873,8788.0,100.0,0.0,0.0,0.0,0.0,1704.0,49.23432533949725,1757.0,50.76567466050275,0.0,0.0,105.0,26.119402985074625,181.0,45.024875621890544,116.0,28.855721393034827,0.0,0.0,156.0,100.0,0.0,0.0,0.0,0.0,0.0,0.0,2.0,100.0,0.0,0.0,11.0,39.285714285714285,17.0,60.71428571428571
0,2003,5783,41,0.7089745806674737,0.7471264367816092,35,35,85.36585365853658,6,0,26.595192806501817,73.40480719349819,0.0,4,0.06916825177243646,7,28,9.75609756097561,4,68.29268292682927,28,4.878048780487805,2,17.073170731707318,7,8057,6578,3521,0,6578,0,0,0,8900,3497,403,156,29,2,0,0,0,0,0,0,36.13466550825369,8057,5412,0.9929254064788383,0.7074593521161723,16.979024450788135,63.74999999999999,0.0,ModelParams,v3,1779490854.3787873,8900.0,100.0,0.0,0.0,0.0,0.0,1725.0,49.3279954246497,1772.0,50.67200457535031,0.0,0.0,105.0,26.054590570719604,182.0,45.16129032258064,116.0,28.78411910669975,0.0,0.0,156.0,100.0,0.0,0.0,0.0,0.0,0.0,0.0,2.0,100.0,0.0,0.0,12.0,41.37931034482759,17.0,58.620689655172406
0,2004,5747,41,0.7134156951452932,0.7796708056598325,35,35,85.36585365853658,6,0,26.1179745954411,73.8820254045589,0.0,4,0.06960153123368715,8,27,9.75609756097561,4,65.85365853658537,27,4.878048780487805,2,19.51219512195122,8,8064,6664,3600,0,6664,0,0,0,9007,3552,410,159,29,2,0,0,0,0,0,0,36.4312996031746,8064,5396,1.0168650793650793,0.7192460317460317,17.063492063492063,63.41463414634146,0.0,ModelParams,v3,1779490854.3787873,9007.0,100.0,0.0,0.0,0.0,0.0,1750.0,49.26801801801802,1802.0,50.731981981981974,0.0,0.0,109.0,26.585365853658537,184.0,44.87804878048781,117.0,28.536585365853657,0.0,0.0,159.0,100.0,0.0,0.0,0.0,0.0,0.0,0.0,2.0,100.0,0.0,0.0,12.0,41.37931034482759,17.0,58.620689655172406
0,2005,5694,37,0.6498068141903758,0.6968641114982579,32,32,86.48648648648648,5,0,25.254654021777313,74.74534597822269,0.0,4,0.07024938531787847,5,26,10.81081081081081,4,70.27027027027027,26,5.405405405405405,2,13.513513513513514,5,8046,6740,3694,0,6740,0,0,0,9150,3599,415,164,29,2,0,0,0,0,0,0,36.69139945314442,8046,5360,1.006711409395973,0.7084265473527218,17.089236887894607,64.19753086419753,0.0,ModelParams,v3,1779490854.3787873,9150.0,100.0,0.0,0.0,0.0,0.0,1772.0,49.23589886079466,1827.0,50.76410113920533,0.0,0.0,112.0,26.987951807228917,185.0,44.57831325301205,118.0,28.433734939759038,0.0,0.0,164.0,100.0,0.0,0.0,0.0,0.0,0.0,0.0,2.0,100.0,0.0,0.0,12.0,41.37931034482759,17.0,58.620689655172406
0,2006,5628,38,0.6751954513148543,0.7352941176470588,33,33,86.8421052631579,5,0,23.791755508173416,76.20824449182658,0.0,4,0.07107320540156362,5,27,10.526315789473683,4,71.05263157894737,27,5.263157894736842,2,13.157894736842104,5,8024,6805,3781,0,6805,0,0,0,9208,3616,417,168,30,2,0,0,0,0,0,0,37.02068793619143,8024,5324,1.0094715852442673,0.7103688933200398,17.16101694915254,64.19753086419753,0.0,ModelParams,v3,1779490854.3787873,9208.0,100.0,0.0,0.0,0.0,0.0,1781.0,49.2533185840708,1835.0,50.74668141592921,0.0,0.0,112.0,26.85851318944844,186.0,44.60431654676259,119.0,28.53717026378897,0.0,0.0,168.0,100.0,0.0,0.0,0.0,0.0,0.0,0.0,2.0,100.0,0.0,0.0,12.0,40.0,18.0,60.0
0,2007,5554,37,0.6661865322290241,0.7731192387749034,34,34,91.8918918918919,3,0,23.26251350378106,76.73748649621895,0.0,4,0.07202016564638099,5,26,10.81081081081081,4,70.27027027027027,26,5.405405405405405,2,13.513513513513514,5,8005,6884,3879,0,6884,0,0,0,9326,3657,421,169,31,2,0,0,0,0,0,0,37.324547158026235,8005,5299,0.9993753903810119,0.712054965646471,17.164272329793878,67.5,0.0,ModelParams,v3,1779490854.3787873,9326.0,100.0,0.0,0.0,0.0,0.0,1797.0,49.13863822805578,1860.0,50.86136177194421,0.0,0.0,113.0,26.840855106888363,187.0,44.418052256532064,121.0,28.741092636579573,0.0,0.0,169.0,100.0,0.0,0.0,0.0,0.0,0.0,0.0,2.0,100.0,0.0,0.0,12.0,38.70967741935484,19.0,61.29032258064516
0,2008,5487,38,0.6925460178603973,0.8103241296518607,35,35,92.10526315789474,3,0,22.708219427738292,77.29178057226171,0.0,4,0.07289958082741024,5,27,10.526315789473683,4,71.05263157894737,27,5.263157894736842,2,13.157894736842104,5,7977,6953,3976,0,6953,0,0,0,9419,3696,422,172,31,2,0,0,0,0,0,0,37.61439137520371,7977,5262,1.0028832894571893,0.7270903848564624,17.17437633195437,68.75,0.0,ModelParams,v3,1779490854.3787873,9419.0,100.0,0.0,0.0,0.0,0.0,1816.0,49.134199134199136,1880.0,50.86580086580087,0.0,0.0,114.0,27.014218009478675,187.0,44.312796208530806,121.0,28.672985781990523,0.0,0.0,172.0,100.0,0.0,0.0,0.0,0.0,0.0,0.0,2.0,100.0,0.0,0.0,12.0,38.70967741935484,19.0,61.29032258064516
0,2009,5436,38,0.6990434142752024,0.8181818181818182,35,35,92.10526315789474,3,0,22.608535688005887,77.39146431199411,0.0,4,0.07358351729212656,5,27,10.526315789473683,4,71.05263157894737,27,5.263157894736842,2,13.157894736842104,5,7969,7037,4068,0,7037,0,0,0,9540,3741,428,176,32,2,0,0,0,0,0,0,37.87413728196763,7969,5236,0.9913414481114318,0.7152716777512862,17.229263395658176,68.35443037974683,0.0,ModelParams,v3,1779490854.3787873,9540.0,100.0,0.0,0.0,0.0,0.0,1835.0,49.05105586741513,1906.0,50.94894413258487,0.0,0.0,116.0,27.102803738317753,190.0,44.39252336448598,122.0,28.504672897196258,0.0,0.0,176.0,100.0,0.0,0.0,0.0,0.0,0.0,0.0,2.0,100.0,0.0,0.0,13.0,40.625,19.0,59.375
0,2010,5409,39,0.7210205213533,0.8139885438649382,38,38,97.43589743589743,1,1,22.240709927897946,77.75929007210205,0.0,4,0.07395082270290257,5,28,10.256410256410255,4,71.7948717948718,28,5.128205128205128,2,12.82051282051282,5,7962,7123,4161,1,7123,0,0,0,9646,3794,433,176,33,2,0,0,0,0,0,0,38.09218789248933,7962,5245,0.9922130118060788,0.7159005275056519,17.231851293644812,70.88607594936708,34.75257472996734,ModelParams,v3,1779490854.3787873,9646.0,100.0,0.0,0.0,0.0,0.0,1863.0,49.103848181338954,1931.0,50.89615181866104,0.0,0.0,117.0,27.02078521939954,193.0,44.57274826789838,123.0,28.406466512702078,0.0,0.0,176.0,100.0,0.0,0.0,0.0,0.0,0.0,0.0,2.0,100.0,0.0,0.0,14.0,42.42424242424242,19.0,57.57575757575758
0,2011,5355,40,0.7469654528478058,0.8169440242057489,40,40,100.0,0,2,21.475256769374415,78.52474323062559,0.0,5,0.09337068160597572,5,28,12.5,5,70.0,28,5.0,2,12.5,5,7941,7196,4255,2,7196,0,0,0,9757,3832,439,179,34,2,0,0,0,0,0,0,38.36834151870042,7941,5234,0.9948369223019772,0.73038660118373,17.164085127817653,73.41772151898735,42.34982999622214,ModelParams,v3,1779490854.3787873,9757.0,100.0,0.0,0.0,0.0,0.0,1886.0,49.217118997912316,1946.0,50.782881002087684,0.0,0.0,119.0,27.10706150341686,195.0,44.41913439635535,125.0,28.473804100227788,0.0,0.0,179.0,100.0,0.0,0.0,0.0,0.0,0.0,0.0,2.0,100.0,0.0,0.0,14.0,41.17647058823529,20.0,58.82352941176471
0,2012,5301,38,0.7168458781362007,0.7864488808227466,38,38,100.0,0,3,21.901528013582343,78.09847198641766,0.0,5,0.09432182607055273,5,26,13.157894736842104,5,68.42105263157895,26,5.263157894736842,2,13.157894736842104,5,7936,7288,4352,3,7288,0,0,0,9888,3880,443,184,35,2,0,0,0,0,0,0,38.54044858870968,7936,5243,0.9954637096774194,0.7308467741935484,17.124495967741936,73.41772151898735,44.745463709677416,ModelParams,v3,1779490854.3787873,9888.0,100.0,0.0,0.0,0.0,0.0,1910.0,49.22680412371135,1970.0,50.77319587628865,0.0,0.0,120.0,27.088036117381492,197.0,44.46952595936794,126.0,28.442437923250562,0.0,0.0,184.0,100.0,0.0,0.0,0.0,0.0,0.0,0.0,2.0,100.0,0.0,0.0,14.0,40.0,21.0,60.0
0,2013,5266,38,0.7216103304215724,0.7575757575757576,37,37,97.36842105263158,1,5,21.76224838587163,78.23775161412837,0.0,6,0.11393847322445878,6,25,15.789473684210526,6,65.78947368421053,25,2.631578947368421,1,15.789473684210526,6,7918,7369,4451,5,7369,0,0,0,10010,3920,448,186,37,2,0,0,0,0,0,0,38.76408183884819,7918,5234,0.9977266986612782,0.7577671129072998,17.1002778479414,74.68354430379746,46.110128820409194,ModelParams,v3,1779490854.3787873,10010.0,100.0,0.0,0.0,0.0,0.0,1935.0,49.36224489795919,1985.0,50.63775510204081,0.0,0.0,121.0,27.00892857142857,199.0,44.419642857142854,128.0,28.57142857142857,0.0,0.0,186.0,100.0,0.0,0.0,0.0,0.0,0.0,0.0,2.0,100.0,0.0,0.0,14.0,37.83783783783784,23.0,62.16216216216216
0,2014,5208,39,0.748847926267281,0.7912355447352405,38,38,97.43589743589743,1,6,22.023809523809522,77.97619047619048,0.0,6,0.1152073732718894,6,26,15.384615384615385,6,66.66666666666666,26,2.564102564102564,1,15.384615384615385,6,7902,7454,4552,6,7454,0,0,0,10150,3965,450,187,37,2,0,0,0,0,0,0,39.003543406732476,7902,5228,0.9997468995191092,0.7719564667172867,17.16021260440395,75.9493670886076,47.380410022779046,ModelParams,v3,1779490854.3787873,10150.0,100.0,0.0,0.0,0.0,0.0,1961.0,49.4577553593947,2004.0,50.5422446406053,0.0,0.0,122.0,27.111111111111114,200.0,44.44444444444444,128.0,28.444444444444443,0.0,0.0,187.0,100.0,0.0,0.0,0.0,0.0,0.0,0.0,2.0,100.0,0.0,0.0,14.0,37.83783783783784,23.0,62.16216216216216
0,2015,5185,38,0.7328833172613307,0.758495145631068,38,38,100.0,0,7,22.815814850530376,77.18418514946961,0.0,6,0.11571841851494696,6,25,15.789473684210526,6,65.78947368421053,25,2.631578947368421,1,15.789473684210526,6,7917,7557,4640,7,7557,0,0,0,10285,4016,455,192,38,2,0,0,0,0,0,0,39.244916003536694,7917,5252,0.997852721990653,0.757862826828344,17.077175697865353,75.9493670886076,48.566376152583054,ModelParams,v3,1779490854.3787873,10285.0,100.0,0.0,0.0,0.0,0.0,1990.0,49.55179282868526,2026.0,50.44820717131474,0.0,0.0,124.0,27.252747252747252,202.0,44.395604395604394,129.0,28.35164835164835,0.0,0.0,192.0,100.0,0.0,0.0,0.0,0.0,0.0,0.0,2.0,100.0,0.0,0.0,15.0,39.473684210526315,23.0,60.526315789473685
0,2016,5153,36,0.6986221618474675,0.7263922518159807,36,36,100.0,0,8,23.578497962352028,76.42150203764797,0.0,6,0.11643702697457792,5,24,16.666666666666664,6,66.66666666666666,24,2.7777777777777777,1,13.88888888888889,5,7914,7659,4745,8,7659,0,0,0,10432,4067,461,194,40,2,0,0,0,0,0,0,39.32183472327521,7914,5246,1.0108668182966896,0.7455142784938085,16.99519838261309,73.75,49.494566590851655,ModelParams,v3,1779490854.3787873,10432.0,100.0,0.0,0.0,0.0,0.0,2018.0,49.61888369805754,2049.0,50.38111630194246,0.0,0.0,126.0,27.331887201735356,205.0,44.46854663774403,130.0,28.199566160520607,0.0,0.0,194.0,100.0,0.0,0.0,0.0,0.0,0.0,0.0,2.0,100.0,0.0,0.0,16.0,40.0,24.0,60.0
0,2017,5125,34,0.6634146341463415,0.695074040495618,33,33,97.05882352941177,1,8,24.15609756097561,75.84390243902439,0.0,6,0.11707317073170731,5,22,17.647058823529413,6,64.70588235294117,22,2.941176470588235,1,14.705882352941178,5,7880,7749,4869,8,7749,0,0,0,10560,4124,466,198,40,2,0,0,0,0,0,0,39.4001269035533,7880,5222,1.015228426395939,0.7360406091370558,16.95431472081218,71.25,50.63451776649747,ModelParams,v3,1779490854.3787873,10560.0,100.0,0.0,0.0,0.0,0.0,2050.0,49.709020368574194,2074.0,50.290979631425806,0.0,0.0,127.0,27.253218884120173,209.0,44.84978540772532,130.0,27.896995708154503,0.0,0.0,198.0,100.0,0.0,0.0,0.0,0.0,0.0,0.0,2.0,100.0,0.0,0.0,16.0,40.0,24.0,60.0
0,2018,5065,34,0.6712734452122409,0.700152207001522,34,34,100.0,0,8,24.383020730503453,75.61697926949654,0.0,5,0.09871668311944717,5,23,14.705882352941178,5,67.64705882352942,23,2.941176470588235,1,14.705882352941178,5,7851,7822,4971,8,7822,0,0,0,10657,4172,467,201,41,2,0,0,0,0,0,0,39.6907400331168,7851,5202,1.0189784740797352,0.7514966246338046,16.96599159342759,73.75,51.57304801936059,ModelParams,v3,1779490854.3787873,10657.0,100.0,0.0,0.0,0.0,0.0,2077.0,49.784276126558005,2095.0,50.215723873441995,0.0,0.0,127.0,27.194860813704498,210.0,44.96788008565311,130.0,27.8372591006424,0.0,0.0,201.0,100.0,0.0,0.0,0.0,0.0,0.0,0.0,2.0,100.0,0.0,0.0,17.0,41.46341463414634,24.0,58.536585365853654
0,2019,5040,31,0.6150793650793651,0.6382978723404255,31,31,100.0,0,8,24.444444444444443,75.55555555555556,0.0,5,0.0992063492063492,4,21,16.129032258064516,5,67.74193548387096,21,3.225806451612903,1,12.903225806451612,4,7844,7907,5063,8,7907,0,0,0,10790,4210,475,205,41,2,0,0,0,2,2,0,39.921468638449774,7844,5201,1.0198878123406425,0.7521672616012238,16.993880673125954,73.75,52.26925038245793,ModelParams,v3,1779490854.3787873,10790.0,100.0,0.0,0.0,0.0,0.0,2095.0,49.7624703087886,2115.0,50.2375296912114,0.0,0.0,128.0,26.94736842105263,213.0,44.8421052631579,134.0,28.210526315789476,0.0,0.0,205.0,100.0,0.0,0.0,0.0,0.0,0.0,0.0,2.0,100.0,0.0,0.0,17.0,41.46341463414634,24.0,58.536585365853654
0,2020,5007,33,0.659077291791492,0.6969696969696969,33,33,100.0,0,9,24.80527261833433,75.19472738166567,0.0,5,0.09986019572598363,4,23,15.151515151515152,5,69.6969696969697,23,3.0303030303030303,1,12.121212121212121,4,7802,7996,5194,9,7996,0,0,0,10973,4279,479,209,42,2,0,0,0,3,3,0,40.04819277108434,7802,5185,1.0253781081773903,0.7690335811330428,16.88028710587029,75.0,53.08895155088439,ModelParams,v3,1779490854.3787873,10973.0,100.0,0.0,0.0,0.0,0.0,2128.0,49.73124561813508,2151.0,50.26875438186492,0.0,0.0,128.0,26.722338204592898,214.0,44.676409185803756,137.0,28.60125260960334,0.0,0.0,209.0,100.0,0.0,0.0,0.0,0.0,0.0,0.0,2.0,100.0,0.0,0.0,17.0,40.476190476190474,25.0,59.523809523809526
0,2021,4937,34,0.6886773344136116,0.7649938800489596,33,33,97.05882352941177,1,10,25.35953007899534,74.64046992100467,0.0,4,0.0810208628721896,6,23,11.76470588235294,4,67.64705882352942,23,2.941176470588235,1,17.647058823529413,6,7755,8071,5316,10,8071,0,0,0,11075,4332,484,211,44,2,0,0,0,5,5,0,40.2715667311412,7755,5148,1.0186976144422952,0.799484203739523,16.85364281108962,77.21518987341773,53.758865248226954,ModelParams,v3,1779490854.3787873,11075.0,100.0,0.0,0.0,0.0,0.0,2148.0,49.584487534626035,2184.0,50.41551246537396,0.0,0.0,130.0,26.859504132231404,216.0,44.62809917355372,138.0,28.512396694214875,0.0,0.0,211.0,100.0,0.0,0.0,0.0,0.0,0.0,0.0,2.0,100.0,0.0,0.0,17.0,38.63636363636363,27.0,61.36363636363637
0,2022,4892,33,0.6745707277187245,0.7384615384615384,33,33,100.0,0,10,25.36794766966476,74.63205233033524,0.0,4,0.08176614881439084,5,23,12.121212121212121,4,69.6969696969697,23,3.0303030303030303,1,15.151515151515152,5,7714,8143,5429,10,8143,0,0,0,11129,4346,486,213,44,2,0,0,0,7,7,0,40.50712989369977,7714,5121,1.0241120041483018,0.77780658542909,16.722841586725433,75.9493670886076,54.66683951257454,ModelParams,v3,1779490854.3787873,11129.0,100.0,0.0,0.0,0.0,0.0,2153.0,49.53980671882191,2193.0,50.46019328117809,0.0,0.0,131.0,26.954732510288064,217.0,44.650205761316876,138.0,28.39506172839506,0.0,0.0,213.0,100.0,0.0,0.0,0.0,0.0,0.0,0.0,2.0,100.0,0.0,0.0,17.0,38.63636363636363,27.0,61.36363636363637
0,2023,4851,33,0.6802721088435374,0.7111935683364254,33,33,100.0,0,10,25.726654298082867,74.27334570191712,0.0,4,0.08245722531436817,5,23,12.121212121212121,4,69.6969696969697,23,3.0303030303030303,1,15.151515151515152,5,7698,8220,5522,10,8220,0,0,0,11258,4381,489,215,45,2,0,0,0,9,9,0,40.72863081319824,7698,5121,1.0262405819693425,0.792413613925695,16.8225513120291,77.21518987341773,55.65081839438816,ModelParams,v3,1779490854.3787873,11258.0,100.0,0.0,0.0,0.0,0.0,2172.0,49.577721981282814,2209.0,50.42227801871719,0.0,0.0,133.0,27.198364008179958,218.0,44.580777096114524,138.0,28.22085889570552,0.0,0.0,215.0,100.0,0.0,0.0,0.0,0.0,0.0,0.0,2.0,100.0,0.0,0.0,18.0,40.0,27.0,60.0
0,2024,4812,33,0.6857855361596009,0.7136208501396215,32,32,96.96969696969697,1,10,25.976724854530342,74.02327514546965,0.0,4,0.0831255195344971,6,22,12.121212121212121,4,66.66666666666666,22,3.0303030303030303,1,18.181818181818183,6,7673,8305,5632,10,8305,0,0,0,11357,4436,493,216,46,2,0,0,0,9,9,0,40.87775316043269,7673,5113,1.0035188322689952,0.8210608627655415,16.825231330639905,80.51948051948052,56.509839697641084,ModelParams,v3,1779490854.3787873,11357.0,100.0,0.0,0.0,0.0,0.0,2194.0,49.45897204688909,2242.0,50.541027953110905,0.0,0.0,133.0,26.97768762677485,221.0,44.827586206896555,139.0,28.1947261663286,0.0,0.0,216.0,100.0,0.0,0.0,0.0,0.0,0.0,0.0,2.0,100.0,0.0,0.0,19.0,41.30434782608695,27.0,58.69565217391305
0,2025,4763,32,0.6718454755406256,0.749531542785759,32,32,100.0,0,10,25.950031492756665,74.04996850724334,0.0,4,0.0839806844425782,5,22,12.5,4,68.75,22,3.125,1,15.625,5,7627,8378,5751,10,8378,0,0,0,11458,4471,494,218,46,2,0,0,0,10,10,0,41.04352956601547,7627,5083,0.9964599449324768,0.8260128490887636,16.703815392683886,81.57894736842105,57.362003408941916,ModelParams,v3,1779490854.3787873,11458.0,100.0,0.0,0.0,0.0,0.0,2213.0,49.496756877656004,2258.0,50.503243122344,0.0,0.0,133.0,26.923076923076923,222.0,44.93927125506073,139.0,28.13765182186235,0.0,0.0,218.0,100.0,0.0,0.0,0.0,0.0,0.0,0.0,2.0,100.0,0.0,0.0,19.0,41.30434782608695,27.0,58.69565217391305
0,2026,4731,29,0.6129782287042909,0.6581009088060169,29,29,100.0,0,10,26.358063834284508,73.64193616571549,0.0,4,0.08454872120059184,5,19,13.793103448275861,4,65.51724137931035,19,3.4482758620689653,1,17.24137931034483,5,7582,8463,5881,10,8463,0,0,0,11585,4515,496,219,46,2,0,0,0,11,11,0,41.07873911896597,7582,5048,1.0023740437879187,0.8309153257715642,16.56554998681087,82.89473684210526,58.30915325771564,ModelParams,v3,1779490854.3787873,11585.0,100.0,0.0,0.0,0.0,0.0,2240.0,49.6124031007752,2275.0,50.3875968992248,0.0,0.0,134.0,27.016129032258064,223.0,44.95967741935484,139.0,28.024193548387093,0.0,0.0,219.0,100.0,0.0,0.0,0.0,0.0,0.0,0.0,2.0,100.0,0.0,0.0,19.0,41.30434782608695,27.0,58.69565217391305
0,2027,4679,29,0.6197905535370806,0.6626696118649417,29,29,100.0,0,10,26.39452874545843,73.60547125454157,0.0,4,0.0854883522120111,5,19,13.793103448275861,4,65.51724137931035,19,3.4482758620689653,1,17.24137931034483,5,7545,8540,5995,10,8540,0,0,0,11636,4540,496,219,47,2,0,0,0,12,12,0,41.239098740888004,7545,5019,0.9807819748177601,0.8084824387011266,16.46123260437376,82.43243243243244,59.151756129887346,ModelParams,v3,1779490854.3787873,11636.0,100.0,0.0,0.0,0.0,0.0,2252.0,49.60352422907489,2288.0,50.39647577092511,0.0,0.0,134.0,27.016129032258064,223.0,44.95967741935484,139.0,28.024193548387093,0.0,0.0,219.0,100.0,0.0,0.0,0.0,0.0,0.0,0.0,2.0,100.0,0.0,0.0,20.0,42.5531914893617,27.0,57.446808510638306
0,2028,4611,29,0.628930817610063,0.6707122325135739,29,29,100.0,0,10,26.458468878768166,73.54153112123184,0.0,4,0.08674907829104316,5,19,13.793103448275861,4,65.51724137931035,19,3.4482758620689653,1,17.24137931034483,5,7488,8604,6116,10,8604,0,0,0,11728,4579,498,221,47,2,0,0,0,13,13,0,41.44457799145299,7488,4975,0.9748931623931624,0.8012820512820512,16.466346153846153,82.1917808219178,60.14957264957265,ModelParams,v3,1779490854.3787873,11728.0,100.0,0.0,0.0,0.0,0.0,2274.0,49.6614981436995,2305.0,50.338501856300496,0.0,0.0,135.0,27.10843373493976,224.0,44.97991967871486,139.0,27.91164658634538,0.0,0.0,221.0,100.0,0.0,0.0,0.0,0.0,0.0,0.0,2.0,100.0,0.0,0.0,20.0,42.5531914893617,27.0,57.446808510638306
0,2029,4584,29,0.6326352530541013,0.6761107533805538,29,29,100.0,0,11,26.701570680628272,73.29842931937172,0.0,4,0.08726003490401396,5,19,13.793103448275861,4,65.51724137931035,19,3.4482758620689653,1,17.24137931034483,5,7461,8694,6233,11,8694,0,0,0,11834,4631,501,223,47,2,0,0,0,14,14,0,41.49202519769468,7461,4940,0.9650180940892641,0.8041817450743868,16.499128803109503,83.33333333333334,61.0642005093151,ModelParams,v3,1779490854.3787873,11834.0,100.0,0.0,0.0,0.0,0.0,2298.0,49.62211185489095,2333.0,50.377888145109054,0.0,0.0,137.0,27.345309381237527,224.0,44.71057884231537,140.0,27.944111776447105,0.0,0.0,223.0,100.0,0.0,0.0,0.0,0.0,0.0,0.0,2.0,100.0,0.0,0.0,20.0,42.5531914893617,27.0,57.446808510638306
0,2030,4530,28,0.6181015452538632,0.6499837504062398,28,28,100.0,0,12,26.203090507726266,73.79690949227373,0.0,4,0.08830022075055188,5,18,14.285714285714285,4,64.28571428571429,18,3.571428571428571,1,17.857142857142858,5,7384,8757,6373,12,8757,0,0,0,11965,4696,505,226,48,2,0,0,0,17,17,0,41.54184723726977,7384,4891,0.9479956663055255,0.7719393282773565,16.454496208017336,81.42857142857143,62.33748645720477,ModelParams,v3,1779490854.3787873,11965.0,100.0,0.0,0.0,0.0,0.0,2322.0,49.44633730834753,2374.0,50.55366269165247,0.0,0.0,137.0,27.12871287128713,227.0,44.95049504950495,141.0,27.920792079207924,0.0,0.0,226.0,100.0,0.0,0.0,0.0,0.0,0.0,0.0,2.0,100.0,0.0,0.0,20.0,41.66666666666667,28.0,58.333333333333336
0,2031,4472,26,0.5813953488372093,0.5905511811023622,26,26,100.0,0,12,25.782647584973166,74.21735241502684,0.0,4,0.08944543828264759,4,17,15.384615384615385,4,65.38461538461539,17,3.8461538461538463,1,15.384615384615385,4,7308,8825,6517,12,8825,0,0,0,12062,4734,509,227,48,2,0,0,0,18,18,0,41.55692391899289,7308,4833,0.9441707717569787,0.7662835249042145,16.406677613574168,81.15942028985508,63.642583470169676,ModelParams,v3,1779490854.3787873,12062.0,100.0,0.0,0.0,0.0,0.0,2343.0,49.49302915082382,2391.0,50.50697084917617,0.0,0.0,138.0,27.111984282907663,229.0,44.9901768172888,142.0,27.897838899803535,0.0,0.0,227.0,100.0,0.0,0.0,0.0,0.0,0.0,0.0,2.0,100.0,0.0,0.0,20.0,41.66666666666667,28.0,58.333333333333336
0,2032,4401,26,0.5907748239036582,0.598404255319149,26,26,100.0,0,12,25.607816405362417,74.39218359463759,0.0,4,0.09088843444671665,4,17,15.384615384615385,4,65.38461538461539,17,3.8461538461538463,1,15.384615384615385,4,7249,8886,6637,12,8886,0,0,0,12150,4768,510,230,48,2,0,0,0,19,19,0,41.71582287212029,7249,4791,0.9242654159194372,0.7587253414264037,16.416057387225823,82.08955223880598,64.73996413298386,ModelParams,v3,1779490854.3787873,12150.0,100.0,0.0,0.0,0.0,0.0,2362.0,49.538590604026844,2406.0,50.461409395973156,0.0,0.0,138.0,27.058823529411764,230.0,45.09803921568628,142.0,27.84313725490196,0.0,0.0,230.0,100.0,0.0,0.0,0.0,0.0,0.0,0.0,2.0,100.0,0.0,0.0,20.0,41.66666666666667,28.0,58.333333333333336
0,2033,4322,26,0.6015733456732995,0.6097560975609756,26,26,100.0,0,12,25.751966682091627,74.24803331790838,0.0,4,0.09254974548819991,4,17,15.384615384615385,4,65.38461538461539,17,3.8461538461538463,1,15.384615384615385,4,7167,8945,6778,12,8945,0,0,0,12237,4809,512,231,48,2,0,0,0,19,19,0,41.83354262592437,7167,4724,0.9208874005860193,0.7674061671550161,16.422491977117343,83.33333333333334,66.08064741174829,ModelParams,v3,1779490854.3787873,12237.0,100.0,0.0,0.0,0.0,0.0,2383.0,49.552921605323355,2426.0,50.447078394676645,0.0,0.0,139.0,27.1484375,230.0,44.921875,143.0,27.9296875,0.0,0.0,231.0,100.0,0.0,0.0,0.0,0.0,0.0,0.0,2.0,100.0,0.0,0.0,20.0,41.66666666666667,28.0,58.333333333333336
0,2034,4248,20,0.4708097928436911,0.4471964224286206,20,20,100.0,0,12,25.635593220338983,74.36440677966102,0.0,2,0.047080979284369114,3,15,10.0,2,75.0,15,0.0,0,15.0,3,7100,9005,6905,12,9005,0,0,0,12365,4846,515,233,48,2,0,0,0,19,19,1,42.011971830985914,7100,4676,0.9154929577464789,0.7746478873239436,16.408450704225352,84.61538461538461,67.29577464788731,ModelParams,v3,1779490854.3787873,12365.0,100.0,0.0,0.0,0.0,0.0,2404.0,49.607924061081306,2442.0,50.3920759389187,0.0,0.0,139.0,26.990291262135923,233.0,45.24271844660194,143.0,27.766990291262132,0.0,0.0,233.0,100.0,0.0,0.0,0.0,0.0,0.0,0.0,2.0,100.0,0.0,0.0,20.0,41.66666666666667,28.0,58.333333333333336
0,2035,4182,20,0.47824007651841227,0.45296167247386765,20,20,100.0,0,13,25.34672405547585,74.65327594452415,0.0,1,0.023912003825920614,3,16,5.0,1,80.0,16,0.0,0,15.0,3,7030,9063,7033,13,9063,0,0,0,12500,4893,520,235,48,2,0,0,0,21,21,2,42.171834992887625,7030,4623,0.9246088193456615,0.7965860597439544,16.301564722617353,86.15384615384616,68.60597439544807,ModelParams,v3,1779490854.3787873,12500.0,100.0,0.0,0.0,0.0,0.0,2433.0,49.72409564684243,2460.0,50.27590435315757,0.0,0.0,140.0,26.923076923076923,236.0,45.38461538461539,144.0,27.692307692307693,0.0,0.0,235.0,100.0,0.0,0.0,0.0,0.0,0.0,0.0,2.0,100.0,0.0,0.0,20.0,41.66666666666667,28.0,58.333333333333336
0,2036,4100,19,0.46341463414634143,0.42643923240938164,19,19,100.0,0,13,25.634146341463413,74.36585365853658,0.0,1,0.024390243902439025,3,15,5.263157894736842,1,78.94736842105263,15,0.0,0,15.789473684210526,3,6959,9129,7170,13,9129,0,0,0,12547,4911,520,236,48,2,0,0,0,21,21,2,42.19557407673516,6959,4575,0.9053024859893664,0.7903434401494467,16.194855582698665,87.3015873015873,69.80888058629114,ModelParams,v3,1779490854.3787873,12547.0,100.0,0.0,0.0,0.0,0.0,2442.0,49.725106902871104,2469.0,50.274893097128896,0.0,0.0,140.0,26.923076923076923,236.0,45.38461538461539,144.0,27.692307692307693,0.0,0.0,236.0,100.0,0.0,0.0,0.0,0.0,0.0,0.0,2.0,100.0,0.0,0.0,20.0,41.66666666666667,28.0,58.333333333333336
0,2037,4034,20,0.495785820525533,0.4330566582461205,20,20,100.0,0,13,25.632126921170055,74.36787307882994,0.0,1,0.024789291026276646,3,16,5.0,1,80.0,16,0.0,0,15.0,3,6880,9183,7303,13,9183,0,0,0,12625,4930,522,238,49,2,0,0,0,23,22,2,42.365261627906975,6880,4531,0.8866279069767441,0.7994186046511629,16.206395348837212,90.1639344262295,70.68313953488372,ModelParams,v3,1779490854.3787873,12625.0,100.0,0.0,0.0,0.0,0.0,2451.0,49.716024340770794,2479.0,50.283975659229206,0.0,0.0,140.0,26.81992337164751,238.0,45.593869731800766,144.0,27.586206896551722,0.0,0.0,238.0,100.0,0.0,0.0,0.0,0.0,0.0,0.0,2.0,100.0,0.0,0.0,20.0,40.816326530612244,29.0,59.183673469387756
0,2038,3955,20,0.5056890012642226,0.4405286343612335,20,20,100.0,0,13,25.89127686472819,74.1087231352718,0.0,1,0.025284450063211124,4,15,5.0,1,75.0,15,0.0,0,20.0,4,6830,9248,7418,13,9248,0,0,0,12721,4962,524,238,51,2,0,0,0,24,23,2,42.46691068814056,6830,4492,0.8784773060029283,0.8345534407027818,16.16398243045388,95.0,71.78623718887263,ModelParams,v3,1779490854.3787873,12721.0,100.0,0.0,0.0,0.0,0.0,2468.0,49.73800886739218,2494.0,50.26199113260782,0.0,0.0,140.0,26.717557251908396,239.0,45.61068702290076,145.0,27.671755725190838,0.0,0.0,238.0,100.0,0.0,0.0,0.0,0.0,0.0,0.0,2.0,100.0,0.0,0.0,21.0,41.17647058823529,30.0,58.82352941176471
0,2039,3898,20,0.513083632632119,0.44692737430167595,20,20,100.0,0,13,25.62852744997435,74.37147255002566,0.0,1,0.02565418163160595,4,15,5.0,1,75.0,15,0.0,0,20.0,4,6751,9308,7557,13,9308,0,0,0,12762,4982,525,239,53,2,0,0,0,24,23,2,42.536661235372534,6751,4434,0.8739446007998815,0.7998814990371796,16.160568804621537,91.52542372881356,72.81884165308843,ModelParams,v3,1779490854.3787873,12762.0,100.0,0.0,0.0,0.0,0.0,2475.0,49.67884383781614,2507.0,50.32115616218387,0.0,0.0,140.0,26.666666666666668,240.0,45.714285714285715,145.0,27.61904761904762,0.0,0.0,239.0,100.0,0.0,0.0,0.0,0.0,0.0,0.0,2.0,100.0,0.0,0.0,22.0,41.509433962264154,31.0,58.490566037735846
0,2040,3815,19,0.49803407601572736,0.417298937784522,19,19,100.0,0,14,25.71428571428571,74.28571428571429,0.0,1,0.02621231979030144,4,14,5.263157894736842,1,73.68421052631578,14,0.0,0,21.052631578947366,4,6691,9365,7674,14,9365,0,0,0,12883,5034,528,241,54,2,0,0,0,25,24,2,42.70781646988492,6691,4396,0.8817814975340008,0.807054251980272,16.11119414138395,91.52542372881356,73.74084591241967,ModelParams,v3,1779490854.3787873,12883.0,100.0,0.0,0.0,0.0,0.0,2499.0,49.64243146603099,2535.0,50.35756853396901,0.0,0.0,140.0,26.515151515151516,242.0,45.83333333333333,146.0,27.65151515151515,0.0,0.0,241.0,100.0,0.0,0.0,0.0,0.0,0.0,0.0,2.0,100.0,0.0,0.0,23.0,42.592592592592595,31.0,57.407407407407405
0,2041,3722,19,0.5104782375067168,0.42668735453840184,19,19,100.0,0,14,25.550779150994092,74.44922084900591,0.0,1,0.026867275658248254,5,13,5.263157894736842,1,68.42105263157895,13,0.0,0,26.31578947368421,5,6627,9422,7795,14,9422,0,0,0,12960,5066,529,241,55,2,0,0,0,25,24,3,42.82676927719934,6627,4367,0.9053870529651425,0.8299381318847141,16.14606911121171,91.66666666666666,74.4529953221669,ModelParams,v3,1779490854.3787873,12960.0,100.0,0.0,0.0,0.0,0.0,2513.0,49.60521121200158,2553.0,50.39478878799842,0.0,0.0,140.0,26.46502835538752,243.0,45.93572778827977,146.0,27.599243856332706,0.0,0.0,241.0,100.0,0.0,0.0,0.0,0.0,0.0,0.0,2.0,100.0,0.0,0.0,23.0,41.81818181818181,32.0,58.18181818181818
0,2042,3655,18,0.49247606019151846,0.4337539432176656,18,18,100.0,0,14,25.33515731874145,74.66484268125855,0.0,0,0.0,5,13,0.0,0,72.22222222222221,13,0.0,0,27.77777777777778,5,6550,9473,7923,14,9473,0,0,0,13039,5092,531,242,55,2,0,0,0,26,25,4,42.96473282442748,6550,4313,0.9160305343511451,0.8396946564885497,16.076335877862597,91.66666666666666,75.40458015267176,ModelParams,v3,1779490854.3787873,13039.0,100.0,0.0,0.0,0.0,0.0,2525.0,49.58758837391987,2567.0,50.41241162608012,0.0,0.0,141.0,26.55367231638418,244.0,45.951035781544256,146.0,27.49529190207156,0.0,0.0,242.0,100.0,0.0,0.0,0.0,0.0,0.0,0.0,2.0,100.0,0.0,0.0,23.0,41.81818181818181,32.0,58.18181818181818
0,2043,3608,17,0.47117516629711753,0.43737574552683894,17,17,100.0,0,15,25.5820399113082,74.41796008869179,0.0,0,0.0,5,12,0.0,0,70.58823529411765,12,0.0,0,29.411764705882355,5,6472,9534,8062,15,9534,0,0,0,13128,5125,533,243,55,2,0,0,0,27,26,4,42.95951792336218,6472,4269,0.911619283065513,0.8343634116192831,16.100123609394316,91.52542372881356,76.35970333745364,ModelParams,v3,1779490854.3787873,13128.0,100.0,0.0,0.0,0.0,0.0,2541.0,49.58048780487805,2584.0,50.41951219512195,0.0,0.0,141.0,26.454033771106943,244.0,45.77861163227016,148.0,27.76735459662289,0.0,0.0,243.0,100.0,0.0,0.0,0.0,0.0,0.0,0.0,2.0,100.0,0.0,0.0,23.0,41.81818181818181,32.0,58.18181818181818
0,2044,3571,17,0.4760571268552226,0.40404040404040403,17,17,100.0,0,15,25.2310277233268,74.7689722766732,0.0,0,0.0,4,13,0.0,0,76.47058823529412,13,0.0,0,23.52941176470588,4,6406,9601,8195,15,9601,0,0,0,13224,5159,536,244,55,2,0,0,0,28,26,4,42.943958788635655,6406,4221,0.8741804558226661,0.8117389946924758,16.07867624102404,92.85714285714286,77.09959413050265,ModelParams,v3,1779490854.3787873,13224.0,100.0,0.0,0.0,0.0,0.0,2557.0,49.56386896685404,2602.0,50.43613103314596,0.0,0.0,141.0,26.30597014925373,245.0,45.7089552238806,150.0,27.985074626865668,0.0,0.0,244.0,100.0,0.0,0.0,0.0,0.0,0.0,0.0,2.0,100.0,0.0,0.0,23.0,41.81818181818181,32.0,58.18181818181818
0,2045,3517,15,0.4264998578333807,0.326530612244898,15,15,100.0,0,15,25.44782485072505,74.55217514927494,0.0,0,0.0,4,11,0.0,0,73.33333333333333,11,0.0,0,26.666666666666668,4,6341,9658,8317,15,9658,0,0,0,13299,5186,539,244,56,2,0,0,0,28,26,5,43.03075224727961,6341,4196,0.8200599274562372,0.7727487777953004,16.10156126793881,94.23076923076923,78.03185617410503,ModelParams,v3,1779490854.3787873,13299.0,100.0,0.0,0.0,0.0,0.0,2571.0,49.57578094870806,2615.0,50.42421905129194,0.0,0.0,141.0,26.159554730983302,247.0,45.82560296846011,151.0,28.014842300556587,0.0,0.0,244.0,100.0,0.0,0.0,0.0,0.0,0.0,0.0,2.0,100.0,0.0,0.0,24.0,42.857142857142854,32.0,57.14285714285714
0,2046,3433,14,0.40780658316341395,0.33195020746887965,14,14,100.0,0,15,25.37139528109525,74.62860471890474,0.0,0,0.0,4,10,0.0,0,71.42857142857143,10,0.0,0,28.57142857142857,4,6258,9701,8443,15,9701,0,0,0,13373,5218,541,244,56,2,0,0,0,29,26,5,43.1960690316395,6258,4148,0.7989773090444231,0.7510386705017578,16.075423457973795,94.0,78.92297858740812,ModelParams,v3,1779490854.3787873,13373.0,100.0,0.0,0.0,0.0,0.0,2587.0,49.57838252203909,2631.0,50.4216174779609,0.0,0.0,142.0,26.247689463955638,248.0,45.84103512014787,151.0,27.911275415896487,0.0,0.0,244.0,100.0,0.0,0.0,0.0,0.0,0.0,0.0,2.0,100.0,0.0,0.0,24.0,42.857142857142854,32.0,57.14285714285714
0,2047,3414,14,0.4100761570005858,0.3337505214851898,14,14,100.0,0,16,25.600468658465143,74.39953134153485,0.0,0,0.0,4,10,0.0,0,71.42857142857143,10,0.0,0,28.57142857142857,4,6184,9766,8582,16,9766,0,0,0,13458,5249,543,244,57,2,0,0,0,30,27,5,43.10413971539457,6184,4088,0.7761966364812419,0.7600258732212161,16.154592496765847,97.91666666666666,79.54398447606728,ModelParams,v3,1779490854.3787873,13458.0,100.0,0.0,0.0,0.0,0.0,2602.0,49.57134692322347,2647.0,50.42865307677653,0.0,0.0,142.0,26.151012891344383,250.0,46.04051565377532,151.0,27.808471454880294,0.0,0.0,244.0,100.0,0.0,0.0,0.0,0.0,0.0,0.0,2.0,100.0,0.0,0.0,24.0,42.10526315789473,33.0,57.89473684210527
0,2048,3376,13,0.38507109004739337,0.2947368421052632,13,13,100.0,0,16,25.65165876777251,74.34834123222748,0.0,0,0.0,4,9,0.0,0,69.23076923076923,9,0.0,0,30.76923076923077,4,6115,9818,8703,16,9818,0,0,0,13539,5285,545,244,57,2,0,0,0,30,27,5,43.15437448896157,6115,4046,0.7686017988552739,0.7686017988552739,16.140637775960755,100.0,80.62142273098937,ModelParams,v3,1779490854.3787873,13539.0,100.0,0.0,0.0,0.0,0.0,2617.0,49.517502365184484,2668.0,50.482497634815516,0.0,0.0,143.0,26.238532110091743,250.0,45.87155963302752,152.0,27.889908256880737,0.0,0.0,244.0,100.0,0.0,0.0,0.0,0.0,0.0,0.0,2.0,100.0,0.0,0.0,24.0,42.10526315789473,33.0,57.89473684210527
0,2049,3345,12,0.35874439461883406,0.2969876962240136,12,12,100.0,0,17,25.530642750373694,74.46935724962631,0.0,0,0.0,4,8,0.0,0,66.66666666666666,8,0.0,0,33.33333333333333,4,6060,9864,8804,17,9864,0,0,0,13647,5320,549,245,57,2,0,0,0,32,28,5,43.33052805280528,6060,4006,0.7425742574257426,0.7425742574257426,16.023102310231025,100.0,81.43564356435643,ModelParams,v3,1779490854.3787873,13647.0,100.0,0.0,0.0,0.0,0.0,2635.0,49.53007518796993,2685.0,50.46992481203007,0.0,0.0,144.0,26.229508196721312,251.0,45.71948998178507,154.0,28.051001821493628,0.0,0.0,245.0,100.0,0.0,0.0,0.0,0.0,0.0,0.0,2.0,100.0,0.0,0.0,24.0,42.10526315789473,33.0,57.89473684210527
0,2050,3338,11,0.329538645895746,0.254993625159371,11,11,100.0,0,18,25.614140203714797,74.3858597962852,0.0,0,0.0,3,8,0.0,0,72.72727272727273,8,0.0,0,27.27272727272727,3,6017,9923,8906,18,9923,0,0,0,13737,5349,553,245,57,2,0,0,0,34,30,5,43.3962107362473,6017,3990,0.7478810038225029,0.7478810038225029,16.054512215389728,100.0,81.66860561741733,ModelParams,v3,1779490854.3787873,13737.0,100.0,0.0,0.0,0.0,0.0,2648.0,49.50458029538232,2701.0,50.49541970461768,0.0,0.0,145.0,26.220614828209765,252.0,45.56962025316456,156.0,28.20976491862568,0.0,0.0,245.0,100.0,0.0,0.0,0.0,0.0,0.0,0.0,2.0,100.0,0.0,0.0,24.0,42.10526315789473,33.0,57.89473684210527
0,2051,3328,10,0.3004807692307693,0.254993625159371,10,10,100.0,0,18,25.510817307692307,74.4891826923077,0.0,0,0.0,3,7,0.0,0,70.0,7,0.0,0,30.0,3,5952,9984,9032,18,9984,0,0,0,13860,5393,558,245,57,2,0,0,0,34,30,5,43.36105510752688,5952,3944,0.7224462365591398,0.7224462365591398,15.977822580645162,100.0,81.51881720430107,ModelParams,v3,1779490854.3787873,13860.0,100.0,0.0,0.0,0.0,0.0,2673.0,49.56424995364361,2720.0,50.43575004635639,0.0,0.0,147.0,26.344086021505376,254.0,45.51971326164875,157.0,28.136200716845877,0.0,0.0,245.0,100.0,0.0,0.0,0.0,0.0,0.0,0.0,2.0,100.0,0.0,0.0,24.0,42.10526315789473,33.0,57.89473684210527
0,2052,3309,9,0.271985494106981,0.2136752136752137,9,9,100.0,0,18,25.445754004230885,74.55424599576912,0.0,0,0.0,3,6,0.0,0,66.66666666666666,6,0.0,0,33.33333333333333,3,5886,10030,9144,18,10030,0,0,0,13893,5406,558,245,57,2,0,0,0,34,30,5,43.44444444444444,5886,3914,0.6795786612300373,0.6625891946992865,15.936119605844375,97.5,81.49847094801224,ModelParams,v3,1779490854.3787873,13893.0,100.0,0.0,0.0,0.0,0.0,2680.0,49.574546799852016,2726.0,50.425453200147984,0.0,0.0,147.0,26.344086021505376,254.0,45.51971326164875,157.0,28.136200716845877,0.0,0.0,245.0,100.0,0.0,0.0,0.0,0.0,0.0,0.0,2.0,100.0,0.0,0.0,24.0,42.10526315789473,33.0,57.89473684210527
0,2053,3278,7,0.21354484441732766,0.172488141440276,7,7,100.0,0,19,24.984746796827334,75.01525320317268,0.0,0,0.0,3,4,0.0,0,57.14285714285714,4,0.0,0,42.857142857142854,3,5813,10072,9259,19,10072,0,0,0,13957,5428,560,245,57,2,0,0,0,36,32,5,43.55221056253225,5813,3859,0.6193015654567349,0.6020987441940479,16.050232238087045,97.22222222222221,81.57577842766214,ModelParams,v3,1779490854.3787873,13957.0,100.0,0.0,0.0,0.0,0.0,2692.0,49.594694178334564,2736.0,50.405305821665436,0.0,0.0,147.0,26.25,255.0,45.535714285714285,158.0,28.214285714285715,0.0,0.0,245.0,100.0,0.0,0.0,0.0,0.0,0.0,0.0,2.0,100.0,0.0,0.0,24.0,42.10526315789473,33.0,57.89473684210527
0,2054,3250,6,0.1846153846153846,0.17406440382941687,6,6,100.0,0,20,24.984615384615385,75.01538461538462,0.0,0,0.0,3,3,0.0,0,50.0,3,0.0,0,50.0,3,5732,10126,9394,20,10126,0,0,0,14032,5458,563,245,57,2,0,0,0,38,34,5,43.4576064200977,5732,3800,0.6280530355896721,0.6106071179344034,16.05024424284717,97.22222222222221,81.42009769713887,ModelParams,v3,1779490854.3787873,14032.0,100.0,0.0,0.0,0.0,0.0,2709.0,49.63356540857457,2749.0,50.36643459142544,0.0,0.0,148.0,26.287744227353464,256.0,45.47069271758437,159.0,28.24156305506217,0.0,0.0,245.0,100.0,0.0,0.0,0.0,0.0,0.0,0.0,2.0,100.0,0.0,0.0,24.0,42.10526315789473,33.0,57.89473684210527
0,2055,3227,6,0.18593120545398203,0.17513134851138354,6,6,100.0,0,20,25.100712736287573,74.89928726371242,0.0,0,0.0,3,3,0.0,0,50.0,3,0.0,0,50.0,3,5672,10181,9509,20,10181,0,0,0,14109,5490,563,246,57,2,0,0,0,38,34,5,43.463681241184766,5672,3760,0.6170662905500706,0.5994358251057829,16.026093088857547,97.14285714285714,81.3293370944993,ModelParams,v3,1779490854.3787873,14109.0,100.0,0.0,0.0,0.0,0.0,2723.0,49.599271402550094,2767.0,50.400728597449906,0.0,0.0,148.0,26.287744227353464,256.0,45.47069271758437,159.0,28.24156305506217,0.0,0.0,246.0,100.0,0.0,0.0,0.0,0.0,0.0,0.0,2.0,100.0,0.0,0.0,24.0,42.10526315789473,33.0,57.89473684210527
0,2056,3215,6,0.18662519440124417,0.1758241758241758,6,6,100.0,0,20,25.10108864696734,74.89891135303266,0.0,0,0.0,3,3,0.0,0,50.0,3,0.0,0,50.0,3,5612,10235,9623,20,10235,0,0,0,14179,5518,565,246,57,2,0,0,0,38,34,5,43.50873129009266,5612,3721,0.6236635780470421,0.6058446186742694,15.876692801140413,97.14285714285714,81.20099786172487,ModelParams,v3,1779490854.3787873,14179.0,100.0,0.0,0.0,0.0,0.0,2734.0,49.54693729612178,2784.0,50.45306270387822,0.0,0.0,148.0,26.194690265486724,258.0,45.663716814159294,159.0,28.14159292035398,0.0,0.0,246.0,100.0,0.0,0.0,0.0,0.0,0.0,0.0,2.0,100.0,0.0,0.0,24.0,42.10526315789473,33.0,57.89473684210527
0,2057,3192,6,0.18796992481203006,0.17722640673460346,6,6,100.0,0,20,25.469924812030076,74.53007518796993,0.0,0,0.0,3,3,0.0,0,50.0,3,0.0,0,50.0,3,5557,10292,9735,20,10292,0,0,0,14298,5551,566,246,58,2,0,0,0,39,35,5,43.484614000359905,5557,3675,0.5578549577109951,0.5398596364945114,15.799892028072701,96.7741935483871,81.1049127226921,ModelParams,v3,1779490854.3787873,14298.0,100.0,0.0,0.0,0.0,0.0,2748.0,49.504593766888846,2803.0,50.495406233111154,0.0,0.0,148.0,26.148409893992934,259.0,45.75971731448763,159.0,28.091872791519435,0.0,0.0,246.0,100.0,0.0,0.0,0.0,0.0,0.0,0.0,2.0,100.0,0.0,0.0,25.0,43.103448275862064,33.0,56.896551724137936
0,2058,3177,6,0.18885741265344666,0.17785682525566918,6,6,100.0,0,20,25.08655964746616,74.91344035253384,0.0,0,0.0,3,3,0.0,0,50.0,3,0.0,0,50.0,3,5494,10338,9844,20,10338,0,0,0,14329,5565,567,246,58,2,0,0,0,39,35,5,43.5560611576265,5494,3635,0.5278485620677102,0.4914452129595923,15.96286858390972,93.10344827586206,81.16126683654896,ModelParams,v3,1779490854.3787873,14329.0,100.0,0.0,0.0,0.0,0.0,2751.0,49.43396226415094,2814.0,50.56603773584906,0.0,0.0,148.0,26.102292768959433,259.0,45.67901234567901,160.0,28.21869488536155,0.0,0.0,246.0,100.0,0.0,0.0,0.0,0.0,0.0,0.0,2.0,100.0,0.0,0.0,25.0,43.103448275862064,33.0,56.896551724137936
0,2059,3157,6,0.19005384859043395,0.17913121361397222,6,6,100.0,0,20,25.023756731073803,74.9762432689262,0.0,0,0.0,3,3,0.0,0,50.0,3,0.0,0,50.0,3,5436,10397,9961,20,10397,0,0,0,14418,5594,567,247,58,2,0,0,0,39,35,5,43.445916114790286,5436,3588,0.4782928623988227,0.459896983075791,16.04120676968359,96.15384615384616,80.94186902133922,ModelParams,v3,1779490854.3787873,14418.0,100.0,0.0,0.0,0.0,0.0,2766.0,49.44583482302467,2828.0,50.55416517697533,0.0,0.0,148.0,26.102292768959433,259.0,45.67901234567901,160.0,28.21869488536155,0.0,0.0,247.0,100.0,0.0,0.0,0.0,0.0,0.0,0.0,2.0,100.0,0.0,0.0,25.0,43.103448275862064,33.0,56.896551724137936
0,2060,3128,7,0.2237851662404092,0.18248175182481752,7,7,100.0,0,20,24.968030690537084,75.03196930946292,0.0,0,0.0,4,3,0.0,0,42.857142857142854,3,0.0,0,57.14285714285714,4,5382,10449,10067,20,10449,0,0,0,14486,5617,571,247,58,2,0,0,0,40,36,5,43.421033073206985,5382,3550,0.4459308807134894,0.4459308807134894,16.090672612411744,100.0,80.93645484949833,ModelParams,v3,1779490854.3787873,14486.0,100.0,0.0,0.0,0.0,0.0,2777.0,49.43920242122129,2840.0,50.560797578778704,0.0,0.0,149.0,26.09457092819615,260.0,45.53415061295972,162.0,28.371278458844134,0.0,0.0,247.0,100.0,0.0,0.0,0.0,0.0,0.0,0.0,2.0,100.0,0.0,0.0,25.0,43.103448275862064,33.0,56.896551724137936
0,2061,3110,8,0.2572347266881029,0.23084025854108958,7,7,87.5,1,21,25.401929260450164,74.59807073954984,0.0,0,0.0,5,3,0.0,0,37.5,3,0.0,0,62.5,5,5326,10500,10174,21,10500,0,0,0,14557,5635,573,248,58,2,0,0,0,41,37,5,43.379834772812615,5326,3514,0.3942921517085993,0.4318437852046564,16.1847540368006,104.76190476190477,80.75478783327074,ModelParams,v3,1779490854.3787873,14557.0,100.0,0.0,0.0,0.0,0.0,2785.0,49.423247559893525,2850.0,50.576752440106475,0.0,0.0,150.0,26.17801047120419,260.0,45.37521815008726,163.0,28.44677137870855,0.0,0.0,248.0,100.0,0.0,0.0,0.0,0.0,0.0,0.0,2.0,100.0,0.0,0.0,25.0,43.103448275862064,33.0,56.896551724137936
0,2062,3078,8,0.2599090318388564,0.23562676720075398,8,8,100.0,0,21,25.373619233268357,74.62638076673164,0.0,0,0.0,5,3,0.0,0,37.5,3,0.0,0,62.5,5,5266,10557,10291,21,10557,0,0,0,14628,5675,575,248,58,2,0,0,0,41,37,5,43.2785795670338,5266,3485,0.379794910748196,0.41777440182301556,16.179263197873148,110.00000000000001,80.59248006076719,ModelParams,v3,1779490854.3787873,14628.0,100.0,0.0,0.0,0.0,0.0,2800.0,49.33920704845815,2875.0,50.66079295154186,0.0,0.0,150.0,26.08695652173913,262.0,45.565217391304344,163.0,28.347826086956523,0.0,0.0,248.0,100.0,0.0,0.0,0.0,0.0,0.0,0.0,2.0,100.0,0.0,0.0,25.0,43.103448275862064,33.0,56.896551724137936
0,2063,3040,7,0.2302631578947368,0.23969319271332695,7,7,100.0,0,21,25.55921052631579,74.4407894736842,0.0,0,0.0,5,2,0.0,0,28.57142857142857,2,0.0,0,71.42857142857143,5,5199,10606,10407,21,10606,0,0,0,14698,5706,576,248,58,2,0,0,0,42,38,5,43.26505097134064,5199,3456,0.32698595883823817,0.4039238315060588,16.080015387574534,123.52941176470588,80.68859396037699,ModelParams,v3,1779490854.3787873,14698.0,100.0,0.0,0.0,0.0,0.0,2817.0,49.369085173501574,2889.0,50.63091482649842,0.0,0.0,151.0,26.21527777777778,262.0,45.48611111111111,163.0,28.29861111111111,0.0,0.0,248.0,100.0,0.0,0.0,0.0,0.0,0.0,0.0,2.0,100.0,0.0,0.0,25.0,43.103448275862064,33.0,56.896551724137936
0,2064,2996,7,0.23364485981308408,0.2446183953033268,7,7,100.0,0,21,25.534045393858477,74.46595460614152,0.0,0,0.0,5,2,0.0,0,28.57142857142857,2,0.0,0,71.42857142857143,5,5134,10640,10506,21,10640,0,0,0,14749,5727,576,248,58,2,0,0,0,42,38,5,43.36540708998832,5134,3418,0.3116478379431243,0.4090377873003506,16.147253603428126,131.25,80.8920919361122,ModelParams,v3,1779490854.3787873,14749.0,100.0,0.0,0.0,0.0,0.0,2828.0,49.38012921250218,2899.0,50.619870787497824,0.0,0.0,151.0,26.21527777777778,262.0,45.48611111111111,163.0,28.29861111111111,0.0,0.0,248.0,100.0,0.0,0.0,0.0,0.0,0.0,0.0,2.0,100.0,0.0,0.0,25.0,43.103448275862064,33.0,56.896551724137936
0,2065,2935,5,0.17035775127768313,0.15174506828528073,5,5,100.0,0,21,25.281090289608176,74.71890971039183,0.0,0,0.0,4,1,0.0,0,20.0,1,0.0,0,80.0,4,5057,10673,10616,21,10673,0,0,0,14808,5743,578,249,58,2,0,0,0,44,40,5,43.440972908839235,5057,3363,0.2768439786434645,0.3954913980620921,16.17559818073957,142.85714285714286,80.93731461340717,ModelParams,v3,1779490854.3787873,14808.0,100.0,0.0,0.0,0.0,0.0,2837.0,49.39926867490858,2906.0,50.60073132509142,0.0,0.0,151.0,26.124567474048444,264.0,45.674740484429066,163.0,28.20069204152249,0.0,0.0,249.0,100.0,0.0,0.0,0.0,0.0,0.0,0.0,2.0,100.0,0.0,0.0,25.0,43.103448275862064,33.0,56.896551724137936
0,2066,2888,5,0.17313019390581716,0.1034126163391934,5,5,100.0,0,21,25.31163434903047,74.68836565096953,0.0,0,0.0,5,0,0.0,0,0.0,0,0.0,0,100.0,5,4991,10720,10729,21,10720,0,0,0,14871,5763,580,249,58,2,0,0,0,45,41,5,43.370066119014226,4991,3324,0.2604688439190543,0.40072129833700665,16.129032258064516,153.84615384615387,80.88559406932478,ModelParams,v3,1779490854.3787873,14871.0,100.0,0.0,0.0,0.0,0.0,2846.0,49.384001388165885,2917.0,50.615998611834115,0.0,0.0,151.0,26.03448275862069,266.0,45.86206896551724,163.0,28.10344827586207,0.0,0.0,249.0,100.0,0.0,0.0,0.0,0.0,0.0,0.0,2.0,100.0,0.0,0.0,25.0,43.103448275862064,33.0,56.896551724137936
0,2067,2828,5,0.1768033946251768,0.10666666666666667,5,5,100.0,0,21,25.28288543140028,74.71711456859971,0.0,0,0.0,5,0,0.0,0,0.0,0,0.0,0,100.0,5,4909,10750,10841,21,10750,0,0,0,14921,5779,582,250,58,2,0,0,0,45,41,5,43.45304542676716,4909,3269,0.26481971888368305,0.36667345691586883,16.031778366266042,138.46153846153845,81.01446323080057,ModelParams,v3,1779490854.3787873,14921.0,100.0,0.0,0.0,0.0,0.0,2853.0,49.36840283786122,2926.0,50.631597162138775,0.0,0.0,152.0,26.11683848797251,267.0,45.876288659793815,163.0,28.006872852233677,0.0,0.0,250.0,100.0,0.0,0.0,0.0,0.0,0.0,0.0,2.0,100.0,0.0,0.0,25.0,43.103448275862064,33.0,56.896551724137936
0,2068,2797,5,0.1787629603146228,0.10899182561307902,5,5,100.0,0,21,25.491598140865214,74.50840185913479,0.0,0,0.0,5,0,0.0,0,0.0,0,0.0,0,100.0,5,4813,10790,10977,21,10790,0,0,0,14985,5806,584,250,58,2,0,0,0,47,43,5,43.21213380428007,4813,3197,0.2701018076044047,0.3739871182214835,15.873675462289633,138.46153846153845,80.76044047371703,ModelParams,v3,1779490854.3787873,14985.0,100.0,0.0,0.0,0.0,0.0,2866.0,49.362728212194284,2940.0,50.637271787805716,0.0,0.0,153.0,26.1986301369863,268.0,45.89041095890411,163.0,27.910958904109588,0.0,0.0,250.0,100.0,0.0,0.0,0.0,0.0,0.0,0.0,2.0,100.0,0.0,0.0,25.0,43.103448275862064,33.0,56.896551724137936
0,2069,2756,5,0.18142235123367198,0.11086474501108648,5,5,100.0,0,21,25.326560232220608,74.6734397677794,0.0,0,0.0,5,0,0.0,0,0.0,0,0.0,0,100.0,5,4736,10829,11093,21,10829,0,0,0,15043,5822,587,251,58,2,0,0,0,47,43,5,43.13429054054054,4736,3154,0.27449324324324326,0.3800675675675676,15.79391891891892,138.46153846153845,80.78547297297297,ModelParams,v3,1779490854.3787873,15043.0,100.0,0.0,0.0,0.0,0.0,2876.0,49.39883201648918,2946.0,50.60116798351082,0.0,0.0,155.0,26.405451448040886,269.0,45.826235093696766,163.0,27.76831345826235,0.0,0.0,251.0,100.0,0.0,0.0,0.0,0.0,0.0,0.0,2.0,100.0,0.0,0.0,25.0,43.103448275862064,33.0,56.896551724137936
0,2070,2712,5,0.18436578171091444,0.11389521640091116,5,5,100.0,0,21,25.147492625368734,74.85250737463127,0.0,0,0.0,5,0,0.0,0,0.0,0,0.0,0,100.0,5,4672,10870,11198,21,10870,0,0,0,15113,5840,590,251,58,2,0,0,0,47,43,5,43.113013698630134,4672,3108,0.2782534246575342,0.3638698630136986,15.60359589041096,130.76923076923077,80.90753424657534,ModelParams,v3,1779490854.3787873,15113.0,100.0,0.0,0.0,0.0,0.0,2883.0,49.36643835616438,2957.0,50.63356164383561,0.0,0.0,155.0,26.27118644067797,271.0,45.932203389830505,164.0,27.796610169491526,0.0,0.0,251.0,100.0,0.0,0.0,0.0,0.0,0.0,0.0,2.0,100.0,0.0,0.0,25.0,43.103448275862064,33.0,56.896551724137936
0,2071,2683,5,0.18635855385762207,0.11587485515643105,5,5,100.0,0,21,24.785687663063737,75.21431233693626,0.0,0,0.0,5,0,0.0,0,0.0,0,0.0,0,100.0,5,4622,10908,11286,21,10908,0,0,0,15145,5848,590,251,58,2,0,0,0,47,43,5,43.17676330592817,4622,3073,0.2379922111639983,0.34617048896581565,15.469493725659888,145.45454545454547,80.96062310688013,ModelParams,v3,1779490854.3787873,15145.0,100.0,0.0,0.0,0.0,0.0,2889.0,49.4015047879617,2959.0,50.59849521203831,0.0,0.0,155.0,26.27118644067797,271.0,45.932203389830505,164.0,27.796610169491526,0.0,0.0,251.0,100.0,0.0,0.0,0.0,0.0,0.0,0.0,2.0,100.0,0.0,0.0,25.0,43.103448275862064,33.0,56.896551724137936
0,2072,2649,5,0.1887504718761797,0.11827321111768185,5,5,100.0,0,21,24.386560966402413,75.61343903359759,0.0,0,0.0,5,0,0.0,0,0.0,0,0.0,0,100.0,5,4554,10945,11391,21,10945,0,0,0,15238,5872,591,251,58,2,0,0,0,47,43,5,43.08036890645586,4554,3035,0.24154589371980675,0.3513394817742644,15.480895915678525,145.45454545454547,80.8300395256917,ModelParams,v3,1779490854.3787873,15238.0,100.0,0.0,0.0,0.0,0.0,2904.0,49.4550408719346,2968.0,50.54495912806539,0.0,0.0,155.0,26.22673434856176,272.0,46.02368866328257,164.0,27.749576988155667,0.0,0.0,251.0,100.0,0.0,0.0,0.0,0.0,0.0,0.0,2.0,100.0,0.0,0.0,25.0,43.103448275862064,33.0,56.896551724137936
0,2073,2604,5,0.19201228878648233,0.12084592145015105,5,5,100.0,0,21,24.23195084485407,75.76804915514593,0.0,0,0.0,5,0,0.0,0,0.0,0,0.0,0,100.0,5,4477,10976,11499,21,10976,0,0,0,15291,5887,592,253,59,2,0,0,0,47,43,5,43.067455885637706,4477,2994,0.2457002457002457,0.35738217556399376,15.389769935224482,145.45454545454547,80.94706276524458,ModelParams,v3,1779490854.3787873,15291.0,100.0,0.0,0.0,0.0,0.0,2914.0,49.49889587226091,2973.0,50.50110412773908,0.0,0.0,155.0,26.182432432432435,272.0,45.94594594594595,165.0,27.87162162162162,0.0,0.0,253.0,100.0,0.0,0.0,0.0,0.0,0.0,0.0,2.0,100.0,0.0,0.0,25.0,42.3728813559322,34.0,57.6271186440678
0,2074,2557,5,0.19554165037152915,0.12422360248447205,5,5,100.0,0,21,23.81697301525225,76.18302698474776,0.0,0,0.0,5,0,0.0,0,0.0,0,0.0,0,100.0,5,4415,11010,11595,21,11010,0,0,0,15314,5897,593,253,59,2,0,0,0,47,43,5,42.984597961494906,4415,2961,0.2491506228765572,0.362400906002265,15.424688561721403,145.45454545454547,81.15515288788222,ModelParams,v3,1779490854.3787873,15314.0,100.0,0.0,0.0,0.0,0.0,2917.0,49.465830083093095,2980.0,50.534169916906905,0.0,0.0,155.0,26.138279932546375,273.0,46.0370994940978,165.0,27.82462057335582,0.0,0.0,253.0,100.0,0.0,0.0,0.0,0.0,0.0,0.0,2.0,100.0,0.0,0.0,25.0,42.3728813559322,34.0,57.6271186440678
0,2075,2515,5,0.19880715705765406,0.12698412698412698,5,5,100.0,0,21,23.339960238568587,76.6600397614314,0.0,0,0.0,5,0,0.0,0,0.0,0,0.0,0,100.0,5,4349,11040,11691,21,11040,0,0,0,15374,5912,595,253,59,2,0,0,0,47,43,5,43.04138882501724,4349,2920,0.2529317084387216,0.36790066681995864,15.336859048057025,145.45454545454547,81.48999770062083,ModelParams,v3,1779490854.3787873,15374.0,100.0,0.0,0.0,0.0,0.0,2928.0,49.52638700947226,2984.0,50.47361299052774,0.0,0.0,156.0,26.218487394957986,273.0,45.88235294117647,166.0,27.899159663865547,0.0,0.0,253.0,100.0,0.0,0.0,0.0,0.0,0.0,0.0,2.0,100.0,0.0,0.0,25.0,42.3728813559322,34.0,57.6271186440678
0,2076,2459,5,0.20333468889792597,0.13063357282821686,5,5,100.0,0,22,22.814152094347296,77.18584790565271,0.0,0,0.0,5,0,0.0,0,0.0,0,0.0,0,100.0,5,4274,11065,11791,22,11065,0,0,0,15392,5918,596,253,59,2,0,0,0,48,44,5,43.135470285446885,4274,2871,0.21057557323350493,0.32756200280767434,15.25503041647169,155.55555555555557,81.84370613008892,ModelParams,v3,1779490854.3787873,15392.0,100.0,0.0,0.0,0.0,0.0,2931.0,49.52686718485975,2987.0,50.473132815140254,0.0,0.0,156.0,26.174496644295303,273.0,45.80536912751678,167.0,28.02013422818792,0.0,0.0,253.0,100.0,0.0,0.0,0.0,0.0,0.0,0.0,2.0,100.0,0.0,0.0,25.0,42.3728813559322,34.0,57.6271186440678
0,2077,2411,4,0.16590626296142677,0.13386880856760375,4,4,100.0,0,22,22.065532973869765,77.93446702613024,0.0,0,0.0,4,0,0.0,0,0.0,0,0.0,0,100.0,4,4203,11091,11888,22,11091,0,0,0,15447,5936,596,253,59,2,0,0,0,48,44,5,43.12633832976445,4203,2821,0.19034023316678564,0.30930287889602665,15.2510111824887,162.5,81.9890554365929,ModelParams,v3,1779490854.3787873,15447.0,100.0,0.0,0.0,0.0,0.0,2945.0,49.61253369272237,2991.0,50.38746630727763,0.0,0.0,156.0,26.174496644295303,273.0,45.80536912751678,167.0,28.02013422818792,0.0,0.0,253.0,100.0,0.0,0.0,0.0,0.0,0.0,0.0,2.0,100.0,0.0,0.0,25.0,42.3728813559322,34.0,57.6271186440678
0,2078,2378,4,0.16820857863751051,0.1366120218579235,4,4,100.0,0,22,21.951219512195124,78.04878048780488,0.0,0,0.0,4,0,0.0,0,0.0,0,0.0,0,100.0,4,4159,11129,11970,22,11129,0,0,0,15508,5963,598,253,59,2,0,0,0,48,44,5,43.25871603750902,4159,2784,0.19235393123346958,0.31257513825438804,15.268093291656648,162.5,82.25534984371244,ModelParams,v3,1779490854.3787873,15508.0,100.0,0.0,0.0,0.0,0.0,2959.0,49.62267315109844,3004.0,50.37732684890156,0.0,0.0,157.0,26.254180602006688,274.0,45.819397993311036,167.0,27.926421404682273,0.0,0.0,253.0,100.0,0.0,0.0,0.0,0.0,0.0,0.0,2.0,100.0,0.0,0.0,25.0,42.3728813559322,34.0,57.6271186440678
0,2079,2330,4,0.17167381974248927,0.13908205841446453,4,4,100.0,0,22,22.489270386266096,77.51072961373391,0.0,0,0.0,4,0,0.0,0,0.0,0,0.0,0,100.0,4,4100,11165,12065,22,11165,0,0,0,15569,5984,599,253,59,2,0,0,0,48,44,5,43.19073170731707,4100,2753,0.1951219512195122,0.3170731707317073,15.24390243902439,162.5,82.39024390243902,ModelParams,v3,1779490854.3787873,15569.0,100.0,0.0,0.0,0.0,0.0,2969.0,49.61564171122995,3015.0,50.384358288770045,0.0,0.0,157.0,26.21035058430718,274.0,45.742904841402336,168.0,28.046744574290482,0.0,0.0,253.0,100.0,0.0,0.0,0.0,0.0,0.0,0.0,2.0,100.0,0.0,0.0,25.0,42.3728813559322,34.0,57.6271186440678
0,2080,2311,4,0.17308524448290782,0.1413427561837456,4,4,100.0,0,22,22.89052358286456,77.10947641713544,0.0,0,0.0,4,0,0.0,0,0.0,0,0.0,0,100.0,4,4062,11203,12141,22,11203,0,0,0,15596,5995,599,253,59,2,0,0,0,48,44,5,43.24741506646972,4062,2717,0.19694731659281145,0.32003938946331856,15.189561792220582,162.5,82.52092565238799,ModelParams,v3,1779490854.3787873,15596.0,100.0,0.0,0.0,0.0,0.0,2973.0,49.591326105087575,3022.0,50.408673894912425,0.0,0.0,157.0,26.21035058430718,274.0,45.742904841402336,168.0,28.046744574290482,0.0,0.0,253.0,100.0,0.0,0.0,0.0,0.0,0.0,0.0,2.0,100.0,0.0,0.0,25.0,42.3728813559322,34.0,57.6271186440678
0,2081,2284,4,0.17513134851138354,0.14357501794687724,4,4,100.0,0,22,22.854640980735553,77.14535901926445,0.0,0,0.0,4,0,0.0,0,0.0,0,0.0,0,100.0,4,4023,11243,12220,22,11243,0,0,0,15659,6012,601,253,59,2,0,0,0,48,44,5,43.25826497638578,4023,2691,0.19885657469550086,0.3231419338801889,15.06338553318419,162.5,82.72433507332836,ModelParams,v3,1779490854.3787873,15659.0,100.0,0.0,0.0,0.0,0.0,2980.0,49.56753160345975,3032.0,50.43246839654025,0.0,0.0,157.0,26.12312811980033,275.0,45.75707154742096,169.0,28.1198003327787,0.0,0.0,253.0,100.0,0.0,0.0,0.0,0.0,0.0,0.0,2.0,100.0,0.0,0.0,25.0,42.3728813559322,34.0,57.6271186440678
0,2082,2256,3,0.13297872340425532,0.07331378299120235,3,3,100.0,0,22,23.22695035460993,76.77304964539007,0.0,0,0.0,3,0,0.0,0,0.0,0,0.0,0,100.0,3,3974,11275,12301,22,11275,0,0,0,15713,6033,601,253,59,2,0,0,0,48,44,5,43.24811273276296,3974,2650,0.20130850528434827,0.3019627579265224,15.123301459486663,150.0,82.93910417715148,ModelParams,v3,1779490854.3787873,15713.0,100.0,0.0,0.0,0.0,0.0,2989.0,49.544173711254764,3044.0,50.45582628874523,0.0,0.0,157.0,26.12312811980033,275.0,45.75707154742096,169.0,28.1198003327787,0.0,0.0,253.0,100.0,0.0,0.0,0.0,0.0,0.0,0.0,2.0,100.0,0.0,0.0,25.0,42.3728813559322,34.0,57.6271186440678
0,2083,2219,3,0.135196034249662,0.07496251874062969,3,3,100.0,0,22,22.71293375394322,77.28706624605678,0.0,0,0.0,3,0,0.0,0,0.0,0,0.0,0,100.0,3,3921,11296,12375,22,11296,0,0,0,15753,6049,602,253,59,2,0,0,0,48,44,5,43.469013006886,3921,2609,0.204029584289722,0.306044376434583,15.072685539403214,150.0,83.1165519000255,ModelParams,v3,1779490854.3787873,15753.0,100.0,0.0,0.0,0.0,0.0,2994.0,49.495784427178044,3055.0,50.504215572821956,0.0,0.0,157.0,26.079734219269103,276.0,45.84717607973422,169.0,28.07308970099668,0.0,0.0,253.0,100.0,0.0,0.0,0.0,0.0,0.0,0.0,2.0,100.0,0.0,0.0,25.0,42.3728813559322,34.0,57.6271186440678
0,2084,2200,3,0.13636363636363638,0.07621951219512195,3,3,100.0,0,22,22.954545454545457,77.04545454545455,0.0,0,0.0,3,0,0.0,0,0.0,0,0.0,0,100.0,3,3899,11336,12437,22,11336,0,0,0,15812,6074,604,254,59,2,0,0,0,48,44,5,43.57014619133111,3899,2590,0.23082841754295974,0.30777122339061297,15.13208515003847,133.33333333333331,82.8161066940241,ModelParams,v3,1779490854.3787873,15812.0,100.0,0.0,0.0,0.0,0.0,3005.0,49.47316430688179,3069.0,50.52683569311821,0.0,0.0,157.0,25.99337748344371,278.0,46.026490066225165,169.0,27.980132450331123,0.0,0.0,254.0,100.0,0.0,0.0,0.0,0.0,0.0,0.0,2.0,100.0,0.0,0.0,25.0,42.3728813559322,34.0,57.6271186440678
0,2085,2178,3,0.13774104683195593,0.07710100231303006,3,3,100.0,0,22,22.95684113865932,77.04315886134067,0.0,0,0.0,3,0,0.0,0,0.0,0,0.0,0,100.0,3,3860,11372,12512,22,11372,0,0,0,15868,6087,605,254,59,2,0,0,0,48,44,6,43.64974093264249,3860,2561,0.20725388601036268,0.2849740932642487,15.129533678756477,137.5,82.87564766839378,ModelParams,v3,1779490854.3787873,15868.0,100.0,0.0,0.0,0.0,0.0,3009.0,49.43321833415475,3078.0,50.56678166584524,0.0,0.0,157.0,25.950413223140494,279.0,46.11570247933884,169.0,27.933884297520663,0.0,0.0,254.0,100.0,0.0,0.0,0.0,0.0,0.0,0.0,2.0,100.0,0.0,0.0,25.0,42.3728813559322,34.0,57.6271186440678
0,2086,2140,3,0.14018691588785046,0.0782472613458529,3,3,100.0,0,22,22.80373831775701,77.19626168224299,0.0,0,0.0,3,0,0.0,0,0.0,0,0.0,0,100.0,3,3819,11398,12579,22,11398,0,0,0,15908,6100,608,254,59,2,0,0,0,48,44,7,43.874574495941346,3819,2534,0.20947892118355593,0.2880335166273894,15.161036920659859,137.5,82.8750981932443,ModelParams,v3,1779490854.3787873,15908.0,100.0,0.0,0.0,0.0,0.0,3016.0,49.44262295081967,3084.0,50.55737704918033,0.0,0.0,157.0,25.822368421052634,281.0,46.21710526315789,170.0,27.960526315789476,0.0,0.0,254.0,100.0,0.0,0.0,0.0,0.0,0.0,0.0,2.0,100.0,0.0,0.0,25.0,42.3728813559322,34.0,57.6271186440678
0,2087,2126,3,0.14111006585136407,0.07892659826361484,3,3,100.0,0,22,22.859830667920978,77.14016933207903,0.0,0,0.0,3,0,0.0,0,0.0,0,0.0,0,100.0,3,3784,11433,12649,22,11433,0,0,0,15955,6115,608,254,59,2,0,0,0,48,44,7,43.895348837209305,3784,2508,0.18498942917547567,0.2642706131078224,15.010570824524313,142.85714285714286,82.8752642706131,ModelParams,v3,1779490854.3787873,15955.0,100.0,0.0,0.0,0.0,0.0,3022.0,49.419460343417825,3093.0,50.58053965658218,0.0,0.0,157.0,25.822368421052634,281.0,46.21710526315789,170.0,27.960526315789476,0.0,0.0,254.0,100.0,0.0,0.0,0.0,0.0,0.0,0.0,2.0,100.0,0.0,0.0,25.0,42.3728813559322,34.0,57.6271186440678
0,2088,2092,2,0.09560229445506692,0.0,2,2,100.0,0,23,23.135755258126196,76.8642447418738,0.0,0,0.0,2,0,0.0,0,0.0,0,0.0,0,100.0,2,3741,11461,12720,23,11461,0,0,0,16007,6132,610,254,59,2,0,0,0,49,45,7,44.04624431970061,3741,2477,0.16038492381716118,0.24057738572574178,14.942528735632186,150.0,82.97246725474471,ModelParams,v3,1779490854.3787873,16007.0,100.0,0.0,0.0,0.0,0.0,3031.0,49.42922374429224,3101.0,50.57077625570776,0.0,0.0,157.0,25.73770491803279,281.0,46.0655737704918,172.0,28.196721311475407,0.0,0.0,254.0,100.0,0.0,0.0,0.0,0.0,0.0,0.0,2.0,100.0,0.0,0.0,25.0,42.3728813559322,34.0,57.6271186440678
0,2089,2070,2,0.0966183574879227,0.0,2,2,100.0,0,23,23.381642512077295,76.61835748792271,0.0,0,0.0,2,0,0.0,0,0.0,0,0.0,0,100.0,2,3702,11497,12795,23,11497,0,0,0,16061,6149,610,254,59,2,0,0,0,49,45,7,44.06888168557536,3702,2447,0.1350621285791464,0.21609940572663425,14.856834143706104,160.0,82.95515937331173,ModelParams,v3,1779490854.3787873,16061.0,100.0,0.0,0.0,0.0,0.0,3040.0,49.43893315986339,3109.0,50.561066840136604,0.0,0.0,157.0,25.73770491803279,281.0,46.0655737704918,172.0,28.196721311475407,0.0,0.0,254.0,100.0,0.0,0.0,0.0,0.0,0.0,0.0,2.0,100.0,0.0,0.0,25.0,42.3728813559322,34.0,57.6271186440678
0,2090,2037,2,0.09818360333824251,0.0,2,2,100.0,0,23,23.51497299950908,76.48502700049092,0.0,0,0.0,2,0,0.0,0,0.0,0,0.0,0,100.0,2,3644,11523,12879,23,11523,0,0,0,16108,6165,610,254,59,2,0,0,0,49,45,7,44.172338090010975,3644,2402,0.13721185510428102,0.21953896816684962,14.901207464324917,160.0,83.04061470911087,ModelParams,v3,1779490854.3787873,16108.0,100.0,0.0,0.0,0.0,0.0,3046.0,49.40794809407948,3119.0,50.59205190592052,0.0,0.0,157.0,25.73770491803279,281.0,46.0655737704918,172.0,28.196721311475407,0.0,0.0,254.0,100.0,0.0,0.0,0.0,0.0,0.0,0.0,2.0,100.0,0.0,0.0,25.0,42.3728813559322,34.0,57.6271186440678
0,2091,2012,1,0.049701789264413515,0.0,1,1,100.0,0,23,24.00596421471173,75.99403578528828,0.0,0,0.0,1,0,0.0,0,0.0,0,0.0,0,100.0,1,3600,11552,12952,23,11552,0,0,0,16159,6185,612,254,59,2,0,0,0,49,45,7,44.184444444444445,3600,2374,0.1388888888888889,0.2222222222222222,14.944444444444443,160.0,83.02777777777777,ModelParams,v3,1779490854.3787873,16159.0,100.0,0.0,0.0,0.0,0.0,3056.0,49.409862570735655,3129.0,50.590137429264345,0.0,0.0,158.0,25.816993464052292,281.0,45.91503267973856,173.0,28.26797385620915,0.0,0.0,254.0,100.0,0.0,0.0,0.0,0.0,0.0,0.0,2.0,100.0,0.0,0.0,25.0,42.3728813559322,34.0,57.6271186440678
0,2092,1992,1,0.0502008032128514,0.0,1,1,100.0,0,23,24.497991967871485,75.50200803212851,0.0,0,0.0,1,0,0.0,0,0.0,0,0.0,0,100.0,1,3568,11583,13015,23,11583,0,0,0,16208,6198,613,254,59,2,0,0,0,49,45,7,44.32062780269058,3568,2341,0.14013452914798205,0.2242152466367713,14.99439461883408,160.0,82.93161434977578,ModelParams,v3,1779490854.3787873,16208.0,100.0,0.0,0.0,0.0,0.0,3064.0,49.435301710229105,3134.0,50.564698289770895,0.0,0.0,159.0,25.938009787928223,281.0,45.840130505709624,173.0,28.221859706362153,0.0,0.0,254.0,100.0,0.0,0.0,0.0,0.0,0.0,0.0,2.0,100.0,0.0,0.0,25.0,42.3728813559322,34.0,57.6271186440678
0,2093,1956,1,0.051124744376278126,0.0,1,1,100.0,0,23,24.028629856850717,75.97137014314929,0.0,0,0.0,1,0,0.0,0,0.0,0,0.0,0,100.0,1,3522,11604,13082,23,11604,0,0,0,16227,6199,614,254,59,2,0,0,0,49,45,7,44.57694491766042,3522,2305,0.17035775127768313,0.2271436683702442,14.963089153889836,133.33333333333331,83.0777967064168,ModelParams,v3,1779490854.3787873,16227.0,100.0,0.0,0.0,0.0,0.0,3064.0,49.42732698822391,3135.0,50.57267301177609,0.0,0.0,159.0,25.895765472312704,282.0,45.928338762214985,173.0,28.175895765472315,0.0,0.0,254.0,100.0,0.0,0.0,0.0,0.0,0.0,0.0,2.0,100.0,0.0,0.0,25.0,42.3728813559322,34.0,57.6271186440678
0,2094,1924,1,0.05197505197505198,0.0,1,1,100.0,0,23,24.064449064449065,75.93555093555094,0.0,0,0.0,1,0,0.0,0,0.0,0,0.0,0,100.0,1,3483,11633,13150,23,11633,0,0,0,16307,6226,616,254,60,2,0,0,0,49,45,7,44.63049095607235,3483,2271,0.17226528854435832,0.20097616996841805,14.987080103359174,116.66666666666667,82.94573643410853,ModelParams,v3,1779490854.3787873,16307.0,100.0,0.0,0.0,0.0,0.0,3078.0,49.43784131063283,3148.0,50.562158689367166,0.0,0.0,159.0,25.811688311688314,284.0,46.103896103896105,173.0,28.084415584415584,0.0,0.0,254.0,100.0,0.0,0.0,0.0,0.0,0.0,0.0,2.0,100.0,0.0,0.0,26.0,43.333333333333336,34.0,56.666666666666664
0,2095,1888,1,0.05296610169491525,0.0,1,1,100.0,0,23,23.41101694915254,76.58898305084746,0.0,0,0.0,1,0,0.0,0,0.0,0,0.0,0,100.0,1,3420,11652,13232,23,11652,0,0,0,16333,6249,616,254,60,2,0,0,0,49,45,7,44.742105263157896,3420,2218,0.17543859649122806,0.20467836257309943,15.087719298245613,116.66666666666667,82.92397660818713,ModelParams,v3,1779490854.3787873,16333.0,100.0,0.0,0.0,0.0,0.0,3090.0,49.44791166586654,3159.0,50.55208833413346,0.0,0.0,159.0,25.811688311688314,284.0,46.103896103896105,173.0,28.084415584415584,0.0,0.0,254.0,100.0,0.0,0.0,0.0,0.0,0.0,0.0,2.0,100.0,0.0,0.0,26.0,43.333333333333336,34.0,56.666666666666664
0,2096,1871,2,0.10689470871191875,0.0,2,2,100.0,0,23,22.768572955638696,77.2314270443613,0.0,0,0.0,1,1,0.0,0,50.0,1,0.0,0,50.0,1,3385,11676,13291,23,11676,0,0,0,16372,6261,616,254,60,2,0,0,0,49,45,7,44.90930576070901,3385,2180,0.1772525849335303,0.2363367799113737,15.096011816838995,133.33333333333331,82.80649926144757,ModelParams,v3,1779490854.3787873,16372.0,100.0,0.0,0.0,0.0,0.0,3096.0,49.4489698131289,3165.0,50.5510301868711,0.0,0.0,159.0,25.811688311688314,284.0,46.103896103896105,173.0,28.084415584415584,0.0,0.0,254.0,100.0,0.0,0.0,0.0,0.0,0.0,0.0,2.0,100.0,0.0,0.0,26.0,43.333333333333336,34.0,56.666666666666664
0,2097,1824,2,0.10964912280701754,0.0,2,2,100.0,0,23,22.532894736842106,77.4671052631579,0.0,0,0.0,1,1,0.0,0,50.0,1,0.0,0,50.0,1,3325,11693,13368,23,11693,0,0,0,16416,6272,616,256,60,2,0,0,0,49,45,7,45.03248120300752,3325,2133,0.18045112781954886,0.24060150375939848,15.218045112781956,133.33333333333331,83.12781954887218,ModelParams,v3,1779490854.3787873,16416.0,100.0,0.0,0.0,0.0,0.0,3101.0,49.441964285714285,3171.0,50.55803571428571,0.0,0.0,159.0,25.811688311688314,284.0,46.103896103896105,173.0,28.084415584415584,0.0,0.0,256.0,100.0,0.0,0.0,0.0,0.0,0.0,0.0,2.0,100.0,0.0,0.0,26.0,43.333333333333336,34.0,56.666666666666664
0,2098,1794,2,0.11148272017837235,0.0,2,2,100.0,0,23,22.85395763656633,77.14604236343366,0.0,0,0.0,0,2,0.0,0,100.0,2,0.0,0,0.0,0,3266,11712,13446,23,11712,0,0,0,16432,6275,616,256,60,2,0,0,0,49,45,7,45.12369871402327,3266,2083,0.1837109614206981,0.27556644213104714,15.094917330067362,150.0,83.3435394978567,ModelParams,v3,1779490854.3787873,16432.0,100.0,0.0,0.0,0.0,0.0,3103.0,49.45019920318725,3172.0,50.54980079681275,0.0,0.0,159.0,25.811688311688314,284.0,46.103896103896105,173.0,28.084415584415584,0.0,0.0,256.0,100.0,0.0,0.0,0.0,0.0,0.0,0.0,2.0,100.0,0.0,0.0,26.0,43.333333333333336,34.0,56.666666666666664
0,2099,1767,2,0.11318619128466327,0.0,2,2,100.0,0,23,22.07130730050934,77.92869269949067,0.0,0,0.0,0,2,0.0,0,100.0,2,0.0,0,0.0,0,3216,11732,13516,23,11732,0,0,0,16474,6285,617,256,60,2,0,0,0,49,45,7,45.27674129353234,3216,2044,0.12437810945273632,0.21766169154228857,15.143034825870647,175.0,83.64427860696517,ModelParams,v3,1779490854.3787873,16474.0,100.0,0.0,0.0,0.0,0.0,3109.0,49.46698488464598,3176.0,50.53301511535402,0.0,0.0,159.0,25.76985413290113,284.0,46.029173419773095,174.0,28.200972447325768,0.0,0.0,256.0,100.0,0.0,0.0,0.0,0.0,0.0,0.0,2.0,100.0,0.0,0.0,26.0,43.333333333333336,34.0,56.666666666666664
0,2100,1740,2,0.11494252873563218,0.0,2,2,100.0,0,23,22.06896551724138,77.93103448275862,0.0,0,0.0,0,2,0.0,0,100.0,2,0.0,0,0.0,0,3165,11761,13596,23,11761,0,0,0,16553,6308,617,256,60,2,0,0,0,49,45,7,45.21800947867298,3165,2006,0.1263823064770932,0.2527646129541864,14.976303317535544,200.0,83.69668246445498,ModelParams,v3,1779490854.3787873,16553.0,100.0,0.0,0.0,0.0,0.0,3122.0,49.49270767279645,3186.0,50.507292327203544,0.0,0.0,159.0,25.76985413290113,284.0,46.029173419773095,174.0,28.200972447325768,0.0,0.0,256.0,100.0,0.0,0.0,0.0,0.0,0.0,0.0,2.0,100.0,0.0,0.0,26.0,43.333333333333336,34.0,56.666666666666664
0,2101,1704,2,0.11737089201877934,0.0,2,2,100.0,0,23,22.359154929577464,77.64084507042254,0.0,0,0.0,0,2,0.0,0,100.0,2,0.0,0,0.0,0,3111,11784,13673,23,11784,0,0,0,16569,6315,617,256,60,2,0,0,0,49,45,7,45.14561234329798,3111,1963,0.12857602057216327,0.22500803600128574,14.979106396657023,175.0,83.7029893924783,ModelParams,v3,1779490854.3787873,16569.0,100.0,0.0,0.0,0.0,0.0,3126.0,49.50118764845606,3189.0,50.49881235154394,0.0,0.0,159.0,25.76985413290113,284.0,46.029173419773095,174.0,28.200972447325768,0.0,0.0,256.0,100.0,0.0,0.0,0.0,0.0,0.0,0.0,2.0,100.0,0.0,0.0,26.0,43.333333333333336,34.0,56.666666666666664
0,2102,1680,2,0.11904761904761905,0.0,2,2,100.0,0,23,22.023809523809522,77.97619047619048,0.0,0,0.0,0,2,0.0,0,100.0,2,0.0,0,0.0,0,3061,11808,13747,23,11808,0,0,0,16610,6325,617,256,60,2,0,0,0,49,45,7,45.18033322443646,3061,1917,0.09800718719372753,0.19601437438745506,14.897092453446586,200.0,83.40411630186215,ModelParams,v3,1779490854.3787873,16610.0,100.0,0.0,0.0,0.0,0.0,3130.0,49.48616600790513,3195.0,50.51383399209486,0.0,0.0,159.0,25.76985413290113,284.0,46.029173419773095,174.0,28.200972447325768,0.0,0.0,256.0,100.0,0.0,0.0,0.0,0.0,0.0,0.0,2.0,100.0,0.0,0.0,26.0,43.333333333333336,34.0,56.666666666666664
0,2103,1651,2,0.12113870381586916,0.0,2,2,100.0,0,23,21.50211992731678,78.49788007268323,0.0,0,0.0,0,2,0.0,0,100.0,2,0.0,0,0.0,0,3002,11821,13819,23,11821,0,0,0,16648,6339,618,257,60,2,0,0,0,49,45,7,45.25949367088607,3002,1865,0.09993337774816789,0.19986675549633579,14.890073284477015,200.0,83.8774150566289,ModelParams,v3,1779490854.3787873,16648.0,100.0,0.0,0.0,0.0,0.0,3137.0,49.48730083609402,3202.0,50.512699163905985,0.0,0.0,160.0,25.88996763754045,284.0,45.9546925566343,174.0,28.155339805825243,0.0,0.0,257.0,100.0,0.0,0.0,0.0,0.0,0.0,0.0,2.0,100.0,0.0,0.0,26.0,43.333333333333336,34.0,56.666666666666664
0,2104,1614,2,0.12391573729863693,0.0,2,2,100.0,0,23,20.817843866171003,79.182156133829,0.0,0,0.0,0,2,0.0,0,100.0,2,0.0,0,0.0,0,2951,11838,13887,23,11838,0,0,0,16663,6342,618,257,60,2,0,0,0,49,45,7,45.39952558454761,2951,1828,0.10166045408336156,0.20332090816672313,14.84242629617079,200.0,84.31040325313454,ModelParams,v3,1779490854.3787873,16663.0,100.0,0.0,0.0,0.0,0.0,3139.0,49.49542730999685,3203.0,50.50457269000316,0.0,0.0,160.0,25.88996763754045,284.0,45.9546925566343,174.0,28.155339805825243,0.0,0.0,257.0,100.0,0.0,0.0,0.0,0.0,0.0,0.0,2.0,100.0,0.0,0.0,26.0,43.333333333333336,34.0,56.666666666666664
0,2105,1582,2,0.12642225031605564,0.0,2,2,100.0,0,23,20.670037926675093,79.32996207332491,0.0,0,0.0,0,2,0.0,0,100.0,2,0.0,0,0.0,0,2908,11857,13949,23,11857,0,0,0,16708,6353,618,257,60,2,0,0,0,49,45,7,45.47180192572215,2908,1793,0.10316368638239339,0.20632737276478677,14.614855570839064,200.0,84.35350756533701,ModelParams,v3,1779490854.3787873,16708.0,100.0,0.0,0.0,0.0,0.0,3143.0,49.47269006768456,3210.0,50.52730993231545,0.0,0.0,160.0,25.88996763754045,284.0,45.9546925566343,174.0,28.155339805825243,0.0,0.0,257.0,100.0,0.0,0.0,0.0,0.0,0.0,0.0,2.0,100.0,0.0,0.0,26.0,43.333333333333336,34.0,56.666666666666664
0,2106,1549,2,0.12911555842479017,0.0,2,2,100.0,0,23,20.335700451904454,79.66429954809554,0.0,0,0.0,0,2,0.0,0,100.0,2,0.0,0,0.0,0,2848,11873,14025,23,11873,0,0,0,16740,6365,619,257,60,2,0,0,0,50,45,8,45.39887640449438,2848,1747,0.10533707865168539,0.21067415730337077,14.747191011235955,200.0,84.5505617977528,ModelParams,v3,1779490854.3787873,16740.0,100.0,0.0,0.0,0.0,0.0,3148.0,49.457973291437554,3217.0,50.542026708562446,0.0,0.0,160.0,25.848142164781905,284.0,45.880452342487885,175.0,28.27140549273021,0.0,0.0,257.0,100.0,0.0,0.0,0.0,0.0,0.0,0.0,2.0,100.0,0.0,0.0,26.0,43.333333333333336,34.0,56.666666666666664
0,2107,1507,2,0.13271400132714,0.0,2,2,100.0,0,23,19.973457199734572,80.02654280026543,0.0,0,0.0,0,2,0.0,0,100.0,2,0.0,0,0.0,0,2804,11890,14086,23,11890,0,0,0,16776,6376,619,257,60,2,0,0,0,51,45,8,45.62089871611983,2804,1721,0.07132667617689016,0.1783166904422254,14.657631954350927,250.0,84.77175463623395,ModelParams,v3,1779490854.3787873,16776.0,100.0,0.0,0.0,0.0,0.0,3154.0,49.466750313676286,3222.0,50.533249686323714,0.0,0.0,160.0,25.848142164781905,284.0,45.880452342487885,175.0,28.27140549273021,0.0,0.0,257.0,100.0,0.0,0.0,0.0,0.0,0.0,0.0,2.0,100.0,0.0,0.0,26.0,43.333333333333336,34.0,56.666666666666664
0,2108,1473,2,0.1357773251866938,0.0,2,2,100.0,0,24,20.23082145281738,79.76917854718262,0.0,0,0.0,0,2,0.0,0,100.0,2,0.0,0,0.0,0,2749,11907,14158,24,11907,0,0,0,16818,6392,620,257,60,2,0,0,0,52,46,8,45.65587486358676,2749,1682,0.07275372862859221,0.18188432157148052,14.441615132775553,250.0,85.0854856311386,ModelParams,v3,1779490854.3787873,16818.0,100.0,0.0,0.0,0.0,0.0,3164.0,49.499374217772214,3228.0,50.50062578222778,0.0,0.0,160.0,25.806451612903224,284.0,45.806451612903224,176.0,28.387096774193548,0.0,0.0,257.0,100.0,0.0,0.0,0.0,0.0,0.0,0.0,2.0,100.0,0.0,0.0,26.0,43.333333333333336,34.0,56.666666666666664
0,2109,1436,2,0.1392757660167131,0.0,2,2,100.0,0,24,19.846796657381617,80.15320334261838,0.0,0,0.0,0,2,0.0,0,100.0,2,0.0,0,0.0,0,2703,11923,14220,24,11923,0,0,0,16851,6404,621,258,60,2,0,0,0,52,46,8,45.783203847576765,2703,1642,0.07399186089530152,0.1849796522382538,14.354421013688496,250.0,85.31261561228266,ModelParams,v3,1779490854.3787873,16851.0,100.0,0.0,0.0,0.0,0.0,3166.0,49.43785134291068,3238.0,50.562148657089324,0.0,0.0,160.0,25.76489533011272,285.0,45.893719806763286,176.0,28.34138486312399,0.0,0.0,258.0,100.0,0.0,0.0,0.0,0.0,0.0,0.0,2.0,100.0,0.0,0.0,26.0,43.333333333333336,34.0,56.666666666666664
0,2110,1403,2,0.14255167498218105,0.0,2,2,100.0,0,24,20.171062009978616,79.82893799002139,0.0,0,0.0,0,2,0.0,0,100.0,2,0.0,0,0.0,0,2645,11939,14294,24,11939,0,0,0,16864,6407,621,258,60,2,0,0,0,52,46,8,45.746691871455575,2645,1598,0.07561436672967864,0.1890359168241966,14.328922495274101,250.0,85.4820415879017,ModelParams,v3,1779490854.3787873,16864.0,100.0,0.0,0.0,0.0,0.0,3168.0,49.44591852661152,3239.0,50.55408147338848,0.0,0.0,160.0,25.76489533011272,285.0,45.893719806763286,176.0,28.34138486312399,0.0,0.0,258.0,100.0,0.0,0.0,0.0,0.0,0.0,0.0,2.0,100.0,0.0,0.0,26.0,43.333333333333336,34.0,56.666666666666664
0,2111,1375,2,0.14545454545454545,0.0,2,2,100.0,0,24,20.363636363636363,79.63636363636364,0.0,0,0.0,0,2,0.0,0,100.0,2,0.0,0,0.0,0,2612,11960,14348,24,11960,0,0,0,16901,6420,622,258,60,2,0,0,0,52,46,8,45.73468606431853,2612,1578,0.11485451761102604,0.19142419601837674,14.433384379785604,166.66666666666669,85.60490045941806,ModelParams,v3,1779490854.3787873,16901.0,100.0,0.0,0.0,0.0,0.0,3177.0,49.48598130841121,3243.0,50.51401869158878,0.0,0.0,160.0,25.723472668810288,286.0,45.98070739549839,176.0,28.29581993569132,0.0,0.0,258.0,100.0,0.0,0.0,0.0,0.0,0.0,0.0,2.0,100.0,0.0,0.0,26.0,43.333333333333336,34.0,56.666666666666664
0,2112,1345,2,0.14869888475836432,0.0,2,2,100.0,0,24,20.966542750929367,79.03345724907062,0.0,0,0.0,0,2,0.0,0,100.0,2,0.0,0,0.0,0,2570,11980,14410,24,11980,0,0,0,16939,6430,623,258,60,2,0,0,0,52,46,8,45.6455252918288,2570,1552,0.11673151750972763,0.19455252918287938,14.202334630350194,166.66666666666669,85.4863813229572,ModelParams,v3,1779490854.3787873,16939.0,100.0,0.0,0.0,0.0,0.0,3183.0,49.502332814930014,3247.0,50.497667185069986,0.0,0.0,160.0,25.68218298555377,287.0,46.06741573033708,176.0,28.25040128410915,0.0,0.0,258.0,100.0,0.0,0.0,0.0,0.0,0.0,0.0,2.0,100.0,0.0,0.0,26.0,43.333333333333336,34.0,56.666666666666664
0,2113,1313,2,0.15232292460015232,0.0,2,2,100.0,0,24,21.172886519421173,78.82711348057883,0.0,0,0.0,0,2,0.0,0,100.0,2,0.0,0,0.0,0,2524,11997,14473,24,11997,0,0,0,16973,6443,623,258,60,2,0,0,0,52,46,8,45.734548335974644,2524,1525,0.11885895404120445,0.19809825673534073,14.183835182250396,166.66666666666669,85.6973058637084,ModelParams,v3,1779490854.3787873,16973.0,100.0,0.0,0.0,0.0,0.0,3187.0,49.46453515443117,3256.0,50.53546484556883,0.0,0.0,160.0,25.68218298555377,287.0,46.06741573033708,176.0,28.25040128410915,0.0,0.0,258.0,100.0,0.0,0.0,0.0,0.0,0.0,0.0,2.0,100.0,0.0,0.0,26.0,43.333333333333336,34.0,56.666666666666664
0,2114,1295,2,0.15444015444015444,0.0,2,2,100.0,0,25,21.312741312741313,78.68725868725869,0.0,0,0.0,0,2,0.0,0,100.0,2,0.0,0,0.0,0,2477,12013,14536,25,12013,0,0,0,17004,6456,625,258,60,2,0,0,0,54,48,8,45.68914008881712,2477,1497,0.12111425111021397,0.20185708518368994,14.25111021396851,166.66666666666669,85.54703270084781,ModelParams,v3,1779490854.3787873,17004.0,100.0,0.0,0.0,0.0,0.0,3194.0,49.473358116480796,3262.0,50.526641883519204,0.0,0.0,161.0,25.759999999999998,287.0,45.92,177.0,28.32,0.0,0.0,258.0,100.0,0.0,0.0,0.0,0.0,0.0,0.0,2.0,100.0,0.0,0.0,26.0,43.333333333333336,34.0,56.666666666666664
0,2115,1272,2,0.15723270440251574,0.0,2,2,100.0,0,25,20.28301886792453,79.71698113207547,0.0,0,0.0,0,2,0.0,0,100.0,2,0.0,0,0.0,0,2428,12026,14598,25,12026,0,0,0,17029,6466,625,258,60,2,0,0,0,54,48,8,45.78871499176277,2428,1468,0.12355848434925865,0.20593080724876442,14.209225700164746,166.66666666666669,85.7495881383855,ModelParams,v3,1779490854.3787873,17029.0,100.0,0.0,0.0,0.0,0.0,3198.0,49.45870708320446,3268.0,50.54129291679554,0.0,0.0,161.0,25.759999999999998,287.0,45.92,177.0,28.32,0.0,0.0,258.0,100.0,0.0,0.0,0.0,0.0,0.0,0.0,2.0,100.0,0.0,0.0,26.0,43.333333333333336,34.0,56.666666666666664
0,2116,1239,2,0.16142050040355124,0.0,2,2,100.0,0,25,20.09685230024213,79.90314769975787,0.0,0,0.0,0,2,0.0,0,100.0,2,0.0,0,0.0,0,2395,12040,14645,25,12040,0,0,0,17038,6471,625,258,60,2,0,0,0,54,48,8,46.04676409185804,2395,1445,0.12526096033402923,0.20876826722338201,14.19624217118998,166.66666666666669,85.80375782881002,ModelParams,v3,1779490854.3787873,17038.0,100.0,0.0,0.0,0.0,0.0,3201.0,49.46685210941122,3270.0,50.53314789058878,0.0,0.0,161.0,25.759999999999998,287.0,45.92,177.0,28.32,0.0,0.0,258.0,100.0,0.0,0.0,0.0,0.0,0.0,0.0,2.0,100.0,0.0,0.0,26.0,43.333333333333336,34.0,56.666666666666664
0,2117,1228,2,0.16286644951140067,0.0,2,2,100.0,0,25,19.78827361563518,80.21172638436482,0.0,0,0.0,0,2,0.0,0,100.0,2,0.0,0,0.0,0,2360,12058,14698,25,12058,0,0,0,17064,6483,626,258,60,2,0,0,0,55,49,8,46.012288135593224,2360,1420,0.1271186440677966,0.211864406779661,14.152542372881355,166.66666666666669,85.63559322033898,ModelParams,v3,1779490854.3787873,17064.0,100.0,0.0,0.0,0.0,0.0,3206.0,49.452414005861485,3277.0,50.54758599413851,0.0,0.0,161.0,25.718849840255594,288.0,46.00638977635783,177.0,28.27476038338658,0.0,0.0,258.0,100.0,0.0,0.0,0.0,0.0,0.0,0.0,2.0,100.0,0.0,0.0,26.0,43.333333333333336,34.0,56.666666666666664
0,2118,1198,2,0.1669449081803005,0.0,2,2,100.0,0,25,20.11686143572621,79.88313856427379,0.0,0,0.0,0,2,0.0,0,100.0,2,0.0,0,0.0,0,2331,12069,14738,25,12069,0,0,0,17094,6492,626,258,60,2,0,0,0,55,49,8,46.37365937365937,2331,1405,0.1287001287001287,0.21450021450021448,14.37151437151437,166.66666666666669,85.75718575718577,ModelParams,v3,1779490854.3787873,17094.0,100.0,0.0,0.0,0.0,0.0,3210.0,49.44547134935305,3282.0,50.554528650646944,0.0,0.0,161.0,25.718849840255594,288.0,46.00638977635783,177.0,28.27476038338658,0.0,0.0,258.0,100.0,0.0,0.0,0.0,0.0,0.0,0.0,2.0,100.0,0.0,0.0,26.0,43.333333333333336,34.0,56.666666666666664
0,2119,1173,2,0.17050298380221654,0.0,2,2,100.0,0,25,20.460358056265985,79.53964194373401,0.0,0,0.0,0,2,0.0,0,100.0,2,0.0,0,0.0,0,2296,12084,14788,25,12084,0,0,0,17130,6498,626,259,60,2,0,0,0,55,49,8,46.53005226480836,2296,1379,0.13066202090592335,0.21777003484320556,14.242160278745644,166.66666666666669,86.06271777003485,ModelParams,v3,1779490854.3787873,17130.0,100.0,0.0,0.0,0.0,0.0,3212.0,49.43059402893198,3286.0,50.569405971068015,0.0,0.0,161.0,25.718849840255594,288.0,46.00638977635783,177.0,28.27476038338658,0.0,0.0,259.0,100.0,0.0,0.0,0.0,0.0,0.0,0.0,2.0,100.0,0.0,0.0,26.0,43.333333333333336,34.0,56.666666666666664
0,2120,1140,2,0.17543859649122806,0.0,2,2,100.0,0,25,20.175438596491226,79.82456140350878,0.0,0,0.0,0,2,0.0,0,100.0,2,0.0,0,0.0,0,2258,12092,14834,25,12092,0,0,0,17151,6512,626,259,60,2,0,0,0,55,49,8,46.87555358724535,2258,1356,0.1328609388839681,0.2657218777679362,14.526129317980512,200.0,86.44818423383526,ModelParams,v3,1779490854.3787873,17151.0,100.0,0.0,0.0,0.0,0.0,3220.0,49.44717444717445,3292.0,50.55282555282555,0.0,0.0,161.0,25.718849840255594,288.0,46.00638977635783,177.0,28.27476038338658,0.0,0.0,259.0,100.0,0.0,0.0,0.0,0.0,0.0,0.0,2.0,100.0,0.0,0.0,26.0,43.333333333333336,34.0,56.666666666666664
0,2121,1113,2,0.17969451931716085,0.0,2,2,100.0,0,25,20.395327942497754,79.60467205750224,0.0,0,0.0,0,2,0.0,0,100.0,2,0.0,0,0.0,0,2215,12104,14889,25,12104,0,0,0,17177,6521,626,259,60,2,0,0,0,55,49,8,47.01038374717833,2215,1331,0.13544018058690743,0.27088036117381487,14.627539503386005,200.0,86.72686230248307,ModelParams,v3,1779490854.3787873,17177.0,100.0,0.0,0.0,0.0,0.0,3225.0,49.45560496856311,3296.0,50.54439503143689,0.0,0.0,161.0,25.718849840255594,288.0,46.00638977635783,177.0,28.27476038338658,0.0,0.0,259.0,100.0,0.0,0.0,0.0,0.0,0.0,0.0,2.0,100.0,0.0,0.0,26.0,43.333333333333336,34.0,56.666666666666664
0,2122,1087,2,0.18399264029438822,0.0,2,2,100.0,0,25,20.14719411223551,79.85280588776449,0.0,0,0.0,0,2,0.0,0,100.0,2,0.0,0,0.0,0,2168,12113,14945,25,12113,0,0,0,17184,6523,626,259,60,2,0,0,0,55,49,8,47.07011070110701,2168,1301,0.13837638376383762,0.27675276752767525,14.621771217712176,200.0,86.66974169741697,ModelParams,v3,1779490854.3787873,17184.0,100.0,0.0,0.0,0.0,0.0,3225.0,49.440441514640504,3298.0,50.5595584853595,0.0,0.0,161.0,25.718849840255594,288.0,46.00638977635783,177.0,28.27476038338658,0.0,0.0,259.0,100.0,0.0,0.0,0.0,0.0,0.0,0.0,2.0,100.0,0.0,0.0,26.0,43.333333333333336,34.0,56.666666666666664
0,2123,1068,2,0.18726591760299627,0.0,2,2,100.0,0,25,20.131086142322097,79.86891385767791,0.0,0,0.0,0,2,0.0,0,100.0,2,0.0,0,0.0,0,2128,12125,14997,25,12125,0,0,0,17219,6533,626,259,60,2,0,0,0,56,49,8,47.16541353383459,2128,1276,0.14097744360902253,0.28195488721804507,14.567669172932332,200.0,86.60714285714286,ModelParams,v3,1779490854.3787873,17219.0,100.0,0.0,0.0,0.0,0.0,3231.0,49.4566049288229,3302.0,50.5433950711771,0.0,0.0,161.0,25.718849840255594,288.0,46.00638977635783,177.0,28.27476038338658,0.0,0.0,259.0,100.0,0.0,0.0,0.0,0.0,0.0,0.0,2.0,100.0,0.0,0.0,26.0,43.333333333333336,34.0,56.666666666666664
0,2124,1057,2,0.1892147587511826,0.0,2,2,100.0,0,25,20.813623462630083,79.18637653736992,0.0,0,0.0,0,2,0.0,0,100.0,2,0.0,0,0.0,0,2107,12146,15039,25,12146,0,0,0,17253,6541,627,259,60,2,0,0,0,56,49,8,47.19031798766018,2107,1264,0.14238253440911247,0.23730422401518747,14.665401044138585,166.66666666666669,86.37873754152824,ModelParams,v3,1779490854.3787873,17253.0,100.0,0.0,0.0,0.0,0.0,3234.0,49.44198134841768,3307.0,50.55801865158232,0.0,0.0,161.0,25.677830940988837,289.0,46.09250398724083,177.0,28.22966507177033,0.0,0.0,259.0,100.0,0.0,0.0,0.0,0.0,0.0,0.0,2.0,100.0,0.0,0.0,26.0,43.333333333333336,34.0,56.666666666666664
0,2125,1037,3,0.28929604628736744,0.16638935108153077,3,3,100.0,0,25,20.829315332690452,79.17068466730954,0.0,0,0.0,0,3,0.0,0,100.0,3,0.0,0,0.0,0,2080,12157,15077,25,12157,0,0,0,17278,6546,627,259,60,2,0,0,0,56,49,8,47.47788461538462,2080,1248,0.14423076923076925,0.2884615384615385,14.51923076923077,200.0,86.39423076923077,ModelParams,v3,1779490854.3787873,17278.0,100.0,0.0,0.0,0.0,0.0,3235.0,49.41949282004278,3311.0,50.58050717995722,0.0,0.0,161.0,25.677830940988837,289.0,46.09250398724083,177.0,28.22966507177033,0.0,0.0,259.0,100.0,0.0,0.0,0.0,0.0,0.0,0.0,2.0,100.0,0.0,0.0,26.0,43.333333333333336,34.0,56.666666666666664
1,1950,4191,20,0.4772130756382725,0.5390835579514826,5,5,25.0,15,0,40.109759007396804,59.890240992603196,0.0,1,0.023860653781913623,7,8,5.0,1,40.0,8,0.0,0,35.0,7,5041,88,47,0,88,0,0,0,135,52,4,4,0,0,0,0,0,0,0,0,28.01150565364015,5041,4482,0.6744693513191827,0.5554453481452093,15.532632414203531,29.411764705882355,0.0,ModelParams,v3,1779490854.7407393,135.0,100.0,0.0,0.0,0.0,0.0,33.0,63.46153846153846,19.0,36.53846153846153,0.0,0.0,1.0,25.0,0.0,0.0,3.0,75.0,0.0,0.0,4.0,100.0,0.0,0.0,,,,,,,,,,,,
1,1951,4225,20,0.4733727810650888,0.5396654074473827,4,4,20.0,16,0,39.95266272189349,60.047337278106504,0.0,2,0.047337278106508875,7,7,10.0,2,35.0,7,0.0,0,35.0,7,5079,186,107,0,186,0,0,0,303,108,12,6,0,0,0,0,0,0,0,0,28.06556408741878,5079,4479,0.6300452845048238,0.531600708800945,15.49517621579051,28.125,0.0,ModelParams,v3,1779490854.7407393,303.0,100.0,0.0,0.0,0.0,0.0,66.0,61.111111111111114,42.0,38.88888888888889,0.0,0.0,3.0,25.0,3.0,25.0,6.0,50.0,0.0,0.0,6.0,100.0,0.0,0.0,,,,,,,,,,,,
1,1952,4294,19,0.4424778761061947,0.5093833780160858,3,3,15.789473684210526,16,0,39.91616208663251,60.08383791336749,0.0,2,0.04657661853749418,6,7,10.526315789473683,2,36.84210526315789,7,0.0,0,31.57894736842105,6,5156,315,159,0,315,0,0,0,399,139,14,6,0,0,0,0,0,0,0,0,28.023079906904577,5156,4511,0.6012412723041117,0.504266873545384,15.399534522885958,25.806451612903224,0.0,ModelParams,v3,1779490854.7407393,399.0,100.0,0.0,0.0,0.0,0.0,80.0,57.55395683453237,59.0,42.44604316546763,0.0,0.0,3.0,21.428571428571427,5.0,35.714285714285715,6.0,42.857142857142854,0.0,0.0,6.0,100.0,0.0,0.0,,,,,,,,,,,,
1,1953,4374,20,0.4572473708276178,0.5320563979781857,4,4,20.0,16,0,40.054869684499316,59.945130315500684,0.0,2,0.04572473708276177,6,8,10.0,2,40.0,8,0.0,0,30.0,6,5242,447,205,0,447,0,0,0,578,210,19,10,0,0,0,0,0,0,0,0,28.004006104540252,5242,4546,0.5723006486074018,0.47691720717283476,15.337657382678366,26.666666666666668,0.0,ModelParams,v3,1779490854.7407393,578.0,100.0,0.0,0.0,0.0,0.0,117.0,55.714285714285715,93.0,44.285714285714285,0.0,0.0,6.0,31.57894736842105,7.0,36.84210526315789,6.0,31.57894736842105,0.0,0.0,10.0,100.0,0.0,0.0,,,,,,,,,,,,
1,1954,4422,20,0.45228403437358666,0.5314908317831517,5,5,25.0,15,0,40.3663500678426,59.6336499321574,0.0,2,0.045228403437358664,6,8,10.0,2,40.0,8,0.0,0,30.0,6,5319,574,255,0,574,0,0,0,757,267,29,13,0,0,0,0,0,0,0,0,28.045121263395377,5319,4581,0.5640157924421884,0.4700131603684903,15.341229554427525,30.0,0.0,ModelParams,v3,1779490854.7407393,757.0,100.0,0.0,0.0,0.0,0.0,151.0,56.55430711610487,116.0,43.445692883895134,0.0,0.0,10.0,34.48275862068966,12.0,41.37931034482759,7.0,24.137931034482758,0.0,0.0,13.0,100.0,0.0,0.0,,,,,,,,,,,,
1,1955,4507,20,0.44375416019525177,0.5282620179609087,5,5,25.0,15,0,40.20412691368981,59.79587308631018,0.0,2,0.04437541601952519,6,8,10.0,2,40.0,8,0.0,0,30.0,6,5420,720,300,0,720,0,0,0,941,342,42,18,0,0,0,0,0,0,0,0,28.013284132841328,5420,4622,0.5904059040590406,0.44280442804428044,15.350553505535055,28.125,0.0,ModelParams,v3,1779490854.7407393,941.0,100.0,0.0,0.0,0.0,0.0,185.0,54.09356725146199,157.0,45.90643274853801,0.0,0.0,11.0,26.190476190476193,21.0,50.0,10.0,23.809523809523807,0.0,0.0,18.0,100.0,0.0,0.0,,,,,,,,,,,,
1,1956,4546,21,0.4619445666520018,0.554675118858954,5,5,23.809523809523807,16,0,39.8152221733392,60.1847778266608,0.0,2,0.04399472063352398,6,9,9.523809523809524,2,42.857142857142854,9,0.0,0,28.57142857142857,6,5494,835,341,0,835,0,0,0,1116,411,51,23,0,0,0,0,0,0,0,0,28.17910447761194,5494,4656,0.5824535857298871,0.4550418638514743,15.453221696396069,28.125,0.0,ModelParams,v3,1779490854.7407393,1116.0,100.0,0.0,0.0,0.0,0.0,215.0,52.311435523114355,196.0,47.688564476885645,0.0,0.0,13.0,25.49019607843137,27.0,52.94117647058824,11.0,21.568627450980394,0.0,0.0,23.0,100.0,0.0,0.0,,,,,,,,,,,,
1,1957,4605,22,0.47774158523344196,0.5778828473863935,6,6,27.27272727272727,16,0,39.7828447339848,60.2171552660152,0.0,3,0.06514657980456026,6,9,13.636363636363635,3,40.909090909090914,9,0.0,0,27.27272727272727,6,5593,975,382,0,975,0,0,0,1293,501,61,27,0,1,0,0,0,0,0,0,28.243339889147148,5593,4709,0.60790273556231,0.464866797782943,15.55515823350617,29.411764705882355,0.0,ModelParams,v3,1779490854.7407393,1293.0,100.0,0.0,0.0,0.0,0.0,257.0,51.29740518962076,244.0,48.70259481037924,0.0,0.0,16.0,26.229508196721312,31.0,50.81967213114754,14.0,22.950819672131146,0.0,0.0,27.0,100.0,0.0,0.0,0.0,0.0,0.0,0.0,1.0,100.0,,,,,,
1,1958,4666,24,0.5143591941705958,0.6267955079655263,6,6,25.0,18,0,39.734247749678524,60.26575225032147,0.0,3,0.06429489927132448,6,11,12.5,3,45.83333333333333,11,0.0,0,25.0,6,5687,1104,417,0,1104,0,0,0,1480,575,69,30,0,1,0,0,0,0,0,0,28.422542641111306,5687,4760,0.6154387198874627,0.4923509759099701,15.579391594865482,28.57142857142857,0.0,ModelParams,v3,1779490854.7407393,1480.0,100.0,0.0,0.0,0.0,0.0,297.0,51.65217391304348,278.0,48.347826086956516,0.0,0.0,18.0,26.08695652173913,33.0,47.82608695652174,18.0,26.08695652173913,0.0,0.0,30.0,100.0,0.0,0.0,0.0,0.0,0.0,0.0,1.0,100.0,,,,,,
1,1959,4739,23,0.48533445874657094,0.5978684689368339,8,8,34.78260869565217,15,0,40.11394809031441,59.88605190968559,0.0,3,0.06330449461911795,5,11,13.043478260869565,3,47.82608695652174,11,0.0,0,21.73913043478261,5,5794,1254,460,0,1254,0,0,0,1675,660,80,31,1,1,0,0,0,0,0,0,28.45909561615464,5794,4811,0.6213324128408698,0.4832585433206766,15.654124956851916,33.33333333333333,0.0,ModelParams,v3,1779490854.7407393,1675.0,100.0,0.0,0.0,0.0,0.0,352.0,53.333333333333336,308.0,46.666666666666664,0.0,0.0,22.0,27.500000000000004,36.0,45.0,22.0,27.500000000000004,0.0,0.0,31.0,100.0,0.0,0.0,0.0,0.0,0.0,0.0,1.0,100.0,0.0,0.0,0.0,0.0,1.0,100.0
1,1960,4782,24,0.5018820577164366,0.5975578072226553,8,8,33.33333333333333,16,0,39.81597657883731,60.18402342116269,0.0,3,0.06273525721455457,6,11,12.5,3,45.83333333333333,11,0.0,0,25.0,6,5866,1391,525,0,1391,0,0,0,1854,728,90,34,1,1,0,0,0,0,0,0,28.487043982270713,5866,4843,0.6137061029662462,0.5114217524718718,15.564268666893966,33.33333333333333,0.0,ModelParams,v3,1779490854.7407393,1854.0,100.0,0.0,0.0,0.0,0.0,385.0,52.88461538461539,343.0,47.11538461538461,0.0,0.0,25.0,27.77777777777778,42.0,46.666666666666664,23.0,25.555555555555554,0.0,0.0,34.0,100.0,0.0,0.0,0.0,0.0,0.0,0.0,1.0,100.0,0.0,0.0,0.0,0.0,1.0,100.0
1,1961,4837,24,0.49617531527806497,0.5943152454780362,7,7,29.166666666666668,17,0,39.507959479015916,60.492040520984084,0.0,3,0.06202191440975812,6,11,12.5,3,45.83333333333333,11,0.0,0,25.0,6,5954,1523,569,0,1523,0,0,0,2013,809,99,36,1,1,0,0,0,0,0,0,28.59942895532415,5954,4894,0.6214309707759489,0.5206583809203896,15.804501175680215,32.432432432432435,0.0,ModelParams,v3,1779490854.7407393,2013.0,100.0,0.0,0.0,0.0,0.0,424.0,52.41038318912238,385.0,47.58961681087763,0.0,0.0,27.0,27.27272727272727,46.0,46.464646464646464,26.0,26.262626262626267,0.0,0.0,36.0,100.0,0.0,0.0,0.0,0.0,0.0,0.0,1.0,100.0,0.0,0.0,0.0,0.0,1.0,100.0
1,1962,4911,23,0.4683363877010792,0.5648267008985879,7,7,30.434782608695656,16,0,39.034819792303,60.96518020769701,0.0,3,0.061087354917532075,6,10,13.043478260869565,3,43.47826086956522,10,0.0,0,26.08695652173913,6,6045,1660,615,0,1660,0,0,0,2210,877,111,38,2,1,0,0,0,0,0,0,28.649131513647642,6045,4937,0.6286186931348222,0.47973531844499584,15.715467328370556,31.57894736842105,0.0,ModelParams,v3,1779490854.7407393,2210.0,100.0,0.0,0.0,0.0,0.0,453.0,51.653363740022805,424.0,48.346636259977195,0.0,0.0,33.0,29.72972972972973,48.0,43.24324324324324,30.0,27.027027027027028,0.0,0.0,38.0,100.0,0.0,0.0,0.0,0.0,0.0,0.0,1.0,100.0,0.0,0.0,0.0,0.0,2.0,100.0
1,1963,4976,24,0.482315112540193,0.5886869721013566,8,8,33.33333333333333,16,0,38.5048231511254,61.4951768488746,0.0,3,0.060289389067524124,6,11,12.5,3,45.83333333333333,11,0.0,0,25.0,6,6146,1800,654,0,1800,0,0,0,2302,921,115,38,2,1,0,0,0,0,0,0,28.80247315327042,6146,4982,0.6345590628050765,0.48812235600390497,15.782622844126262,33.33333333333333,0.0,ModelParams,v3,1779490854.7407393,2302.0,100.0,0.0,0.0,0.0,0.0,466.0,50.5971769815418,455.0,49.4028230184582,0.0,0.0,35.0,30.434782608695656,49.0,42.608695652173914,31.0,26.956521739130434,0.0,0.0,38.0,100.0,0.0,0.0,0.0,0.0,0.0,0.0,1.0,100.0,0.0,0.0,0.0,0.0,2.0,100.0
1,1964,4985,23,0.4613841524573721,0.5654073502955538,9,9,39.130434782608695,14,0,37.753259779338016,62.24674022066199,0.0,3,0.06018054162487463,6,11,13.043478260869565,3,47.82608695652174,11,0.0,0,26.08695652173913,6,6187,1906,719,0,1906,0,0,0,2561,1015,126,42,3,1,0,0,0,0,0,0,28.989817358978502,6187,4994,0.6303539679974139,0.4525618231776305,15.80733796670438,33.33333333333333,0.0,ModelParams,v3,1779490854.7407393,2561.0,100.0,0.0,0.0,0.0,0.0,518.0,51.03448275862069,497.0,48.96551724137931,0.0,0.0,37.0,29.365079365079367,54.0,42.857142857142854,35.0,27.77777777777778,0.0,0.0,42.0,100.0,0.0,0.0,0.0,0.0,0.0,0.0,1.0,100.0,0.0,0.0,1.0,33.33333333333333,2.0,66.66666666666666
1,1965,5038,23,0.4565303691941246,0.5377720870678617,9,9,39.130434782608695,14,0,38.26915442635966,61.73084557364034,0.0,2,0.03969829297340214,6,12,8.695652173913043,2,52.17391304347826,12,0.0,0,26.08695652173913,6,6267,2041,774,0,2041,0,0,0,2733,1088,130,42,3,1,0,0,0,0,0,0,29.065741183979576,6267,5026,0.6223073240785064,0.46274134354555607,15.876815063028562,33.33333333333333,0.0,ModelParams,v3,1779490854.7407393,2733.0,100.0,0.0,0.0,0.0,0.0,551.0,50.64338235294118,537.0,49.356617647058826,0.0,0.0,37.0,28.46153846153846,57.0,43.84615384615385,36.0,27.692307692307693,0.0,0.0,42.0,100.0,0.0,0.0,0.0,0.0,0.0,0.0,1.0,100.0,0.0,0.0,1.0,33.33333333333333,2.0,66.66666666666666
1,1966,5097,23,0.45124583088091036,0.5357142857142857,11,11,47.82608695652174,12,0,38.767902687855596,61.2320973121444,0.0,2,0.039238767902687856,6,12,8.695652173913043,2,52.17391304347826,12,0.0,0,26.08695652173913,6,6357,2182,825,0,2182,0,0,0,2918,1163,139,45,4,1,0,0,0,0,0,0,29.15950920245399,6357,5068,0.6449583136699701,0.456190026742174,15.96665093597609,36.58536585365854,0.0,ModelParams,v3,1779490854.7407393,2918.0,100.0,0.0,0.0,0.0,0.0,587.0,50.47291487532244,576.0,49.527085124677555,0.0,0.0,41.0,29.496402877697843,60.0,43.16546762589928,38.0,27.33812949640288,0.0,0.0,45.0,100.0,0.0,0.0,0.0,0.0,0.0,0.0,1.0,100.0,0.0,0.0,1.0,25.0,3.0,75.0
1,1967,5142,24,0.4667444574095682,0.5607953097119551,11,11,45.83333333333333,13,0,38.48697005056398,61.51302994943602,0.0,2,0.038895371450797356,6,13,8.333333333333332,2,54.166666666666664,13,0.0,0,25.0,6,6427,2311,884,0,2311,0,0,0,3095,1227,145,47,5,1,0,0,0,0,0,0,29.309475649603236,6427,5096,0.6534930760852653,0.4667807686323323,16.072817799906645,35.714285714285715,0.0,ModelParams,v3,1779490854.7407393,3095.0,100.0,0.0,0.0,0.0,0.0,611.0,49.79625101874491,616.0,50.20374898125509,0.0,0.0,43.0,29.655172413793103,62.0,42.758620689655174,40.0,27.586206896551722,0.0,0.0,47.0,100.0,0.0,0.0,0.0,0.0,0.0,0.0,1.0,100.0,0.0,0.0,1.0,20.0,4.0,80.0
1,1968,5209,23,0.4415434824342484,0.5070993914807302,9,9,39.130434782608695,14,0,38.0495296602035,61.9504703397965,0.0,2,0.03839508542906508,4,14,8.695652173913043,2,60.86956521739131,14,0.0,0,17.391304347826086,4,6519,2441,922,0,2441,0,0,0,3273,1300,150,50,5,1,0,0,0,0,0,0,29.546556220279182,6519,5140,0.6596103696886025,0.47553305721736466,15.93802730480135,37.2093023255814,0.0,ModelParams,v3,1779490854.7407393,3273.0,100.0,0.0,0.0,0.0,0.0,648.0,49.84615384615385,652.0,50.153846153846146,0.0,0.0,44.0,29.333333333333332,63.0,42.0,43.0,28.666666666666668,0.0,0.0,50.0,100.0,0.0,0.0,0.0,0.0,0.0,0.0,1.0,100.0,0.0,0.0,1.0,20.0,4.0,80.0
1,1969,5240,23,0.4389312977099237,0.5082592121982211,8,8,34.78260869565217,15,0,37.61450381679389,62.3854961832061,0.0,1,0.019083969465648856,4,15,4.3478260869565215,1,65.21739130434783,15,0.0,0,17.391304347826086,4,6586,2557,971,0,2557,0,0,0,3432,1362,160,52,5,1,0,0,0,0,0,0,29.77725478287276,6586,5163,0.6529000911023383,0.4858791375645309,15.821439416945035,37.2093023255814,0.0,ModelParams,v3,1779490854.7407393,3432.0,100.0,0.0,0.0,0.0,0.0,679.0,49.85315712187959,683.0,50.14684287812041,0.0,0.0,46.0,28.749999999999996,68.0,42.5,46.0,28.749999999999996,0.0,0.0,52.0,100.0,0.0,0.0,0.0,0.0,0.0,0.0,1.0,100.0,0.0,0.0,1.0,20.0,4.0,80.0
1,1970,5265,24,0.4558404558404558,0.5102040816326531,8,8,33.33333333333333,16,0,36.79012345679013,63.20987654320987,0.0,1,0.01899335232668566,4,16,4.166666666666666,1,66.66666666666666,16,0.0,0,16.666666666666664,4,6641,2668,1027,0,2668,0,0,0,3592,1424,169,55,6,1,0,0,0,0,0,0,29.985845505195,6641,5177,0.6625508206595392,0.49691311549465444,15.91627766902575,36.36363636363637,0.0,ModelParams,v3,1779490854.7407393,3592.0,100.0,0.0,0.0,0.0,0.0,712.0,50.0,712.0,50.0,0.0,0.0,48.0,28.402366863905325,71.0,42.01183431952663,50.0,29.585798816568047,0.0,0.0,55.0,100.0,0.0,0.0,0.0,0.0,0.0,0.0,1.0,100.0,0.0,0.0,2.0,33.33333333333333,4.0,66.66666666666666
1,1971,5330,23,0.4315196998123828,0.480890913692736,8,8,34.78260869565217,15,0,36.90431519699812,63.09568480300187,0.0,1,0.01876172607879925,5,14,4.3478260869565215,1,60.86956521739131,14,0.0,0,21.73913043478261,5,6739,2814,1075,0,2814,0,0,0,3786,1499,179,57,6,1,0,0,0,0,0,0,30.075530494138597,6739,5230,0.6677548597714794,0.5045258940495623,15.86288766879359,35.55555555555556,0.0,ModelParams,v3,1779490854.7407393,3786.0,100.0,0.0,0.0,0.0,0.0,741.0,49.43295530353569,758.0,50.567044696464315,0.0,0.0,51.0,28.49162011173184,77.0,43.01675977653631,51.0,28.49162011173184,0.0,0.0,57.0,100.0,0.0,0.0,0.0,0.0,0.0,0.0,1.0,100.0,0.0,0.0,2.0,33.33333333333333,4.0,66.66666666666666
1,1972,5379,23,0.42758877114705335,0.4810126582278481,9,9,39.130434782608695,14,0,36.53095370886782,63.46904629113218,0.0,1,0.018590816136828406,5,14,4.3478260869565215,1,60.86956521739131,14,0.0,0,21.73913043478261,5,6826,2953,1127,0,2953,0,0,0,4058,1594,189,60,6,2,0,0,0,0,0,0,30.267360093759155,6826,5261,0.6592440668033988,0.4980955171403457,15.73395839437445,37.77777777777778,0.0,ModelParams,v3,1779490854.7407393,4058.0,100.0,0.0,0.0,0.0,0.0,783.0,49.12170639899623,811.0,50.87829360100377,0.0,0.0,53.0,28.04232804232804,84.0,44.44444444444444,52.0,27.513227513227513,0.0,0.0,60.0,100.0,0.0,0.0,0.0,0.0,0.0,0.0,2.0,100.0,0.0,0.0,2.0,33.33333333333333,4.0,66.66666666666666
1,1973,5441,23,0.4227164124241867,0.4785894206549119,10,10,43.47826086956522,13,0,36.37199044293328,63.62800955706671,0.0,1,0.01837897445322551,4,15,4.3478260869565215,1,65.21739130434783,15,0.0,0,17.391304347826086,4,6916,3096,1180,0,3096,0,0,0,4249,1666,199,64,6,2,0,0,0,0,0,0,30.377964141122035,6916,5306,0.6651243493348756,0.5060728744939271,15.717177559282822,39.130434782608695,0.0,ModelParams,v3,1779490854.7407393,4249.0,100.0,0.0,0.0,0.0,0.0,823.0,49.39975990396158,843.0,50.60024009603842,0.0,0.0,58.0,29.145728643216078,87.0,43.71859296482412,54.0,27.1356783919598,0.0,0.0,64.0,100.0,0.0,0.0,0.0,0.0,0.0,0.0,2.0,100.0,0.0,0.0,2.0,33.33333333333333,4.0,66.66666666666666
1,1974,5494,23,0.41863851474335634,0.4788306451612903,10,10,43.47826086956522,13,0,35.74808882417182,64.25191117582818,0.0,1,0.018201674554058973,4,15,4.3478260869565215,1,65.21739130434783,15,0.0,0,17.391304347826086,4,7007,3232,1225,0,3232,0,0,0,4394,1716,203,65,7,2,0,0,0,0,0,0,30.544027401170258,7007,5342,0.6707578136149565,0.4995004995004995,15.698587127158556,38.297872340425535,0.0,ModelParams,v3,1779490854.7407393,4394.0,100.0,0.0,0.0,0.0,0.0,846.0,49.3006993006993,870.0,50.6993006993007,0.0,0.0,60.0,29.55665024630542,89.0,43.84236453201971,54.0,26.60098522167488,0.0,0.0,65.0,100.0,0.0,0.0,0.0,0.0,0.0,0.0,2.0,100.0,0.0,0.0,2.0,28.57142857142857,5.0,71.42857142857143
1,1975,5559,22,0.3957546321280806,0.4513540621865597,10,10,45.45454545454545,12,0,35.348084187803565,64.65191581219644,0.0,1,0.017988846914912753,4,14,4.545454545454546,1,63.63636363636363,14,0.0,0,18.181818181818183,4,7093,3371,1278,0,3371,0,0,0,4622,1796,212,70,9,2,0,0,0,0,0,0,30.716903989849147,7093,5381,0.6626251233610602,0.4934442408007895,15.762018891865221,36.17021276595745,0.0,ModelParams,v3,1779490854.7407393,4622.0,100.0,0.0,0.0,0.0,0.0,886.0,49.33184855233853,910.0,50.66815144766147,0.0,0.0,63.0,29.71698113207547,93.0,43.86792452830189,56.0,26.41509433962264,0.0,0.0,70.0,100.0,0.0,0.0,0.0,0.0,0.0,0.0,2.0,100.0,0.0,0.0,4.0,44.44444444444444,5.0,55.55555555555556
1,1976,5601,23,0.41064095697196923,0.476071160110248,10,10,43.47826086956522,13,0,34.85091947866452,65.14908052133548,0.0,1,0.017853954650955184,5,14,4.3478260869565215,1,60.86956521739131,14,0.0,0,21.73913043478261,5,7175,3490,1315,0,3490,0,0,0,4801,1861,216,72,10,2,0,0,0,0,0,0,30.99637630662021,7175,5414,0.6550522648083623,0.5017421602787456,15.749128919860627,36.17021276595745,0.0,ModelParams,v3,1779490854.7407393,4801.0,100.0,0.0,0.0,0.0,0.0,917.0,49.274583557227295,944.0,50.72541644277271,0.0,0.0,63.0,29.166666666666668,96.0,44.44444444444444,57.0,26.38888888888889,0.0,0.0,72.0,100.0,0.0,0.0,0.0,0.0,0.0,0.0,2.0,100.0,0.0,0.0,4.0,40.0,6.0,60.0
1,1977,5641,22,0.3900017727353306,0.4513540621865597,10,10,45.45454545454545,12,0,34.58606630030137,65.41393369969863,0.0,1,0.01772735330615139,4,14,4.545454545454546,1,63.63636363636363,14,0.0,0,18.181818181818183,4,7248,3623,1375,0,3623,0,0,0,4974,1931,226,76,13,2,0,0,0,0,0,0,31.13810706401766,7248,5439,0.6760485651214128,0.49668874172185434,15.7560706401766,34.69387755102041,0.0,ModelParams,v3,1779490854.7407393,4974.0,100.0,0.0,0.0,0.0,0.0,950.0,49.19730709476955,981.0,50.80269290523045,0.0,0.0,66.0,29.20353982300885,100.0,44.24778761061947,60.0,26.548672566371685,0.0,0.0,76.0,100.0,0.0,0.0,0.0,0.0,0.0,0.0,2.0,100.0,0.0,0.0,4.0,30.76923076923077,9.0,69.23076923076923
1,1978,5675,23,0.4052863436123348,0.45214770158251694,10,10,43.47826086956522,13,0,33.991189427312776,66.00881057268722,0.0,1,0.01762114537444934,4,15,4.3478260869565215,1,65.21739130434783,15,0.0,0,17.391304347826086,4,7308,3742,1434,0,3742,0,0,0,5135,1983,232,79,14,2,0,0,0,0,0,0,31.350574712643677,7308,5454,0.6704980842911877,0.49261083743842365,15.558292282430214,34.69387755102041,0.0,ModelParams,v3,1779490854.7407393,5135.0,100.0,0.0,0.0,0.0,0.0,982.0,49.52092788703984,1001.0,50.47907211296017,0.0,0.0,66.0,28.448275862068968,102.0,43.96551724137931,64.0,27.586206896551722,0.0,0.0,79.0,100.0,0.0,0.0,0.0,0.0,0.0,0.0,2.0,100.0,0.0,0.0,5.0,35.714285714285715,9.0,64.28571428571429
1,1979,5696,25,0.4389044943820225,0.5026388539834129,12,12,48.0,13,0,33.95365168539326,66.04634831460675,0.0,1,0.0175561797752809,5,16,4.0,1,64.0,16,0.0,0,20.0,5,7346,3854,1508,0,3854,0,0,0,5253,2027,239,80,14,2,0,0,0,0,0,0,31.565750068064254,7346,5462,0.6670296760141574,0.5036754696433433,15.55948815682004,36.734693877551024,0.0,ModelParams,v3,1779490854.7407393,5253.0,100.0,0.0,0.0,0.0,0.0,1007.0,49.679329057720764,1020.0,50.320670942279236,0.0,0.0,68.0,28.451882845188287,105.0,43.93305439330544,66.0,27.615062761506277,0.0,0.0,80.0,100.0,0.0,0.0,0.0,0.0,0.0,0.0,2.0,100.0,0.0,0.0,5.0,35.714285714285715,9.0,64.28571428571429
1,1980,5732,25,0.4361479413817167,0.47822803926503904,12,12,48.0,13,0,33.63572923935799,66.36427076064201,0.0,1,0.017445917655268667,5,16,4.0,1,64.0,16,0.0,0,20.0,5,7418,3981,1563,0,3981,0,0,0,5487,2106,251,88,15,2,0,0,0,0,0,0,31.778107306551632,7418,5489,0.6875168509032084,0.5122674575357239,15.62415745483958,35.294117647058826,0.0,ModelParams,v3,1779490854.7407393,5487.0,100.0,0.0,0.0,0.0,0.0,1051.0,49.90503323836657,1055.0,50.09496676163343,0.0,0.0,70.0,27.88844621513944,112.0,44.6215139442231,69.0,27.490039840637447,0.0,0.0,88.0,100.0,0.0,0.0,0.0,0.0,0.0,0.0,2.0,100.0,0.0,0.0,5.0,33.33333333333333,10.0,66.66666666666666
1,1981,5766,27,0.46826222684703434,0.5289672544080605,12,12,44.44444444444444,15,0,33.05584460631287,66.94415539368713,0.0,1,0.01734304543877905,6,17,3.7037037037037033,1,62.96296296296296,17,0.0,0,22.22222222222222,6,7451,4107,1656,0,4107,0,0,0,5651,2191,255,90,16,2,0,0,0,0,0,0,31.902831834653067,7451,5483,0.7113139175949537,0.5368406925244934,15.501274996644746,33.9622641509434,0.0,ModelParams,v3,1779490854.7407393,5651.0,100.0,0.0,0.0,0.0,0.0,1092.0,49.84025559105431,1099.0,50.159744408945684,0.0,0.0,71.0,27.84313725490196,114.0,44.70588235294118,70.0,27.450980392156865,0.0,0.0,90.0,100.0,0.0,0.0,0.0,0.0,0.0,0.0,2.0,100.0,0.0,0.0,5.0,31.25,11.0,68.75
1,1982,5784,26,0.4495159059474412,0.5047955577990914,10,10,38.46153846153847,16,0,32.50345781466113,67.49654218533887,0.0,1,0.017289073305670817,5,18,3.8461538461538463,1,69.23076923076923,18,0.0,0,19.230769230769234,5,7487,4209,1722,0,4209,0,0,0,5815,2254,260,92,17,2,0,0,0,0,0,0,32.174836383063976,7487,5490,0.7212501669560571,0.5476158675036731,15.506878589555228,33.33333333333333,0.0,ModelParams,v3,1779490854.7407393,5815.0,100.0,0.0,0.0,0.0,0.0,1122.0,49.77817213842059,1132.0,50.22182786157941,0.0,0.0,74.0,28.46153846153846,115.0,44.230769230769226,71.0,27.307692307692307,0.0,0.0,92.0,100.0,0.0,0.0,0.0,0.0,0.0,0.0,2.0,100.0,0.0,0.0,5.0,29.411764705882355,12.0,70.58823529411765
1,1983,5847,26,0.4446724816145032,0.503651473180559,10,10,38.46153846153847,16,0,32.307166068069094,67.6928339319309,0.0,1,0.017102787754403968,5,18,3.8461538461538463,1,69.23076923076923,18,0.0,0,19.230769230769234,5,7562,4348,1786,0,4348,0,0,0,6007,2322,271,95,19,2,0,0,0,0,0,0,32.29568897117165,7562,5509,0.674424755355726,0.5421846072467601,15.392753239883628,35.294117647058826,0.0,ModelParams,v3,1779490854.7407393,6007.0,100.0,0.0,0.0,0.0,0.0,1158.0,49.87080103359173,1164.0,50.129198966408275,0.0,0.0,77.0,28.413284132841326,119.0,43.91143911439114,75.0,27.67527675276753,0.0,0.0,95.0,100.0,0.0,0.0,0.0,0.0,0.0,0.0,2.0,100.0,0.0,0.0,5.0,26.31578947368421,14.0,73.68421052631578
1,1984,5868,26,0.44308111792774374,0.5054334091483448,11,11,42.30769230769231,15,0,32.20858895705521,67.79141104294479,0.0,1,0.017041581458759374,5,18,3.8461538461538463,1,69.23076923076923,18,0.0,0,19.230769230769234,5,7617,4466,1849,0,4466,0,0,0,6272,2427,288,101,21,2,0,0,0,0,0,0,32.533412104503086,7617,5521,0.6958119994748588,0.5382696599711172,15.412892214782723,35.84905660377358,0.0,ModelParams,v3,1779490854.7407393,6272.0,100.0,0.0,0.0,0.0,0.0,1210.0,49.855789039967036,1217.0,50.144210960032964,0.0,0.0,82.0,28.47222222222222,128.0,44.44444444444444,78.0,27.083333333333332,0.0,0.0,101.0,100.0,0.0,0.0,0.0,0.0,0.0,0.0,2.0,100.0,0.0,0.0,7.0,33.33333333333333,14.0,66.66666666666666
1,1985,5923,27,0.45585007597501265,0.5309734513274336,11,11,40.74074074074074,16,0,32.38223873037312,67.61776126962687,0.0,1,0.01688333614722269,6,18,3.7037037037037033,1,66.66666666666666,18,0.0,0,22.22222222222222,6,7694,4608,1914,0,4608,0,0,0,6372,2463,293,102,21,2,0,0,0,0,0,0,32.64569794645178,7694,5543,0.7148427345983883,0.5328827657915258,15.375617364179881,32.72727272727273,0.0,ModelParams,v3,1779490854.7407393,6372.0,100.0,0.0,0.0,0.0,0.0,1237.0,50.22330491270808,1226.0,49.77669508729192,0.0,0.0,82.0,27.986348122866893,130.0,44.36860068259386,81.0,27.64505119453925,0.0,0.0,102.0,100.0,0.0,0.0,0.0,0.0,0.0,0.0,2.0,100.0,0.0,0.0,7.0,33.33333333333333,14.0,66.66666666666666
1,1986,5954,28,0.47027208599261006,0.5576679340937896,12,12,42.857142857142854,16,0,31.961706415854884,68.03829358414511,0.0,1,0.016795431642593214,6,19,3.571428571428571,1,67.85714285714286,19,0.0,0,21.428571428571427,6,7736,4739,2003,0,4739,0,0,0,6539,2527,304,105,22,2,0,0,0,0,0,0,32.68756463288521,7736,5549,0.6980351602895553,0.5170630816959669,15.511892450879008,33.33333333333333,0.0,ModelParams,v3,1779490854.7407393,6539.0,100.0,0.0,0.0,0.0,0.0,1272.0,50.33636723387416,1255.0,49.66363276612584,0.0,0.0,82.0,26.973684210526315,138.0,45.39473684210527,84.0,27.631578947368425,0.0,0.0,105.0,100.0,0.0,0.0,0.0,0.0,0.0,0.0,2.0,100.0,0.0,0.0,8.0,36.36363636363637,14.0,63.63636363636363
1,1987,5986,30,0.5011693952555965,0.5580923389142567,12,12,40.0,18,0,31.64049448713665,68.35950551286335,0.0,1,0.01670564650851988,7,20,3.3333333333333335,1,66.66666666666666,20,0.0,0,23.333333333333332,7,7809,4869,2060,0,4869,0,0,0,6807,2644,313,108,24,2,0,0,0,0,0,0,32.873735433474195,7809,5579,0.6915097963887822,0.5378409527468306,15.546164681777435,33.33333333333333,0.0,ModelParams,v3,1779490854.7407393,6807.0,100.0,0.0,0.0,0.0,0.0,1329.0,50.26475037821483,1315.0,49.73524962178517,0.0,0.0,83.0,26.517571884984026,144.0,46.00638977635783,86.0,27.47603833865815,0.0,0.0,108.0,100.0,0.0,0.0,0.0,0.0,0.0,0.0,2.0,100.0,0.0,0.0,9.0,37.5,15.0,62.5
1,1988,6020,30,0.4983388704318937,0.5580923389142567,12,12,40.0,18,0,31.428571428571427,68.57142857142857,0.0,1,0.016611295681063124,7,20,3.3333333333333335,1,66.66666666666666,20,0.0,0,23.333333333333332,7,7837,5009,2172,0,5009,0,0,0,6965,2696,318,111,25,2,0,0,0,0,0,0,32.83246140104632,7837,5562,0.6890391731529921,0.5231593722087533,15.452341457190252,33.33333333333333,0.0,ModelParams,v3,1779490854.7407393,6965.0,100.0,0.0,0.0,0.0,0.0,1349.0,50.03709198813057,1347.0,49.96290801186943,0.0,0.0,86.0,27.044025157232703,145.0,45.59748427672956,87.0,27.358490566037734,0.0,0.0,111.0,100.0,0.0,0.0,0.0,0.0,0.0,0.0,2.0,100.0,0.0,0.0,10.0,40.0,15.0,60.0
1,1989,6050,29,0.4793388429752066,0.5335365853658537,11,11,37.93103448275862,18,0,31.140495867768596,68.85950413223141,0.0,1,0.01652892561983471,7,19,3.4482758620689653,1,65.51724137931035,19,0.0,0,24.137931034482758,7,7893,5133,2240,0,5133,0,0,0,7092,2748,325,114,25,2,0,0,0,0,0,0,33.015963511972636,7893,5578,0.7094894210059546,0.5194476118079311,15.545419992398326,32.142857142857146,0.0,ModelParams,v3,1779490854.7407393,7092.0,100.0,0.0,0.0,0.0,0.0,1368.0,49.78165938864629,1380.0,50.21834061135371,0.0,0.0,86.0,26.461538461538463,150.0,46.15384615384615,89.0,27.384615384615387,0.0,0.0,114.0,100.0,0.0,0.0,0.0,0.0,0.0,0.0,2.0,100.0,0.0,0.0,10.0,40.0,15.0,60.0
1,1990,6061,30,0.49496782709123904,0.5616543272912944,16,16,53.333333333333336,14,0,30.86949348292361,69.1305065170764,0.0,1,0.01649892756970797,7,20,3.3333333333333335,1,66.66666666666666,20,0.0,0,23.333333333333332,7,7960,5258,2298,0,5258,0,0,0,7329,2838,334,116,26,2,0,0,0,0,0,0,33.231155778894475,7960,5604,0.7035175879396985,0.5276381909547738,15.552763819095478,41.07142857142857,0.0,ModelParams,v3,1779490854.7407393,7329.0,100.0,0.0,0.0,0.0,0.0,1418.0,49.964763918252295,1420.0,50.03523608174771,0.0,0.0,88.0,26.34730538922156,154.0,46.10778443113773,92.0,27.54491017964072,0.0,0.0,116.0,100.0,0.0,0.0,0.0,0.0,0.0,0.0,2.0,100.0,0.0,0.0,11.0,42.30769230769231,15.0,57.692307692307686
1,1991,6088,28,0.45992115637319314,0.5116398055768739,15,15,53.57142857142857,13,0,31.077529566360052,68.92247043363994,0.0,1,0.0164257555847569,7,20,3.571428571428571,1,71.42857142857143,20,0.0,0,25.0,7,8035,5398,2363,0,5398,0,0,0,7558,2921,347,122,27,2,0,0,0,0,0,0,33.385812072184194,8035,5632,0.7467330429371499,0.522713130056005,15.656502800248912,41.66666666666667,0.0,ModelParams,v3,1779490854.7407393,7558.0,100.0,0.0,0.0,0.0,0.0,1449.0,49.60629921259843,1472.0,50.39370078740157,0.0,0.0,92.0,26.512968299711815,158.0,45.53314121037464,97.0,27.953890489913547,0.0,0.0,122.0,100.0,0.0,0.0,0.0,0.0,0.0,0.0,2.0,100.0,0.0,0.0,11.0,40.74074074074074,16.0,59.25925925925925
1,1992,6089,27,0.4434225652816554,0.490449148167269,15,15,55.55555555555556,12,0,30.842502874035144,69.15749712596485,0.0,1,0.016423057973394647,6,20,3.7037037037037033,1,74.07407407407408,20,0.0,0,22.22222222222222,6,8078,5516,2438,0,5516,0,0,0,7701,2988,354,125,27,2,0,0,0,0,0,0,33.57662787818767,8078,5634,0.779896013864818,0.5075513741025006,15.734092597177519,39.682539682539684,0.0,ModelParams,v3,1779490854.7407393,7701.0,100.0,0.0,0.0,0.0,0.0,1474.0,49.33065595716198,1514.0,50.66934404283801,0.0,0.0,92.0,25.98870056497175,163.0,46.04519774011299,99.0,27.966101694915253,0.0,0.0,125.0,100.0,0.0,0.0,0.0,0.0,0.0,0.0,2.0,100.0,0.0,0.0,11.0,40.74074074074074,16.0,59.25925925925925
1,1993,6118,28,0.4576659038901602,0.5185377236193933,18,18,64.28571428571429,10,0,30.974174566851914,69.02582543314809,0.0,1,0.016345210853220007,6,21,3.571428571428571,1,75.0,21,0.0,0,21.428571428571427,6,8117,5651,2534,0,5651,0,0,0,7868,3060,359,130,27,2,0,0,0,0,0,0,33.584329185659726,8117,5631,0.7638290008623876,0.5051127263767402,15.830972034002711,45.16129032258064,0.0,ModelParams,v3,1779490854.7407393,7868.0,100.0,0.0,0.0,0.0,0.0,1505.0,49.18300653594771,1555.0,50.81699346405229,0.0,0.0,92.0,25.62674094707521,165.0,45.96100278551532,102.0,28.412256267409468,0.0,0.0,130.0,100.0,0.0,0.0,0.0,0.0,0.0,0.0,2.0,100.0,0.0,0.0,11.0,40.74074074074074,16.0,59.25925925925925
1,1994,6117,28,0.45774072257642634,0.5215123859191656,19,19,67.85714285714286,9,0,30.848455125061303,69.1515448749387,0.0,1,0.016347882949158083,6,21,3.571428571428571,1,75.0,21,0.0,0,21.428571428571427,6,8149,5759,2610,0,5759,0,0,0,7946,3088,360,131,27,2,0,0,0,0,0,0,33.83593078905387,8149,5637,0.7608295496379924,0.503129218308995,15.817891765860843,46.774193548387096,0.0,ModelParams,v3,1779490854.7407393,7946.0,100.0,0.0,0.0,0.0,0.0,1519.0,49.190414507772026,1569.0,50.80958549222798,0.0,0.0,92.0,25.555555555555554,165.0,45.83333333333333,103.0,28.61111111111111,0.0,0.0,131.0,100.0,0.0,0.0,0.0,0.0,0.0,0.0,2.0,100.0,0.0,0.0,11.0,40.74074074074074,16.0,59.25925925925925
1,1995,6100,28,0.45901639344262296,0.5271481286241434,22,22,78.57142857142857,6,0,30.721311475409834,69.27868852459017,0.0,1,0.01639344262295082,6,21,3.571428571428571,1,75.0,21,0.0,0,21.428571428571427,6,8177,5871,2694,0,5871,0,0,0,8116,3163,366,137,27,2,0,0,0,0,0,0,34.02555949614773,8177,5630,0.7704537116301823,0.5014063837593249,15.800415800415802,50.79365079365079,0.0,ModelParams,v3,1779490854.7407393,8116.0,100.0,0.0,0.0,0.0,0.0,1556.0,49.19380335124882,1607.0,50.80619664875119,0.0,0.0,95.0,25.956284153005466,165.0,45.08196721311475,106.0,28.96174863387978,0.0,0.0,137.0,100.0,0.0,0.0,0.0,0.0,0.0,0.0,2.0,100.0,0.0,0.0,11.0,40.74074074074074,16.0,59.25925925925925
1,1996,6100,29,0.4754098360655738,0.5588078765300691,22,22,75.86206896551724,7,0,30.80327868852459,69.1967213114754,0.0,1,0.01639344262295082,6,22,3.4482758620689653,1,75.86206896551724,22,0.0,0,20.689655172413794,6,8211,6001,2790,0,6001,0,0,0,8239,3218,374,143,27,2,0,0,0,0,0,0,34.091097308488614,8211,5622,0.7672634271099744,0.47497259773474604,15.77152600170503,46.03174603174603,0.0,ModelParams,v3,1779490854.7407393,8239.0,100.0,0.0,0.0,0.0,0.0,1588.0,49.347420758234925,1630.0,50.652579241765075,0.0,0.0,96.0,25.668449197860966,168.0,44.919786096256686,110.0,29.411764705882355,0.0,0.0,143.0,100.0,0.0,0.0,0.0,0.0,0.0,0.0,2.0,100.0,0.0,0.0,11.0,40.74074074074074,16.0,59.25925925925925
1,1997,6058,29,0.4787058435127105,0.5701873472712462,23,23,79.3103448275862,6,0,30.884780455595905,69.1152195444041,0.0,1,0.016507098052162432,6,22,3.4482758620689653,1,75.86206896551724,22,0.0,0,20.689655172413794,6,8230,6096,2866,0,6096,0,0,0,8364,3273,381,147,27,2,0,0,0,0,0,0,34.4041312272175,8230,5598,0.7654921020656136,0.48602673147023084,15.820170109356013,49.2063492063492,0.0,ModelParams,v3,1779490854.7407393,8364.0,100.0,0.0,0.0,0.0,0.0,1623.0,49.58753437213566,1650.0,50.41246562786434,0.0,0.0,98.0,25.72178477690289,171.0,44.881889763779526,112.0,29.396325459317584,0.0,0.0,147.0,100.0,0.0,0.0,0.0,0.0,0.0,0.0,2.0,100.0,0.0,0.0,11.0,40.74074074074074,16.0,59.25925925925925
1,1998,6037,28,0.4638065264204075,0.521548174581389,23,23,82.14285714285714,5,0,30.495279112141795,69.50472088785821,0.0,0,0.0,6,22,0.0,0,78.57142857142857,22,0.0,0,21.428571428571427,6,8252,6203,2951,0,6203,0,0,0,8491,3325,387,150,28,2,0,0,0,0,0,0,34.62857489093553,8252,5592,0.7755695588948134,0.4968492486669899,15.86282113427048,53.125,0.0,ModelParams,v3,1779490854.7407393,8491.0,100.0,0.0,0.0,0.0,0.0,1648.0,49.56390977443609,1677.0,50.43609022556391,0.0,0.0,101.0,26.098191214470283,173.0,44.70284237726098,113.0,29.198966408268735,0.0,0.0,150.0,100.0,0.0,0.0,0.0,0.0,0.0,0.0,2.0,100.0,0.0,0.0,11.0,39.285714285714285,17.0,60.71428571428571
1,1999,5980,26,0.43478260869565216,0.5034965034965035,23,23,88.46153846153845,3,0,30.133779264214045,69.86622073578596,0.0,0,0.0,6,20,0.0,0,76.92307692307693,20,0.0,0,23.076923076923077,6,8247,6282,3035,0,6282,0,0,0,8588,3364,393,154,28,2,0,0,0,0,0,0,34.94652600945798,8247,5567,0.776039772038317,0.4728992360858494,15.775433490966412,56.25,0.0,ModelParams,v3,1779490854.7407393,8588.0,100.0,0.0,0.0,0.0,0.0,1661.0,49.37574316290131,1703.0,50.62425683709869,0.0,0.0,103.0,26.208651399491096,176.0,44.783715012722645,114.0,29.00763358778626,0.0,0.0,154.0,100.0,0.0,0.0,0.0,0.0,0.0,0.0,2.0,100.0,0.0,0.0,11.0,39.285714285714285,17.0,60.71428571428571
1,2000,5958,25,0.41960389392413566,0.4772599663110612,22,22,88.0,3,0,28.885532057737496,71.11446794226251,0.0,0,0.0,6,19,0.0,0,76.0,19,0.0,0,24.0,6,8237,6341,3104,0,6341,0,0,0,8667,3410,396,155,28,2,0,0,0,0,0,0,35.387034114362024,8237,5541,0.7648415685322326,0.4613330095908704,15.794585407308487,55.55555555555556,0.0,ModelParams,v3,1779490854.7407393,8667.0,100.0,0.0,0.0,0.0,0.0,1681.0,49.29618768328446,1729.0,50.70381231671555,0.0,0.0,103.0,26.01010101010101,178.0,44.94949494949495,115.0,29.040404040404038,0.0,0.0,155.0,100.0,0.0,0.0,0.0,0.0,0.0,0.0,2.0,100.0,0.0,0.0,11.0,39.285714285714285,17.0,60.71428571428571
1,2001,5912,26,0.4397834912043302,0.5079006772009029,22,22,84.61538461538461,4,0,27.74018944519621,72.25981055480379,0.0,0,0.0,6,20,0.0,0,76.92307692307693,20,0.0,0,23.076923076923077,6,8204,6391,3187,0,6391,0,0,0,8747,3441,401,156,28,2,0,0,0,0,0,0,35.83751828376402,8204,5505,0.7679180887372014,0.45099951243295955,15.724037055095074,52.38095238095239,0.0,ModelParams,v3,1779490854.7407393,8747.0,100.0,0.0,0.0,0.0,0.0,1694.0,49.229875036326646,1747.0,50.77012496367335,0.0,0.0,105.0,26.184538653366584,180.0,44.88778054862843,116.0,28.92768079800499,0.0,0.0,156.0,100.0,0.0,0.0,0.0,0.0,0.0,0.0,2.0,100.0,0.0,0.0,11.0,39.285714285714285,17.0,60.71428571428571
1,2002,5852,26,0.4442925495557075,0.5129666571672842,23,23,88.46153846153845,3,0,26.862611073137387,73.13738892686261,0.0,0,0.0,6,20,0.0,0,76.92307692307693,20,0.0,0,23.076923076923077,6,8179,6453,3274,0,6453,0,0,0,8788,3461,402,156,28,2,0,0,0,0,0,0,36.20980559970656,8179,5470,0.7702653136080205,0.45237804132534537,15.747646411541751,53.96825396825397,0.0,ModelParams,v3,1779490854.7407393,8788.0,100.0,0.0,0.0,0.0,0.0,1704.0,49.23432533949725,1757.0,50.76567466050275,0.0,0.0,105.0,26.119402985074625,181.0,45.024875621890544,116.0,28.855721393034827,0.0,0.0,156.0,100.0,0.0,0.0,0.0,0.0,0.0,0.0,2.0,100.0,0.0,0.0,11.0,39.285714285714285,17.0,60.71428571428571
1,2003,5805,29,0.49956933677863913,0.6024096385542169,25,25,86.20689655172413,4,0,25.94315245478036,74.05684754521964,0.0,1,0.01722652885443583,7,21,3.4482758620689653,1,72.41379310344827,21,0.0,0,24.137931034482758,7,8179,6528,3349,0,6528,0,0,0,8900,3497,403,156,29,2,0,0,0,0,0,0,36.58002200758039,8179,5456,0.7702653136080205,0.4890573419733464,15.63760850959775,57.14285714285714,0.0,ModelParams,v3,1779490854.7407393,8900.0,100.0,0.0,0.0,0.0,0.0,1725.0,49.3279954246497,1772.0,50.67200457535031,0.0,0.0,105.0,26.054590570719604,182.0,45.16129032258064,116.0,28.78411910669975,0.0,0.0,156.0,100.0,0.0,0.0,0.0,0.0,0.0,0.0,2.0,100.0,0.0,0.0,12.0,41.37931034482759,17.0,58.620689655172406
1,2004,5761,30,0.5207429265752473,0.5803830528148578,27,27,90.0,3,0,25.49904530463461,74.50095469536538,0.0,2,0.034716195105016494,7,21,6.666666666666667,2,70.0,21,0.0,0,23.333333333333332,7,8177,6614,3437,0,6614,0,0,0,9007,3552,410,159,29,2,0,0,0,0,0,0,36.90326525620643,8177,5425,0.7582242876360523,0.48917695976519504,15.641433288492113,59.67741935483871,0.0,ModelParams,v3,1779490854.7407393,9007.0,100.0,0.0,0.0,0.0,0.0,1750.0,49.26801801801802,1802.0,50.731981981981974,0.0,0.0,109.0,26.585365853658537,184.0,44.87804878048781,117.0,28.536585365853657,0.0,0.0,159.0,100.0,0.0,0.0,0.0,0.0,0.0,0.0,2.0,100.0,0.0,0.0,12.0,41.37931034482759,17.0,58.620689655172406
1,2005,5690,28,0.492091388400703,0.5856515373352855,25,25,89.28571428571429,3,0,24.762741652021088,75.23725834797891,0.0,2,0.0351493848857645,8,18,7.142857142857142,2,64.28571428571429,18,0.0,0,28.57142857142857,8,8162,6679,3517,0,6679,0,0,0,9104,3589,415,161,29,2,0,0,0,0,0,0,37.293310463121784,8162,5407,0.7718696397941681,0.5023278608184268,15.670178877726048,60.317460317460316,0.0,ModelParams,v3,1779490854.7407393,9104.0,100.0,0.0,0.0,0.0,0.0,1770.0,49.31735859570911,1819.0,50.682641404290884,0.0,0.0,112.0,26.987951807228917,185.0,44.57831325301205,118.0,28.433734939759038,0.0,0.0,161.0,100.0,0.0,0.0,0.0,0.0,0.0,0.0,2.0,100.0,0.0,0.0,12.0,41.37931034482759,17.0,58.620689655172406
1,2006,5645,27,0.4782993799822852,0.5603066941905043,24,24,88.88888888888889,3,0,23.844109831709478,76.15589016829051,0.0,2,0.0354295837023915,8,17,7.4074074074074066,2,62.96296296296296,17,0.0,0,29.629629629629626,8,8142,6755,3613,0,6755,0,0,0,9208,3616,417,168,30,2,0,0,0,0,0,0,37.57356914762958,8142,5375,0.7614836649471874,0.49127978383689513,15.671825104396955,59.67741935483871,0.0,ModelParams,v3,1779490854.7407393,9208.0,100.0,0.0,0.0,0.0,0.0,1781.0,49.2533185840708,1835.0,50.74668141592921,0.0,0.0,112.0,26.85851318944844,186.0,44.60431654676259,119.0,28.53717026378897,0.0,0.0,168.0,100.0,0.0,0.0,0.0,0.0,0.0,0.0,2.0,100.0,0.0,0.0,12.0,40.0,18.0,60.0
1,2007,5599,27,0.482228969458832,0.5653079440642665,25,25,92.5925925925926,2,0,23.468476513663152,76.53152348633685,0.0,2,0.03572066440435792,8,17,7.4074074074074066,2,62.96296296296296,17,0.0,0,29.629629629629626,8,8142,6841,3699,0,6841,0,0,0,9326,3657,421,169,31,2,0,0,0,0,0,0,37.855440923606,8142,5366,0.7737656595431098,0.5035617784328175,15.610415131417344,61.904761904761905,0.0,ModelParams,v3,1779490854.7407393,9326.0,100.0,0.0,0.0,0.0,0.0,1797.0,49.13863822805578,1860.0,50.86136177194421,0.0,0.0,113.0,26.840855106888363,187.0,44.418052256532064,121.0,28.741092636579573,0.0,0.0,169.0,100.0,0.0,0.0,0.0,0.0,0.0,0.0,2.0,100.0,0.0,0.0,12.0,38.70967741935484,19.0,61.29032258064516
1,2008,5537,25,0.4515080368430558,0.5115859163406561,24,24,96.0,1,0,22.539281199205348,77.46071880079467,0.0,2,0.036120642947444465,7,16,8.0,2,64.0,16,0.0,0,28.000000000000004,7,8101,6908,3807,0,6908,0,0,0,9419,3696,422,172,31,2,0,0,0,0,0,0,38.11887421306012,8101,5318,0.7776817676830021,0.5061103567460807,15.565979508702629,63.49206349206349,0.0,ModelParams,v3,1779490854.7407393,9419.0,100.0,0.0,0.0,0.0,0.0,1816.0,49.134199134199136,1880.0,50.86580086580087,0.0,0.0,114.0,27.014218009478675,187.0,44.312796208530806,121.0,28.672985781990523,0.0,0.0,172.0,100.0,0.0,0.0,0.0,0.0,0.0,0.0,2.0,100.0,0.0,0.0,12.0,38.70967741935484,19.0,61.29032258064516
1,2009,5485,24,0.43755697356426615,0.48691418137553255,23,23,95.83333333333334,1,0,22.497721057429352,77.50227894257064,0.0,2,0.03646308113035552,6,16,8.333333333333332,2,66.66666666666666,16,0.0,0,25.0,6,8111,7001,3890,0,7001,0,0,0,9540,3741,428,176,32,2,0,0,0,0,0,0,38.404882258661075,8111,5306,0.7767229688077919,0.5054863765257058,15.645419800271238,63.49206349206349,0.0,ModelParams,v3,1779490854.7407393,9540.0,100.0,0.0,0.0,0.0,0.0,1835.0,49.05105586741513,1906.0,50.94894413258487,0.0,0.0,116.0,27.102803738317753,190.0,44.39252336448598,122.0,28.504672897196258,0.0,0.0,176.0,100.0,0.0,0.0,0.0,0.0,0.0,0.0,2.0,100.0,0.0,0.0,13.0,40.625,19.0,59.375
1,2010,5425,25,0.4608294930875576,0.49034630707937477,25,25,100.0,0,0,22.138248847926267,77.86175115207374,0.0,2,0.03686635944700461,6,17,8.0,2,68.0,17,0.0,0,24.0,6,8079,7080,4001,0,7080,0,0,0,9646,3794,433,176,33,2,0,0,0,0,0,0,38.61282336922886,8079,5283,0.7674217106077486,0.5198663200891199,15.657878450303256,67.74193548387096,33.93984404010397,ModelParams,v3,1779490854.7407393,9646.0,100.0,0.0,0.0,0.0,0.0,1863.0,49.103848181338954,1931.0,50.89615181866104,0.0,0.0,117.0,27.02078521939954,193.0,44.57274826789838,123.0,28.406466512702078,0.0,0.0,176.0,100.0,0.0,0.0,0.0,0.0,0.0,0.0,2.0,100.0,0.0,0.0,14.0,42.42424242424242,19.0,57.57575757575758
1,2011,5387,24,0.44551698533506595,0.46153846153846156,24,24,100.0,0,2,21.477631334694635,78.52236866530536,0.0,2,0.03712641544458883,5,17,8.333333333333332,2,70.83333333333334,17,0.0,0,20.833333333333336,5,8068,7166,4098,2,7166,0,0,0,9757,3832,439,179,34,2,0,0,0,0,0,0,38.82077342588002,8068,5283,0.7436787307882995,0.5081804660386713,15.654437283093703,66.66666666666666,41.398116013882,ModelParams,v3,1779490854.7407393,9757.0,100.0,0.0,0.0,0.0,0.0,1886.0,49.217118997912316,1946.0,50.782881002087684,0.0,0.0,119.0,27.10706150341686,195.0,44.41913439635535,125.0,28.473804100227788,0.0,0.0,179.0,100.0,0.0,0.0,0.0,0.0,0.0,0.0,2.0,100.0,0.0,0.0,14.0,41.17647058823529,20.0,58.82352941176471
1,2012,5340,25,0.46816479400749067,0.492156259612427,25,25,100.0,0,3,21.685393258426966,78.31460674157303,0.0,2,0.03745318352059925,5,18,8.0,2,72.0,18,0.0,0,20.0,5,8059,7263,4204,3,7263,0,0,0,9888,3880,443,184,35,2,0,0,0,0,0,0,38.987095173098396,8059,5287,0.7569177317285023,0.5211564710261819,15.78359597965008,68.85245901639344,43.98808785209083,ModelParams,v3,1779490854.7407393,9888.0,100.0,0.0,0.0,0.0,0.0,1910.0,49.22680412371135,1970.0,50.77319587628865,0.0,0.0,120.0,27.088036117381492,197.0,44.46952595936794,126.0,28.442437923250562,0.0,0.0,184.0,100.0,0.0,0.0,0.0,0.0,0.0,0.0,2.0,100.0,0.0,0.0,14.0,40.0,21.0,60.0
1,2013,5283,23,0.4353586977096347,0.4319654427645789,23,23,100.0,0,3,21.63543441226576,78.36456558773425,0.0,2,0.03785727806170736,4,17,8.695652173913043,2,73.91304347826086,17,0.0,0,17.391304347826086,4,8037,7353,4316,3,7353,0,0,0,10010,3920,448,186,37,2,0,0,0,0,0,0,39.15154908547966,8037,5278,0.7465472191116088,0.4976981460744058,15.814358591514246,66.66666666666666,45.464725643896976,ModelParams,v3,1779490854.7407393,10010.0,100.0,0.0,0.0,0.0,0.0,1935.0,49.36224489795919,1985.0,50.63775510204081,0.0,0.0,121.0,27.00892857142857,199.0,44.419642857142854,128.0,28.57142857142857,0.0,0.0,186.0,100.0,0.0,0.0,0.0,0.0,0.0,0.0,2.0,100.0,0.0,0.0,14.0,37.83783783783784,23.0,62.16216216216216
1,2014,5275,23,0.43601895734597157,0.43023970497848807,23,23,100.0,0,3,22.161137440758296,77.8388625592417,0.0,2,0.03791469194312796,4,17,8.695652173913043,2,73.91304347826086,17,0.0,0,17.391304347826086,4,8024,7456,4432,3,7456,0,0,0,10150,3965,450,187,37,2,0,0,0,0,0,0,39.231056829511466,8024,5270,0.7352941176470588,0.4985044865403789,15.752741774675972,67.79661016949152,46.797108673978066,ModelParams,v3,1779490854.7407393,10150.0,100.0,0.0,0.0,0.0,0.0,1961.0,49.4577553593947,2004.0,50.5422446406053,0.0,0.0,122.0,27.111111111111114,200.0,44.44444444444444,128.0,28.444444444444443,0.0,0.0,187.0,100.0,0.0,0.0,0.0,0.0,0.0,0.0,2.0,100.0,0.0,0.0,14.0,37.83783783783784,23.0,62.16216216216216
1,2015,5238,23,0.43909889270714014,0.4290530186944529,23,23,100.0,0,3,22.928598701794577,77.07140129820542,0.0,2,0.038182512409316534,4,17,8.695652173913043,2,73.91304347826086,17,0.0,0,17.391304347826086,4,8007,7550,4543,3,7550,0,0,0,10285,4016,455,192,38,2,0,0,0,0,0,0,39.37329836393156,8007,5259,0.736855251654802,0.48707381041588604,15.74871987011365,66.10169491525424,48.27026351942051,ModelParams,v3,1779490854.7407393,10285.0,100.0,0.0,0.0,0.0,0.0,1990.0,49.55179282868526,2026.0,50.44820717131474,0.0,0.0,124.0,27.252747252747252,202.0,44.395604395604394,129.0,28.35164835164835,0.0,0.0,192.0,100.0,0.0,0.0,0.0,0.0,0.0,0.0,2.0,100.0,0.0,0.0,15.0,39.473684210526315,23.0,60.526315789473685
1,2016,5204,24,0.4611837048424289,0.45857535921736475,24,24,100.0,0,3,24.154496541122214,75.84550345887779,0.0,2,0.03843197540353574,5,17,8.333333333333332,2,70.83333333333334,17,0.0,0,20.833333333333336,5,8006,7656,4650,3,7656,0,0,0,10432,4067,461,194,40,2,0,0,0,0,0,0,39.459280539595305,8006,5260,0.7369472895328504,0.4996252810392206,15.750686984761428,67.79661016949152,49.350487134649015,ModelParams,v3,1779490854.7407393,10432.0,100.0,0.0,0.0,0.0,0.0,2018.0,49.61888369805754,2049.0,50.38111630194246,0.0,0.0,126.0,27.331887201735356,205.0,44.46854663774403,130.0,28.199566160520607,0.0,0.0,194.0,100.0,0.0,0.0,0.0,0.0,0.0,0.0,2.0,100.0,0.0,0.0,16.0,40.0,24.0,60.0
1,2017,5174,23,0.4445303440278315,0.4575960951799878,23,23,100.0,0,3,25.086973328179358,74.91302667182063,0.0,2,0.038654812524159254,5,16,8.695652173913043,2,69.56521739130434,16,0.0,0,21.73913043478261,5,8006,7760,4754,3,7760,0,0,0,10560,4124,466,198,40,2,0,0,0,0,0,0,39.592305770672,8006,5269,0.7619285535848114,0.4996252810392206,15.700724456657506,65.57377049180327,50.299775168623526,ModelParams,v3,1779490854.7407393,10560.0,100.0,0.0,0.0,0.0,0.0,2050.0,49.709020368574194,2074.0,50.290979631425806,0.0,0.0,127.0,27.253218884120173,209.0,44.84978540772532,130.0,27.896995708154503,0.0,0.0,198.0,100.0,0.0,0.0,0.0,0.0,0.0,0.0,2.0,100.0,0.0,0.0,16.0,40.0,24.0,60.0
1,2018,5130,23,0.44834307992202727,0.4588559192413582,23,23,100.0,0,3,25.302144249512672,74.69785575048734,0.0,2,0.03898635477582846,5,16,8.695652173913043,2,69.56521739130434,16,0.0,0,21.73913043478261,5,7981,7837,4856,3,7837,0,0,0,10657,4172,467,201,41,2,0,0,0,1,1,1,39.82370630246836,7981,5251,0.7768450068913669,0.5011903270266884,15.612078686881341,64.51612903225806,51.29682997118156,ModelParams,v3,1779490854.7407393,10657.0,100.0,0.0,0.0,0.0,0.0,2077.0,49.784276126558005,2095.0,50.215723873441995,0.0,0.0,127.0,27.194860813704498,210.0,44.96788008565311,130.0,27.8372591006424,0.0,0.0,201.0,100.0,0.0,0.0,0.0,0.0,0.0,0.0,2.0,100.0,0.0,0.0,17.0,41.46341463414634,24.0,58.536585365853654
1,2019,5113,24,0.46939174652845683,0.486470051687443,23,23,95.83333333333334,1,4,25.640524154116957,74.35947584588304,0.0,2,0.03911597887737141,4,18,8.333333333333332,2,75.0,18,0.0,0,16.666666666666664,4,7990,7935,4945,4,7935,0,0,0,10790,4210,475,205,41,2,0,0,0,2,2,2,39.98085106382979,7990,5265,0.7759699624530664,0.5256570713391739,15.569461827284107,66.12903225806451,51.82728410513141,ModelParams,v3,1779490854.7407393,10790.0,100.0,0.0,0.0,0.0,0.0,2095.0,49.7624703087886,2115.0,50.2375296912114,0.0,0.0,128.0,26.94736842105263,213.0,44.8421052631579,134.0,28.210526315789476,0.0,0.0,205.0,100.0,0.0,0.0,0.0,0.0,0.0,0.0,2.0,100.0,0.0,0.0,17.0,41.46341463414634,24.0,58.536585365853654
1,2020,5074,23,0.4532912889239259,0.4557885141294439,23,23,100.0,0,5,26.172644856129285,73.8273551438707,0.0,2,0.039416633819471816,4,17,8.695652173913043,2,73.91304347826086,17,0.0,0,17.391304347826086,4,7916,8016,5100,5,8016,0,0,0,10911,4253,479,206,42,2,0,0,0,3,3,2,39.99242041435068,7916,5208,0.7832238504295099,0.5305709954522486,15.639211723092473,67.74193548387096,52.62758969176352,ModelParams,v3,1779490854.7407393,10911.0,100.0,0.0,0.0,0.0,0.0,2114.0,49.70608981895133,2139.0,50.29391018104867,0.0,0.0,128.0,26.722338204592898,214.0,44.676409185803756,137.0,28.60125260960334,0.0,0.0,206.0,100.0,0.0,0.0,0.0,0.0,0.0,0.0,2.0,100.0,0.0,0.0,17.0,40.476190476190474,25.0,59.523809523809526
1,2021,5024,25,0.49761146496815284,0.5192425167990227,25,25,100.0,0,5,26.751592356687897,73.24840764331209,0.0,3,0.059713375796178345,5,17,12.0,3,68.0,17,0.0,0,20.0,5,7885,8107,5222,5,8107,0,0,0,10973,4279,479,209,42,2,0,0,0,6,3,2,40.122257450856054,7885,5185,0.7863031071655041,0.570703868103995,15.649968294229549,72.58064516129032,53.202282815472415,ModelParams,v3,1779490854.7407393,10973.0,100.0,0.0,0.0,0.0,0.0,2128.0,49.73124561813508,2151.0,50.26875438186492,0.0,0.0,128.0,26.722338204592898,214.0,44.676409185803756,137.0,28.60125260960334,0.0,0.0,209.0,100.0,0.0,0.0,0.0,0.0,0.0,0.0,2.0,100.0,0.0,0.0,17.0,40.476190476190474,25.0,59.523809523809526
1,2022,4971,24,0.48280024140012073,0.521792510742787,24,24,100.0,0,7,27.03681351840676,72.96318648159324,0.0,3,0.06035003017501509,5,16,12.5,3,66.66666666666666,16,0.0,0,20.833333333333336,5,7853,8196,5343,7,8196,0,0,0,11129,4346,486,213,44,2,0,0,0,10,7,2,40.27288934165287,7853,5162,0.7895071947026613,0.5475614414873297,15.63733604991723,69.35483870967742,53.902967018973634,ModelParams,v3,1779490854.7407393,11129.0,100.0,0.0,0.0,0.0,0.0,2153.0,49.53980671882191,2193.0,50.46019328117809,0.0,0.0,131.0,26.954732510288064,217.0,44.650205761316876,138.0,28.39506172839506,0.0,0.0,213.0,100.0,0.0,0.0,0.0,0.0,0.0,0.0,2.0,100.0,0.0,0.0,17.0,38.63636363636363,27.0,61.36363636363637
1,2023,4925,24,0.4873096446700508,0.5245294662141314,24,24,100.0,0,7,27.81725888324873,72.18274111675127,0.0,3,0.06091370558375635,5,16,12.5,3,66.66666666666666,16,0.0,0,20.833333333333336,5,7848,8289,5441,7,8289,0,0,0,11258,4381,489,215,45,2,0,0,0,11,7,3,40.432849133537204,7848,5164,0.8027522935779817,0.5479102956167177,15.583588175331295,68.25396825396825,54.701834862385326,ModelParams,v3,1779490854.7407393,11258.0,100.0,0.0,0.0,0.0,0.0,2172.0,49.577721981282814,2209.0,50.42227801871719,0.0,0.0,133.0,27.198364008179958,218.0,44.580777096114524,138.0,28.22085889570552,0.0,0.0,215.0,100.0,0.0,0.0,0.0,0.0,0.0,0.0,2.0,100.0,0.0,0.0,18.0,40.0,27.0,60.0
1,2024,4862,22,0.4524886877828055,0.5281143212177695,22,22,100.0,0,7,27.76635129576306,72.23364870423694,0.0,3,0.061703002879473466,5,14,13.636363636363635,3,63.63636363636363,14,0.0,0,22.727272727272727,5,7796,8364,5568,7,8364,0,0,0,11357,4436,493,216,46,2,0,0,0,13,9,3,40.61493073370959,7796,5122,0.8081067213955875,0.5515649050795279,15.546434068753207,68.25396825396825,55.47716777834787,ModelParams,v3,1779490854.7407393,11357.0,100.0,0.0,0.0,0.0,0.0,2194.0,49.45897204688909,2242.0,50.541027953110905,0.0,0.0,133.0,26.97768762677485,221.0,44.827586206896555,139.0,28.1947261663286,0.0,0.0,216.0,100.0,0.0,0.0,0.0,0.0,0.0,0.0,2.0,100.0,0.0,0.0,19.0,41.30434782608695,27.0,58.69565217391305
1,2025,4797,21,0.4377736085053158,0.5004691898654989,21,21,100.0,0,7,27.871586408171773,72.12841359182822,0.0,3,0.06253908692933083,4,14,14.285714285714285,3,66.66666666666666,14,0.0,0,19.047619047619047,4,7738,8430,5692,7,8430,0,0,0,11458,4471,494,218,46,2,0,0,0,13,9,3,40.82333936417679,7738,5095,0.7624709227190488,0.5298526751098475,15.611269061773067,69.49152542372882,56.33238562936159,ModelParams,v3,1779490854.7407393,11458.0,100.0,0.0,0.0,0.0,0.0,2213.0,49.496756877656004,2258.0,50.503243122344,0.0,0.0,133.0,26.923076923076923,222.0,44.93927125506073,139.0,28.13765182186235,0.0,0.0,218.0,100.0,0.0,0.0,0.0,0.0,0.0,0.0,2.0,100.0,0.0,0.0,19.0,41.30434782608695,27.0,58.69565217391305
1,2026,4763,22,0.4618937644341801,0.5324146570623238,22,22,100.0,0,7,28.1335292882637,71.8664707117363,0.0,3,0.06298551333193365,4,15,13.636363636363635,3,68.18181818181817,15,0.0,0,18.181818181818183,4,7693,8519,5826,7,8519,0,0,0,11636,4540,496,219,47,2,0,0,0,14,9,3,40.83010529052385,7693,5058,0.7409333160015599,0.5329520343169114,15.58559729624334,71.9298245614035,57.35083842454179,ModelParams,v3,1779490854.7407393,11636.0,100.0,0.0,0.0,0.0,0.0,2252.0,49.60352422907489,2288.0,50.39647577092511,0.0,0.0,134.0,27.016129032258064,223.0,44.95967741935484,139.0,28.024193548387093,0.0,0.0,219.0,100.0,0.0,0.0,0.0,0.0,0.0,0.0,2.0,100.0,0.0,0.0,20.0,42.5531914893617,27.0,57.446808510638306
1,2027,4714,22,0.46669495120916415,0.5349276274386406,22,22,100.0,0,7,27.895630038184134,72.10436996181588,0.0,3,0.06364022061943148,5,14,13.636363636363635,3,63.63636363636363,14,0.0,0,22.727272727272727,5,7636,8590,5954,7,8590,0,0,0,11728,4579,498,221,47,2,0,0,0,15,10,3,40.94211629125196,7636,5022,0.7464641173389209,0.5500261917234154,15.623363017286538,73.68421052631578,58.224201152435825,ModelParams,v3,1779490854.7407393,11728.0,100.0,0.0,0.0,0.0,0.0,2274.0,49.6614981436995,2305.0,50.338501856300496,0.0,0.0,135.0,27.10843373493976,224.0,44.97991967871486,139.0,27.91164658634538,0.0,0.0,221.0,100.0,0.0,0.0,0.0,0.0,0.0,0.0,2.0,100.0,0.0,0.0,20.0,42.5531914893617,27.0,57.446808510638306
1,2028,4670,24,0.5139186295503212,0.6008855154965212,24,24,100.0,0,7,27.8372591006424,72.1627408993576,0.0,4,0.08565310492505353,5,15,16.666666666666664,4,62.5,15,0.0,0,20.833333333333336,5,7572,8663,6091,7,8663,0,0,0,11834,4631,501,223,47,2,0,0,0,16,11,3,40.98098256735341,7572,4978,0.7263602746962494,0.554675118858954,15.66296883254094,76.36363636363637,59.508716323296355,ModelParams,v3,1779490854.7407393,11834.0,100.0,0.0,0.0,0.0,0.0,2298.0,49.62211185489095,2333.0,50.377888145109054,0.0,0.0,137.0,27.345309381237527,224.0,44.71057884231537,140.0,27.944111776447105,0.0,0.0,223.0,100.0,0.0,0.0,0.0,0.0,0.0,0.0,2.0,100.0,0.0,0.0,20.0,42.5531914893617,27.0,57.446808510638306
1,2029,4631,23,0.49665299071474844,0.5734310289901242,23,23,100.0,0,7,27.53185057223062,72.46814942776938,0.0,4,0.08637443316778234,5,14,17.391304347826086,4,60.86956521739131,14,0.0,0,21.73913043478261,5,7527,8741,6214,7,8741,0,0,0,11929,4671,504,225,48,2,0,0,0,16,11,4,41.09153713298791,7527,4946,0.7307028032416634,0.5447057260528764,15.809751561046898,74.54545454545455,60.54204862495018,ModelParams,v3,1779490854.7407393,11929.0,100.0,0.0,0.0,0.0,0.0,2313.0,49.51830443159923,2358.0,50.481695568400774,0.0,0.0,137.0,27.18253968253968,226.0,44.84126984126984,141.0,27.976190476190478,0.0,0.0,225.0,100.0,0.0,0.0,0.0,0.0,0.0,0.0,2.0,100.0,0.0,0.0,20.0,41.66666666666667,28.0,58.333333333333336
1,2030,4574,21,0.4591167468299082,0.515630035449565,21,21,100.0,0,7,27.219064276344557,72.78093572365545,0.0,4,0.08745080891998251,4,13,19.047619047619047,4,61.904761904761905,13,0.0,0,19.047619047619047,4,7478,8804,6326,7,8804,0,0,0,11965,4696,505,226,48,2,0,0,0,17,12,4,41.33832575554961,7478,4905,0.7354907729339395,0.5482749398234822,15.806365338325756,74.54545454545455,61.56726397432468,ModelParams,v3,1779490854.7407393,11965.0,100.0,0.0,0.0,0.0,0.0,2322.0,49.44633730834753,2374.0,50.55366269165247,0.0,0.0,137.0,27.12871287128713,227.0,44.95049504950495,141.0,27.920792079207924,0.0,0.0,226.0,100.0,0.0,0.0,0.0,0.0,0.0,0.0,2.0,100.0,0.0,0.0,20.0,41.66666666666667,28.0,58.333333333333336
1,2031,4521,19,0.42026100420261003,0.45454545454545453,19,19,100.0,0,8,26.697633266976332,73.30236673302367,0.0,4,0.08847600088476001,4,11,21.052631578947366,4,57.89473684210527,11,0.0,0,21.052631578947366,4,7406,8876,6470,8,8876,0,0,0,12062,4734,509,227,48,2,0,0,0,19,14,5,41.37793680799352,7406,4855,0.7426411018093438,0.5536051849851471,15.906022144207398,74.54545454545455,62.85444234404537,ModelParams,v3,1779490854.7407393,12062.0,100.0,0.0,0.0,0.0,0.0,2343.0,49.49302915082382,2391.0,50.50697084917617,0.0,0.0,138.0,27.111984282907663,229.0,44.9901768172888,142.0,27.897838899803535,0.0,0.0,227.0,100.0,0.0,0.0,0.0,0.0,0.0,0.0,2.0,100.0,0.0,0.0,20.0,41.66666666666667,28.0,58.333333333333336
1,2032,4488,19,0.4233511586452763,0.45691906005221933,19,19,100.0,0,8,26.069518716577537,73.93048128342245,0.0,4,0.08912655971479501,4,11,21.052631578947366,4,57.89473684210527,11,0.0,0,21.052631578947366,4,7344,8941,6597,8,8941,0,0,0,12150,4768,510,230,48,2,0,0,0,19,14,5,41.46718409586057,7344,4807,0.7489106753812637,0.5446623093681917,15.863289760348584,72.72727272727273,64.12037037037037,ModelParams,v3,1779490854.7407393,12150.0,100.0,0.0,0.0,0.0,0.0,2362.0,49.538590604026844,2406.0,50.461409395973156,0.0,0.0,138.0,27.058823529411764,230.0,45.09803921568628,142.0,27.84313725490196,0.0,0.0,230.0,100.0,0.0,0.0,0.0,0.0,0.0,0.0,2.0,100.0,0.0,0.0,20.0,41.66666666666667,28.0,58.333333333333336
1,2033,4422,19,0.4296698326549073,0.46204620462046203,19,19,100.0,0,9,26.300316598824065,73.69968340117595,0.0,4,0.09045680687471733,4,11,21.052631578947366,4,57.89473684210527,11,0.0,0,21.052631578947366,4,7275,9013,6738,9,9013,0,0,0,12237,4809,512,231,48,2,0,0,0,20,15,5,41.503230240549826,7275,4748,0.7422680412371134,0.5360824742268041,15.972508591065292,72.22222222222221,65.44329896907216,ModelParams,v3,1779490854.7407393,12237.0,100.0,0.0,0.0,0.0,0.0,2383.0,49.552921605323355,2426.0,50.447078394676645,0.0,0.0,139.0,27.1484375,230.0,44.921875,143.0,27.9296875,0.0,0.0,231.0,100.0,0.0,0.0,0.0,0.0,0.0,0.0,2.0,100.0,0.0,0.0,20.0,41.66666666666667,28.0,58.333333333333336
1,2034,4354,18,0.41341295360587965,0.431463657484235,18,18,100.0,0,9,25.90721175930179,74.0927882406982,0.0,4,0.09186954524575103,5,9,22.22222222222222,4,50.0,9,0.0,0,27.77777777777778,5,7189,9077,6888,9,9077,0,0,0,12287,4822,513,231,48,2,0,0,0,21,16,5,41.6095423563778,7189,4695,0.6955070246209487,0.528585338711921,15.829739880372792,76.0,66.53220197523994,ModelParams,v3,1779490854.7407393,12287.0,100.0,0.0,0.0,0.0,0.0,2390.0,49.56449605972625,2432.0,50.43550394027374,0.0,0.0,139.0,27.09551656920078,231.0,45.02923976608187,143.0,27.87524366471735,0.0,0.0,231.0,100.0,0.0,0.0,0.0,0.0,0.0,0.0,2.0,100.0,0.0,0.0,20.0,41.66666666666667,28.0,58.333333333333336
1,2035,4264,16,0.37523452157598497,0.4048582995951417,16,16,100.0,0,9,25.70356472795497,74.29643527204503,0.0,4,0.09380863039399624,5,7,25.0,4,43.75,7,0.0,0,31.25,5,7097,9123,7026,9,9123,0,0,0,12365,4846,515,233,48,2,0,0,0,21,16,6,41.774975341693676,7097,4631,0.6904325771452726,0.5213470480484711,15.83767789206707,75.51020408163265,68.21192052980133,ModelParams,v3,1779490854.7407393,12365.0,100.0,0.0,0.0,0.0,0.0,2404.0,49.607924061081306,2442.0,50.3920759389187,0.0,0.0,139.0,26.990291262135923,233.0,45.24271844660194,143.0,27.766990291262132,0.0,0.0,233.0,100.0,0.0,0.0,0.0,0.0,0.0,0.0,2.0,100.0,0.0,0.0,20.0,41.66666666666667,28.0,58.333333333333336
1,2036,4192,16,0.38167938931297707,0.411381556393555,16,16,100.0,0,9,25.310114503816795,74.68988549618321,0.0,4,0.09541984732824427,5,7,25.0,4,43.75,7,0.0,0,31.25,5,7034,9181,7147,9,9181,0,0,0,12448,4876,518,233,48,2,0,0,0,21,16,6,41.97256184247939,7034,4596,0.6966164344611886,0.5260164913278362,15.951094682968439,75.51020408163265,69.3630935456355,ModelParams,v3,1779490854.7407393,12448.0,100.0,0.0,0.0,0.0,0.0,2422.0,49.67186218211649,2454.0,50.32813781788351,0.0,0.0,139.0,26.833976833976834,235.0,45.366795366795365,144.0,27.7992277992278,0.0,0.0,233.0,100.0,0.0,0.0,0.0,0.0,0.0,0.0,2.0,100.0,0.0,0.0,20.0,41.66666666666667,28.0,58.333333333333336
1,2037,4131,15,0.36310820624546114,0.4160887656033287,15,15,100.0,0,9,25.32074558218349,74.67925441781651,0.0,4,0.09682885499878964,4,7,26.666666666666668,4,46.666666666666664,7,0.0,0,26.666666666666668,4,6981,9254,7273,9,9254,0,0,0,12547,4911,520,236,48,2,0,0,0,22,17,7,42.02177338490188,6981,4570,0.7019051711789142,0.5156854318865491,15.928950007162298,73.46938775510205,70.10456954591034,ModelParams,v3,1779490854.7407393,12547.0,100.0,0.0,0.0,0.0,0.0,2442.0,49.725106902871104,2469.0,50.274893097128896,0.0,0.0,140.0,26.923076923076923,236.0,45.38461538461539,144.0,27.692307692307693,0.0,0.0,236.0,100.0,0.0,0.0,0.0,0.0,0.0,0.0,2.0,100.0,0.0,0.0,20.0,41.66666666666667,28.0,58.333333333333336
1,2038,4044,15,0.370919881305638,0.423728813559322,15,15,100.0,0,9,24.777448071216618,75.22255192878339,0.0,4,0.09891196834817012,4,7,26.666666666666668,4,46.666666666666664,7,0.0,0,26.666666666666668,4,6886,9302,7416,9,9302,0,0,0,12625,4930,522,238,49,2,0,0,0,24,18,7,42.129392971246006,6886,4503,0.6970665117629974,0.5227998838222481,15.945396456578564,75.0,71.69619517862328,ModelParams,v3,1779490854.7407393,12625.0,100.0,0.0,0.0,0.0,0.0,2451.0,49.716024340770794,2479.0,50.283975659229206,0.0,0.0,140.0,26.81992337164751,238.0,45.593869731800766,144.0,27.586206896551722,0.0,0.0,238.0,100.0,0.0,0.0,0.0,0.0,0.0,0.0,2.0,100.0,0.0,0.0,20.0,40.816326530612244,29.0,59.183673469387756
1,2039,3991,14,0.35078927587070907,0.3929974991068239,14,14,100.0,0,11,24.880982209972437,75.11901779002757,0.0,4,0.10022550739163118,4,6,28.57142857142857,4,42.857142857142854,6,0.0,0,28.57142857142857,4,6820,9369,7549,11,9369,0,0,0,12721,4962,524,238,51,2,0,0,0,27,21,7,42.17448680351906,6820,4459,0.7038123167155426,0.5425219941348974,15.865102639296188,77.08333333333334,72.41935483870968,ModelParams,v3,1779490854.7407393,12721.0,100.0,0.0,0.0,0.0,0.0,2468.0,49.73800886739218,2494.0,50.26199113260782,0.0,0.0,140.0,26.717557251908396,239.0,45.61068702290076,145.0,27.671755725190838,0.0,0.0,238.0,100.0,0.0,0.0,0.0,0.0,0.0,0.0,2.0,100.0,0.0,0.0,21.0,41.17647058823529,30.0,58.82352941176471
1,2040,3921,15,0.3825554705432288,0.43509789702683105,15,15,100.0,0,12,25.172149961744456,74.82785003825555,0.0,4,0.102014792144861,4,7,26.666666666666668,4,46.666666666666664,7,0.0,0,26.666666666666668,4,6752,9428,7676,12,9428,0,0,0,12802,4996,525,239,53,2,0,0,0,28,22,7,42.27177132701422,6752,4427,0.7109004739336493,0.57760663507109,15.847156398104264,81.25,73.43009478672985,ModelParams,v3,1779490854.7407393,12802.0,100.0,0.0,0.0,0.0,0.0,2483.0,49.69975980784628,2513.0,50.30024019215372,0.0,0.0,140.0,26.666666666666668,240.0,45.714285714285715,145.0,27.61904761904762,0.0,0.0,239.0,100.0,0.0,0.0,0.0,0.0,0.0,0.0,2.0,100.0,0.0,0.0,22.0,41.509433962264154,31.0,58.490566037735846
1,2041,3857,14,0.3629764065335753,0.4038179148311307,14,14,100.0,0,12,25.01944516463573,74.98055483536427,0.0,4,0.10370754472387865,4,6,28.57142857142857,4,42.857142857142854,6,0.0,0,28.57142857142857,4,6686,9496,7810,12,9496,0,0,0,12883,5034,528,241,54,2,0,0,0,30,24,7,42.245288662877655,6686,4393,0.6431349087645828,0.5085252766975771,15.794196829195334,79.06976744186046,74.58869279090638,ModelParams,v3,1779490854.7407393,12883.0,100.0,0.0,0.0,0.0,0.0,2499.0,49.64243146603099,2535.0,50.35756853396901,0.0,0.0,140.0,26.515151515151516,242.0,45.83333333333333,146.0,27.65151515151515,0.0,0.0,241.0,100.0,0.0,0.0,0.0,0.0,0.0,0.0,2.0,100.0,0.0,0.0,23.0,42.592592592592595,31.0,57.407407407407405
1,2042,3793,14,0.3691009754811495,0.41029466616933974,14,14,100.0,0,12,25.01977326654363,74.98022673345636,0.0,4,0.10545742156604272,4,6,28.57142857142857,4,42.857142857142854,6,0.0,0,28.57142857142857,4,6604,9550,7946,12,9550,0,0,0,12960,5066,529,241,55,2,0,0,0,31,25,7,42.31617201695942,6604,4342,0.6511205330102967,0.514839491217444,15.717746820109024,79.06976744186046,75.69654754694125,ModelParams,v3,1779490854.7407393,12960.0,100.0,0.0,0.0,0.0,0.0,2513.0,49.60521121200158,2553.0,50.39478878799842,0.0,0.0,140.0,26.46502835538752,243.0,45.93572778827977,146.0,27.599243856332706,0.0,0.0,241.0,100.0,0.0,0.0,0.0,0.0,0.0,0.0,2.0,100.0,0.0,0.0,23.0,41.81818181818181,32.0,58.18181818181818
1,2043,3721,13,0.34936844934157485,0.37921880925293894,13,13,100.0,0,12,25.073904864283797,74.92609513571621,0.0,4,0.10749798441279225,3,6,30.76923076923077,4,46.15384615384615,6,0.0,0,23.076923076923077,3,6535,9607,8072,12,9607,0,0,0,13023,5087,530,242,55,2,0,0,0,31,25,7,42.421882172915076,6535,4290,0.6579954093343535,0.5202754399387911,15.715378729915837,79.06976744186046,76.51109410864575,ModelParams,v3,1779490854.7407393,13023.0,100.0,0.0,0.0,0.0,0.0,2521.0,49.55769608806762,2566.0,50.44230391193237,0.0,0.0,141.0,26.60377358490566,243.0,45.84905660377358,146.0,27.547169811320753,0.0,0.0,242.0,100.0,0.0,0.0,0.0,0.0,0.0,0.0,2.0,100.0,0.0,0.0,23.0,41.81818181818181,32.0,58.18181818181818
1,2044,3686,13,0.352685838307108,0.3824091778202677,13,13,100.0,0,13,24.959305480195333,75.04069451980466,0.0,4,0.10851871947911015,3,6,30.76923076923077,4,46.15384615384615,6,0.0,0,23.076923076923077,3,6491,9671,8180,13,9671,0,0,0,13128,5125,533,243,55,2,0,0,0,32,26,7,42.546448929286704,6491,4265,0.6470497612078263,0.5083962409490064,15.529194268987828,78.57142857142857,77.0451394238176,ModelParams,v3,1779490854.7407393,13128.0,100.0,0.0,0.0,0.0,0.0,2541.0,49.58048780487805,2584.0,50.41951219512195,0.0,0.0,141.0,26.454033771106943,244.0,45.77861163227016,148.0,27.76735459662289,0.0,0.0,243.0,100.0,0.0,0.0,0.0,0.0,0.0,0.0,2.0,100.0,0.0,0.0,23.0,41.81818181818181,32.0,58.18181818181818
1,2045,3645,12,0.3292181069958848,0.34802784222737815,12,12,100.0,0,15,25.40466392318244,74.59533607681756,0.0,3,0.0823045267489712,3,6,25.0,3,50.0,6,0.0,0,25.0,3,6417,9738,8321,15,9738,0,0,0,13224,5159,536,244,55,2,0,0,0,34,28,8,42.49244195106748,6417,4215,0.6700950599968833,0.5142589995324919,15.49010441016051,76.74418604651163,77.90244662614928,ModelParams,v3,1779490854.7407393,13224.0,100.0,0.0,0.0,0.0,0.0,2557.0,49.56386896685404,2602.0,50.43613103314596,0.0,0.0,141.0,26.30597014925373,245.0,45.7089552238806,150.0,27.985074626865668,0.0,0.0,244.0,100.0,0.0,0.0,0.0,0.0,0.0,0.0,2.0,100.0,0.0,0.0,23.0,41.81818181818181,32.0,58.18181818181818
1,2046,3569,11,0.30820958251611097,0.3534956794972506,11,11,100.0,0,15,25.301204819277107,74.69879518072288,0.0,2,0.05603810591202018,3,6,18.181818181818183,2,54.54545454545454,6,0.0,0,27.27272727272727,3,6347,9787,8440,15,9787,0,0,0,13299,5186,539,244,56,2,0,0,0,36,30,8,42.621711044588,6347,4171,0.6774854261855995,0.5199306759098787,15.503387427130926,76.74418604651163,78.93492988813612,ModelParams,v3,1779490854.7407393,13299.0,100.0,0.0,0.0,0.0,0.0,2571.0,49.57578094870806,2615.0,50.42421905129194,0.0,0.0,141.0,26.159554730983302,247.0,45.82560296846011,151.0,28.014842300556587,0.0,0.0,244.0,100.0,0.0,0.0,0.0,0.0,0.0,0.0,2.0,100.0,0.0,0.0,24.0,42.857142857142854,32.0,57.14285714285714
1,2047,3548,11,0.3100338218714769,0.35405192761605037,11,11,100.0,0,15,25.45095828635851,74.54904171364149,0.0,2,0.05636978579481398,3,6,18.181818181818183,2,54.54545454545454,6,0.0,0,27.27272727272727,3,6319,9852,8533,15,9852,0,0,0,13373,5218,541,244,56,2,0,0,0,38,32,8,42.73714195284064,6319,4150,0.664662130083874,0.5380598195917076,15.39800601360975,80.95238095238095,79.49042570026903,ModelParams,v3,1779490854.7407393,13373.0,100.0,0.0,0.0,0.0,0.0,2587.0,49.57838252203909,2631.0,50.4216174779609,0.0,0.0,142.0,26.247689463955638,248.0,45.84103512014787,151.0,27.911275415896487,0.0,0.0,244.0,100.0,0.0,0.0,0.0,0.0,0.0,0.0,2.0,100.0,0.0,0.0,24.0,42.857142857142854,32.0,57.14285714285714
1,2048,3502,12,0.34266133637921187,0.3987240829346092,12,12,100.0,0,15,25.27127355796688,74.72872644203312,0.0,2,0.05711022272986865,3,7,16.666666666666664,2,58.333333333333336,7,0.0,0,25.0,3,6242,9906,8664,15,9906,0,0,0,13458,5249,543,244,57,2,0,0,0,39,33,8,42.7271707785966,6242,4109,0.6728612624158924,0.5286767061839154,15.459788529317525,78.57142857142857,80.32681832745915,ModelParams,v3,1779490854.7407393,13458.0,100.0,0.0,0.0,0.0,0.0,2602.0,49.57134692322347,2647.0,50.42865307677653,0.0,0.0,142.0,26.151012891344383,250.0,46.04051565377532,151.0,27.808471454880294,0.0,0.0,244.0,100.0,0.0,0.0,0.0,0.0,0.0,0.0,2.0,100.0,0.0,0.0,24.0,42.10526315789473,33.0,57.89473684210527
1,2049,3492,11,0.3150057273768614,0.3598560575769692,11,11,100.0,0,16,25.42955326460481,74.5704467353952,0.0,1,0.028636884306987402,3,7,9.090909090909092,1,63.63636363636363,7,0.0,0,27.27272727272727,3,6183,9973,8790,16,9973,0,0,0,13539,5285,545,244,57,2,0,0,0,41,35,8,42.667313601811415,6183,4074,0.6792819019893256,0.5337214944201845,15.510270095422934,78.57142857142857,80.80219957949215,ModelParams,v3,1779490854.7407393,13539.0,100.0,0.0,0.0,0.0,0.0,2617.0,49.517502365184484,2668.0,50.482497634815516,0.0,0.0,143.0,26.238532110091743,250.0,45.87155963302752,152.0,27.889908256880737,0.0,0.0,244.0,100.0,0.0,0.0,0.0,0.0,0.0,0.0,2.0,100.0,0.0,0.0,24.0,42.10526315789473,33.0,57.89473684210527
1,2050,3493,12,0.34354423131978246,0.3598560575769692,12,12,100.0,0,17,25.851703406813627,74.14829659318637,0.0,1,0.028628685943315198,3,8,8.333333333333332,1,66.66666666666666,8,0.0,0,25.0,3,6108,10034,8926,17,10034,0,0,0,13617,5310,548,245,57,2,0,0,0,44,37,8,42.58366077275704,6108,4033,0.6712508185985593,0.5566470203012442,15.586116568434841,82.92682926829268,80.94302554027504,ModelParams,v3,1779490854.7407393,13617.0,100.0,0.0,0.0,0.0,0.0,2627.0,49.472693032015066,2683.0,50.52730696798493,0.0,0.0,144.0,26.277372262773724,250.0,45.62043795620438,154.0,28.102189781021895,0.0,0.0,245.0,100.0,0.0,0.0,0.0,0.0,0.0,0.0,2.0,100.0,0.0,0.0,24.0,42.10526315789473,33.0,57.89473684210527
1,2051,3484,11,0.3157290470723306,0.32076984763432237,11,11,100.0,0,17,25.430539609644086,74.56946039035591,0.0,0,0.0,3,8,0.0,0,72.72727272727273,8,0.0,0,27.27272727272727,3,6054,10075,9021,17,10075,0,0,0,13647,5320,549,245,57,2,0,0,0,44,37,8,42.82391807069706,6054,3997,0.677238189626693,0.561612157251404,15.609514370664023,82.92682926829268,81.23554674595309,ModelParams,v3,1779490854.7407393,13647.0,100.0,0.0,0.0,0.0,0.0,2635.0,49.53007518796993,2685.0,50.46992481203007,0.0,0.0,144.0,26.229508196721312,251.0,45.71948998178507,154.0,28.051001821493628,0.0,0.0,245.0,100.0,0.0,0.0,0.0,0.0,0.0,0.0,2.0,100.0,0.0,0.0,24.0,42.10526315789473,33.0,57.89473684210527
1,2052,3481,11,0.31600114909508764,0.32193158953722334,11,11,100.0,0,18,25.1364550416547,74.8635449583453,0.0,0,0.0,3,8,0.0,0,72.72727272727273,8,0.0,0,27.27272727272727,3,5990,10139,9149,18,10139,0,0,0,13737,5349,553,245,57,2,0,0,0,46,39,8,42.73155258764608,5990,3956,0.6343906510851419,0.5509181969949917,15.392320534223705,86.8421052631579,81.15191986644408,ModelParams,v3,1779490854.7407393,13737.0,100.0,0.0,0.0,0.0,0.0,2648.0,49.50458029538232,2701.0,50.49541970461768,0.0,0.0,145.0,26.220614828209765,252.0,45.56962025316456,156.0,28.20976491862568,0.0,0.0,245.0,100.0,0.0,0.0,0.0,0.0,0.0,0.0,2.0,100.0,0.0,0.0,24.0,42.10526315789473,33.0,57.89473684210527
1,2053,3453,10,0.2896032435563278,0.2845528455284553,10,10,100.0,0,18,25.28236316246742,74.71763683753258,0.0,0,0.0,3,7,0.0,0,70.0,7,0.0,0,30.0,3,5926,10186,9260,18,10186,0,0,0,13815,5379,553,245,57,2,0,0,0,46,39,8,42.84357070536618,5926,3911,0.6074924063449206,0.5231184610192373,15.440431994600068,86.11111111111111,81.26898413769827,ModelParams,v3,1779490854.7407393,13815.0,100.0,0.0,0.0,0.0,0.0,2662.0,49.48875255623722,2717.0,50.511247443762784,0.0,0.0,145.0,26.220614828209765,252.0,45.56962025316456,156.0,28.20976491862568,0.0,0.0,245.0,100.0,0.0,0.0,0.0,0.0,0.0,0.0,2.0,100.0,0.0,0.0,24.0,42.10526315789473,33.0,57.89473684210527
1,2054,3434,10,0.29120559114735,0.28524857375713125,10,10,100.0,0,18,25.276645311589984,74.72335468841001,0.0,0,0.0,3,7,0.0,0,70.0,7,0.0,0,30.0,3,5884,10250,9366,18,10250,0,0,0,13893,5406,558,245,57,2,0,0,0,49,42,9,42.840074779061865,5884,3881,0.6118286879673691,0.5098572399728076,15.39768864717879,83.33333333333334,80.91434398368456,ModelParams,v3,1779490854.7407393,13893.0,100.0,0.0,0.0,0.0,0.0,2680.0,49.574546799852016,2726.0,50.425453200147984,0.0,0.0,147.0,26.344086021505376,254.0,45.51971326164875,157.0,28.136200716845877,0.0,0.0,245.0,100.0,0.0,0.0,0.0,0.0,0.0,0.0,2.0,100.0,0.0,0.0,24.0,42.10526315789473,33.0,57.89473684210527
1,2055,3413,9,0.2636976267213595,0.2879473467708762,9,9,100.0,0,18,25.021974802226783,74.97802519777322,0.0,0,0.0,3,6,0.0,0,66.66666666666666,6,0.0,0,33.33333333333333,3,5823,10296,9473,18,10296,0,0,0,13957,5428,560,245,57,2,0,0,0,49,42,9,42.969088098918085,5823,3836,0.6182380216383307,0.49802507298643306,15.473123819337111,80.55555555555556,80.92048772110596,ModelParams,v3,1779490854.7407393,13957.0,100.0,0.0,0.0,0.0,0.0,2692.0,49.594694178334564,2736.0,50.405305821665436,0.0,0.0,147.0,26.25,255.0,45.535714285714285,158.0,28.214285714285715,0.0,0.0,245.0,100.0,0.0,0.0,0.0,0.0,0.0,0.0,2.0,100.0,0.0,0.0,24.0,42.10526315789473,33.0,57.89473684210527
1,2056,3400,9,0.2647058823529412,0.2892561983471074,9,9,100.0,0,18,24.794117647058826,75.20588235294117,0.0,0,0.0,3,6,0.0,0,66.66666666666666,6,0.0,0,33.33333333333333,3,5767,10350,9583,18,10350,0,0,0,14032,5458,563,245,57,2,0,0,0,51,43,9,42.98318016299636,5767,3811,0.5722212588867696,0.4855210681463499,15.449973989942778,84.84848484848484,80.97797815155194,ModelParams,v3,1779490854.7407393,14032.0,100.0,0.0,0.0,0.0,0.0,2709.0,49.63356540857457,2749.0,50.36643459142544,0.0,0.0,148.0,26.287744227353464,256.0,45.47069271758437,159.0,28.24156305506217,0.0,0.0,245.0,100.0,0.0,0.0,0.0,0.0,0.0,0.0,2.0,100.0,0.0,0.0,24.0,42.10526315789473,33.0,57.89473684210527
1,2057,3369,8,0.23745918670228555,0.29227557411273486,8,8,100.0,0,18,24.992579400415554,75.00742059958445,0.0,0,0.0,3,5,0.0,0,62.5,5,0.0,0,37.5,3,5722,10405,9683,18,10405,0,0,0,14109,5490,563,246,57,2,0,0,0,52,43,9,43.107829430269135,5722,3779,0.5592450192240475,0.4718629849702901,15.431667249213563,84.375,80.84585809157637,ModelParams,v3,1779490854.7407393,14109.0,100.0,0.0,0.0,0.0,0.0,2723.0,49.599271402550094,2767.0,50.400728597449906,0.0,0.0,148.0,26.287744227353464,256.0,45.47069271758437,159.0,28.24156305506217,0.0,0.0,246.0,100.0,0.0,0.0,0.0,0.0,0.0,0.0,2.0,100.0,0.0,0.0,24.0,42.10526315789473,33.0,57.89473684210527
1,2058,3345,8,0.2391629297458894,0.2939941201175977,8,8,100.0,0,18,24.84304932735426,75.15695067264573,0.0,0,0.0,3,5,0.0,0,62.5,5,0.0,0,37.5,3,5636,10451,9815,18,10451,0,0,0,14179,5518,565,246,57,2,0,0,0,53,44,9,43.04843860894251,5636,3727,0.5677785663591199,0.46132008516678497,15.47196593328602,81.25,80.89070262597588,ModelParams,v3,1779490854.7407393,14179.0,100.0,0.0,0.0,0.0,0.0,2734.0,49.54693729612178,2784.0,50.45306270387822,0.0,0.0,148.0,26.194690265486724,258.0,45.663716814159294,159.0,28.14159292035398,0.0,0.0,246.0,100.0,0.0,0.0,0.0,0.0,0.0,0.0,2.0,100.0,0.0,0.0,24.0,42.10526315789473,33.0,57.89473684210527
1,2059,3307,8,0.24191109767160568,0.29635901778154106,8,8,100.0,0,18,24.64469307529483,75.35530692470516,0.0,0,0.0,3,5,0.0,0,62.5,5,0.0,0,37.5,3,5563,10498,9935,18,10498,0,0,0,14214,5529,566,246,57,2,0,0,0,53,44,9,43.04493978069387,5563,3690,0.5572532806039907,0.4673737192162502,15.4772604709689,83.87096774193549,80.85565342441129,ModelParams,v3,1779490854.7407393,14214.0,100.0,0.0,0.0,0.0,0.0,2738.0,49.520708988967264,2791.0,50.479291011032736,0.0,0.0,148.0,26.148409893992934,259.0,45.75971731448763,159.0,28.091872791519435,0.0,0.0,246.0,100.0,0.0,0.0,0.0,0.0,0.0,0.0,2.0,100.0,0.0,0.0,24.0,42.10526315789473,33.0,57.89473684210527
1,2060,3275,8,0.24427480916030536,0.30224525043177897,8,8,100.0,0,18,24.427480916030532,75.57251908396947,0.0,0,0.0,3,5,0.0,0,62.5,5,0.0,0,37.5,3,5498,10548,10050,18,10548,0,0,0,14298,5551,566,246,58,2,0,0,0,53,44,9,43.033830483812295,5498,3646,0.5456529647144416,0.43652237177155323,15.551109494361587,80.0,80.92033466715169,ModelParams,v3,1779490854.7407393,14298.0,100.0,0.0,0.0,0.0,0.0,2748.0,49.504593766888846,2803.0,50.495406233111154,0.0,0.0,148.0,26.148409893992934,259.0,45.75971731448763,159.0,28.091872791519435,0.0,0.0,246.0,100.0,0.0,0.0,0.0,0.0,0.0,0.0,2.0,100.0,0.0,0.0,25.0,43.103448275862064,33.0,56.896551724137936
1,2061,3251,7,0.2153183635804368,0.26362038664323373,7,7,100.0,0,18,25.007689941556443,74.99231005844355,0.0,0,0.0,2,5,0.0,0,71.42857142857143,5,0.0,0,28.57142857142857,2,5445,10608,10163,18,10608,0,0,0,14418,5594,567,247,58,2,0,0,0,53,44,9,42.91496786042241,5445,3613,0.5325987144168962,0.4407713498622589,15.426997245179063,82.75862068965517,80.67952249770431,ModelParams,v3,1779490854.7407393,14418.0,100.0,0.0,0.0,0.0,0.0,2766.0,49.44583482302467,2828.0,50.55416517697533,0.0,0.0,148.0,26.102292768959433,259.0,45.67901234567901,160.0,28.21869488536155,0.0,0.0,247.0,100.0,0.0,0.0,0.0,0.0,0.0,0.0,2.0,100.0,0.0,0.0,25.0,43.103448275862064,33.0,56.896551724137936
1,2062,3194,6,0.18785222291797118,0.22583559168925021,6,6,100.0,0,18,24.733876017532875,75.26612398246712,0.0,0,0.0,2,4,0.0,0,66.66666666666666,4,0.0,0,33.33333333333333,2,5369,10651,10282,18,10651,0,0,0,14486,5617,571,247,58,2,0,0,0,55,45,10,42.93518346060719,5369,3565,0.5215123859191656,0.428385174147886,15.459117154032409,82.14285714285714,80.62953995157385,ModelParams,v3,1779490854.7407393,14486.0,100.0,0.0,0.0,0.0,0.0,2777.0,49.43920242122129,2840.0,50.560797578778704,0.0,0.0,149.0,26.09457092819615,260.0,45.53415061295972,162.0,28.371278458844134,0.0,0.0,247.0,100.0,0.0,0.0,0.0,0.0,0.0,0.0,2.0,100.0,0.0,0.0,25.0,43.103448275862064,33.0,56.896551724137936
1,2063,3150,6,0.19047619047619047,0.2311604253351826,6,6,100.0,0,18,24.634920634920636,75.36507936507937,0.0,0,0.0,2,4,0.0,0,66.66666666666666,4,0.0,0,33.33333333333333,2,5314,10692,10378,18,10692,0,0,0,14557,5635,573,248,58,2,0,0,0,56,46,10,43.052879187053065,5314,3528,0.5080918328942416,0.41400075272864134,15.37448249905909,81.48148148148148,80.82423786225065,ModelParams,v3,1779490854.7407393,14557.0,100.0,0.0,0.0,0.0,0.0,2785.0,49.423247559893525,2850.0,50.576752440106475,0.0,0.0,150.0,26.17801047120419,260.0,45.37521815008726,163.0,28.44677137870855,0.0,0.0,248.0,100.0,0.0,0.0,0.0,0.0,0.0,0.0,2.0,100.0,0.0,0.0,25.0,43.103448275862064,33.0,56.896551724137936
1,2064,3100,7,0.22580645161290325,0.28517110266159695,7,7,100.0,0,18,24.64516129032258,75.35483870967742,0.0,1,0.03225806451612903,2,4,14.285714285714285,1,57.14285714285714,4,0.0,0,28.57142857142857,2,5278,10748,10470,18,10748,0,0,0,14663,5688,576,248,58,2,0,0,0,58,47,10,43.130162940507766,5278,3500,0.49261083743842365,0.4357711254262978,15.649867374005305,88.46153846153845,80.90185676392572,ModelParams,v3,1779490854.7407393,14663.0,100.0,0.0,0.0,0.0,0.0,2807.0,49.349507735583686,2881.0,50.650492264416314,0.0,0.0,151.0,26.21527777777778,262.0,45.48611111111111,163.0,28.29861111111111,0.0,0.0,248.0,100.0,0.0,0.0,0.0,0.0,0.0,0.0,2.0,100.0,0.0,0.0,25.0,43.103448275862064,33.0,56.896551724137936
1,2065,3064,7,0.22845953002610966,0.2921129503407984,7,7,100.0,0,18,24.673629242819846,75.32637075718016,0.0,1,0.03263707571801567,2,4,14.285714285714285,1,57.14285714285714,4,0.0,0,28.57142857142857,2,5227,10801,10574,18,10801,0,0,0,14698,5706,576,248,58,2,0,0,0,58,47,10,43.08647407690836,5227,3466,0.4782858236081882,0.42089152477520564,15.80256361201454,88.0,80.61985842739621,ModelParams,v3,1779490854.7407393,14698.0,100.0,0.0,0.0,0.0,0.0,2817.0,49.369085173501574,2889.0,50.63091482649842,0.0,0.0,151.0,26.21527777777778,262.0,45.48611111111111,163.0,28.29861111111111,0.0,0.0,248.0,100.0,0.0,0.0,0.0,0.0,0.0,0.0,2.0,100.0,0.0,0.0,25.0,43.103448275862064,33.0,56.896551724137936
1,2066,2996,7,0.23364485981308408,0.3024193548387097,7,7,100.0,0,18,25.20026702269693,74.79973297730307,0.0,1,0.03337783711615487,2,4,14.285714285714285,1,57.14285714285714,4,0.0,0,28.57142857142857,2,5150,10839,10689,18,10839,0,0,0,14749,5727,576,248,58,2,0,0,0,58,47,10,43.10796116504854,5150,3421,0.46601941747572817,0.3883495145631068,15.805825242718447,83.33333333333334,80.83495145631068,ModelParams,v3,1779490854.7407393,14749.0,100.0,0.0,0.0,0.0,0.0,2828.0,49.38012921250218,2899.0,50.619870787497824,0.0,0.0,151.0,26.21527777777778,262.0,45.48611111111111,163.0,28.29861111111111,0.0,0.0,248.0,100.0,0.0,0.0,0.0,0.0,0.0,0.0,2.0,100.0,0.0,0.0,25.0,43.103448275862064,33.0,56.896551724137936
1,2067,2946,7,0.23761031907671418,0.3102378490175801,7,7,100.0,0,18,25.050916496945007,74.949083503055,0.0,1,0.03394433129667345,2,4,14.285714285714285,1,57.14285714285714,4,0.0,0,28.57142857142857,2,5108,10884,10776,18,10884,0,0,0,14808,5743,578,249,58,2,0,0,0,58,47,10,43.17873923257635,5108,3393,0.4306969459671104,0.3523884103367267,15.798747063429913,81.81818181818183,80.89271730618638,ModelParams,v3,1779490854.7407393,14808.0,100.0,0.0,0.0,0.0,0.0,2837.0,49.39926867490858,2906.0,50.60073132509142,0.0,0.0,151.0,26.124567474048444,264.0,45.674740484429066,163.0,28.20069204152249,0.0,0.0,249.0,100.0,0.0,0.0,0.0,0.0,0.0,0.0,2.0,100.0,0.0,0.0,25.0,43.103448275862064,33.0,56.896551724137936
1,2068,2908,7,0.24071526822558462,0.31678986272439286,7,7,100.0,0,18,25.034387895460796,74.9656121045392,0.0,1,0.0343878954607978,2,4,14.285714285714285,1,57.14285714285714,4,0.0,0,28.57142857142857,2,5048,10922,10874,18,10922,0,0,0,14871,5763,580,249,58,2,0,0,0,59,48,10,43.2993264659271,5048,3355,0.39619651347068147,0.33676703645007927,15.80824088748019,85.0,81.18066561014263,ModelParams,v3,1779490854.7407393,14871.0,100.0,0.0,0.0,0.0,0.0,2846.0,49.384001388165885,2917.0,50.615998611834115,0.0,0.0,151.0,26.03448275862069,266.0,45.86206896551724,163.0,28.10344827586207,0.0,0.0,249.0,100.0,0.0,0.0,0.0,0.0,0.0,0.0,2.0,100.0,0.0,0.0,25.0,43.103448275862064,33.0,56.896551724137936
1,2069,2845,7,0.2460456942003515,0.32733224222585927,7,7,100.0,0,18,24.78031634446397,75.21968365553603,0.0,1,0.0351493848857645,3,3,14.285714285714285,1,42.857142857142854,3,0.0,0,42.857142857142854,3,4984,10961,10977,18,10961,0,0,0,14921,5779,582,250,58,2,0,0,0,61,49,11,43.347110754414125,4984,3314,0.3812199036918138,0.34109149277688605,15.810593900481539,89.47368421052632,81.40048154093098,ModelParams,v3,1779490854.7407393,14921.0,100.0,0.0,0.0,0.0,0.0,2853.0,49.36840283786122,2926.0,50.631597162138775,0.0,0.0,152.0,26.11683848797251,267.0,45.876288659793815,163.0,28.006872852233677,0.0,0.0,250.0,100.0,0.0,0.0,0.0,0.0,0.0,0.0,2.0,100.0,0.0,0.0,25.0,43.103448275862064,33.0,56.896551724137936
1,2070,2827,7,0.24761230986911922,0.3320420586607637,7,7,100.0,0,18,25.185709232401837,74.81429076759815,0.0,1,0.035373187124159884,3,3,14.285714285714285,1,42.857142857142854,3,0.0,0,42.857142857142854,3,4933,11014,11081,18,11014,0,0,0,14985,5806,584,250,58,2,0,0,0,61,49,11,43.29556051084533,4933,3286,0.36488951956213256,0.34461787958645856,15.872694100952767,94.44444444444444,81.06628826272045,ModelParams,v3,1779490854.7407393,14985.0,100.0,0.0,0.0,0.0,0.0,2866.0,49.362728212194284,2940.0,50.637271787805716,0.0,0.0,153.0,26.1986301369863,268.0,45.89041095890411,163.0,27.910958904109588,0.0,0.0,250.0,100.0,0.0,0.0,0.0,0.0,0.0,0.0,2.0,100.0,0.0,0.0,25.0,43.103448275862064,33.0,56.896551724137936
1,2071,2786,7,0.25125628140703515,0.3393665158371041,7,7,100.0,0,18,24.98205312275664,75.01794687724336,0.0,1,0.03589375448671931,3,3,14.285714285714285,1,42.857142857142854,3,0.0,0,42.857142857142854,3,4867,11053,11186,18,11053,0,0,0,15078,5828,587,251,58,2,0,0,0,63,51,11,43.24881857407027,4867,3243,0.34929114444216147,0.34929114444216147,15.73864803780563,100.0,81.19991781384837,ModelParams,v3,1779490854.7407393,15078.0,100.0,0.0,0.0,0.0,0.0,2880.0,49.416609471516814,2948.0,50.583390528483186,0.0,0.0,155.0,26.405451448040886,269.0,45.826235093696766,163.0,27.76831345826235,0.0,0.0,251.0,100.0,0.0,0.0,0.0,0.0,0.0,0.0,2.0,100.0,0.0,0.0,25.0,43.103448275862064,33.0,56.896551724137936
1,2072,2749,6,0.21826118588577662,0.28735632183908044,6,6,100.0,0,19,25.100036376864317,74.89996362313569,0.0,1,0.036376864314296105,3,2,16.666666666666664,1,33.33333333333333,2,0.0,0,50.0,3,4808,11103,11295,19,11103,0,0,0,15113,5840,590,251,58,2,0,0,0,66,53,11,43.10253743760399,4808,3217,0.37437603993344426,0.3535773710482529,15.57820299500832,94.44444444444444,81.0108153078203,ModelParams,v3,1779490854.7407393,15113.0,100.0,0.0,0.0,0.0,0.0,2883.0,49.36643835616438,2957.0,50.63356164383561,0.0,0.0,155.0,26.27118644067797,271.0,45.932203389830505,164.0,27.796610169491526,0.0,0.0,251.0,100.0,0.0,0.0,0.0,0.0,0.0,0.0,2.0,100.0,0.0,0.0,25.0,43.103448275862064,33.0,56.896551724137936
1,2073,2700,4,0.14814814814814814,0.17772511848341233,4,4,100.0,0,19,25.444444444444443,74.55555555555556,0.0,1,0.037037037037037035,1,2,25.0,1,50.0,2,0.0,0,25.0,1,4767,11149,11382,19,11149,0,0,0,15180,5857,590,251,58,2,0,0,0,66,53,11,43.15124816446402,4767,3180,0.3775959723096287,0.3356408642752255,15.565345080763581,88.88888888888889,81.12020138451857,ModelParams,v3,1779490854.7407393,15180.0,100.0,0.0,0.0,0.0,0.0,2894.0,49.41096124295715,2963.0,50.58903875704286,0.0,0.0,155.0,26.27118644067797,271.0,45.932203389830505,164.0,27.796610169491526,0.0,0.0,251.0,100.0,0.0,0.0,0.0,0.0,0.0,0.0,2.0,100.0,0.0,0.0,25.0,43.103448275862064,33.0,56.896551724137936
1,2074,2666,4,0.15003750937734434,0.18148820326678766,4,4,100.0,0,19,25.393848462115532,74.60615153788447,0.0,1,0.037509377344336084,1,2,25.0,1,50.0,2,0.0,0,25.0,1,4702,11186,11484,19,11186,0,0,0,15238,5872,591,251,58,2,0,0,0,67,54,11,43.08145470012761,4702,3141,0.38281582305401957,0.340280731603573,15.504040833687792,88.88888888888889,81.07188430455126,ModelParams,v3,1779490854.7407393,15238.0,100.0,0.0,0.0,0.0,0.0,2904.0,49.4550408719346,2968.0,50.54495912806539,0.0,0.0,155.0,26.22673434856176,272.0,46.02368866328257,164.0,27.749576988155667,0.0,0.0,251.0,100.0,0.0,0.0,0.0,0.0,0.0,0.0,2.0,100.0,0.0,0.0,25.0,43.103448275862064,33.0,56.896551724137936
1,2075,2638,4,0.1516300227445034,0.18564356435643564,4,4,100.0,0,19,25.360121304018197,74.6398786959818,0.0,1,0.03790750568612585,1,2,25.0,1,50.0,2,0.0,0,25.0,1,4638,11227,11589,19,11227,0,0,0,15314,5897,593,253,59,2,0,0,0,67,54,11,43.03406640793445,4638,3094,0.3665373005605865,0.301854247520483,15.4376886589047,82.35294117647058,81.09098749460975,ModelParams,v3,1779490854.7407393,15314.0,100.0,0.0,0.0,0.0,0.0,2917.0,49.465830083093095,2980.0,50.534169916906905,0.0,0.0,155.0,26.138279932546375,273.0,46.0370994940978,165.0,27.82462057335582,0.0,0.0,253.0,100.0,0.0,0.0,0.0,0.0,0.0,0.0,2.0,100.0,0.0,0.0,25.0,42.3728813559322,34.0,57.6271186440678
1,2076,2599,4,0.15390534821085033,0.18975332068311196,4,4,100.0,0,19,25.27895344363217,74.72104655636784,0.0,1,0.038476337052712584,1,2,25.0,1,50.0,2,0.0,0,25.0,1,4596,11274,11678,19,11274,0,0,0,15374,5912,595,253,59,2,0,0,0,68,55,11,43.01610095735422,4596,3064,0.3698868581375109,0.30461270670147955,15.469973890339425,82.35294117647058,81.11401218450827,ModelParams,v3,1779490854.7407393,15374.0,100.0,0.0,0.0,0.0,0.0,2928.0,49.52638700947226,2984.0,50.47361299052774,0.0,0.0,156.0,26.218487394957986,273.0,45.88235294117647,166.0,27.899159663865547,0.0,0.0,253.0,100.0,0.0,0.0,0.0,0.0,0.0,0.0,2.0,100.0,0.0,0.0,25.0,42.3728813559322,34.0,57.6271186440678
1,2077,2582,4,0.1549186676994578,0.19083969465648853,4,4,100.0,0,19,25.639039504260264,74.36096049573973,0.0,1,0.03872966692486445,1,2,25.0,1,50.0,2,0.0,0,25.0,1,4542,11321,11779,19,11321,0,0,0,15447,5936,596,253,59,2,0,0,0,68,55,11,42.823425803610746,4542,3038,0.3522677234698371,0.28621752531924266,15.49977983267283,81.25,80.88947600176134,ModelParams,v3,1779490854.7407393,15447.0,100.0,0.0,0.0,0.0,0.0,2945.0,49.61253369272237,2991.0,50.38746630727763,0.0,0.0,156.0,26.174496644295303,273.0,45.80536912751678,167.0,28.02013422818792,0.0,0.0,253.0,100.0,0.0,0.0,0.0,0.0,0.0,0.0,2.0,100.0,0.0,0.0,25.0,42.3728813559322,34.0,57.6271186440678
1,2078,2561,4,0.15618898867629832,0.19292604501607716,4,4,100.0,0,19,26.31784459195627,73.68215540804374,0.0,1,0.03904724716907458,1,2,25.0,1,50.0,2,0.0,0,25.0,1,4508,11373,11865,19,11373,0,0,0,15508,5963,598,253,59,2,0,0,0,71,57,11,42.74023957409051,4508,3021,0.354924578527063,0.2883762200532387,15.4170363797693,81.25,80.65661047027507,ModelParams,v3,1779490854.7407393,15508.0,100.0,0.0,0.0,0.0,0.0,2959.0,49.62267315109844,3004.0,50.37732684890156,0.0,0.0,157.0,26.254180602006688,274.0,45.819397993311036,167.0,27.926421404682273,0.0,0.0,253.0,100.0,0.0,0.0,0.0,0.0,0.0,0.0,2.0,100.0,0.0,0.0,25.0,42.3728813559322,34.0,57.6271186440678
1,2079,2531,4,0.1580403002765705,0.19569471624266144,4,4,100.0,0,20,26.27419992097985,73.72580007902016,0.0,1,0.03951007506914263,1,2,25.0,1,50.0,2,0.0,0,25.0,1,4452,11420,11968,20,11420,0,0,0,15596,5995,599,253,59,2,0,0,0,72,58,11,42.58041329739443,4452,2985,0.3369272237196766,0.2695417789757413,15.40880503144654,80.0,80.50314465408806,ModelParams,v3,1779490854.7407393,15596.0,100.0,0.0,0.0,0.0,0.0,2973.0,49.591326105087575,3022.0,50.408673894912425,0.0,0.0,157.0,26.21035058430718,274.0,45.742904841402336,168.0,28.046744574290482,0.0,0.0,253.0,100.0,0.0,0.0,0.0,0.0,0.0,0.0,2.0,100.0,0.0,0.0,25.0,42.3728813559322,34.0,57.6271186440678
1,2080,2520,5,0.1984126984126984,0.19736842105263158,5,5,100.0,0,20,25.912698412698415,74.0873015873016,0.0,1,0.03968253968253968,2,2,20.0,1,40.0,2,0.0,0,40.0,2,4407,11462,12055,20,11462,0,0,0,15659,6012,601,253,59,2,0,0,0,72,58,11,42.59473564783299,4407,2948,0.36305877013841614,0.2949852507374631,15.384615384615385,81.25,80.57635579759473,ModelParams,v3,1779490854.7407393,15659.0,100.0,0.0,0.0,0.0,0.0,2980.0,49.56753160345975,3032.0,50.43246839654025,0.0,0.0,157.0,26.12312811980033,275.0,45.75707154742096,169.0,28.1198003327787,0.0,0.0,253.0,100.0,0.0,0.0,0.0,0.0,0.0,0.0,2.0,100.0,0.0,0.0,25.0,42.3728813559322,34.0,57.6271186440678
1,2081,2500,5,0.2,0.19933554817275745,5,5,100.0,0,20,26.36,73.64,0.0,1,0.04,2,2,20.0,1,40.0,2,0.0,0,40.0,2,4373,11505,12132,20,11505,0,0,0,15713,6033,601,253,59,2,0,0,0,72,58,11,42.62222730391036,4373,2926,0.3430139492339355,0.27441115938714844,15.229819345986737,80.0,80.47107249028127,ModelParams,v3,1779490854.7407393,15713.0,100.0,0.0,0.0,0.0,0.0,2989.0,49.544173711254764,3044.0,50.45582628874523,0.0,0.0,157.0,26.12312811980033,275.0,45.75707154742096,169.0,28.1198003327787,0.0,0.0,253.0,100.0,0.0,0.0,0.0,0.0,0.0,0.0,2.0,100.0,0.0,0.0,25.0,42.3728813559322,34.0,57.6271186440678
1,2082,2478,5,0.20177562550443903,0.20202020202020202,5,5,100.0,0,20,26.27118644067797,73.72881355932203,0.0,1,0.04035512510088781,2,2,20.0,1,40.0,2,0.0,0,40.0,2,4317,11541,12224,20,11541,0,0,0,15753,6049,602,253,59,2,0,0,0,73,59,11,42.573778086634235,4317,2886,0.3242992819087329,0.27797081306462823,15.033588139911977,85.71428571428571,80.3104007412555,ModelParams,v3,1779490854.7407393,15753.0,100.0,0.0,0.0,0.0,0.0,2994.0,49.495784427178044,3055.0,50.504215572821956,0.0,0.0,157.0,26.079734219269103,276.0,45.84717607973422,169.0,28.07308970099668,0.0,0.0,253.0,100.0,0.0,0.0,0.0,0.0,0.0,0.0,2.0,100.0,0.0,0.0,25.0,42.3728813559322,34.0,57.6271186440678
1,2083,2451,5,0.2039983680130559,0.2044989775051125,5,5,100.0,0,20,26.96858425132599,73.03141574867401,0.0,1,0.04079967360261118,2,2,20.0,1,40.0,2,0.0,0,40.0,2,4282,11588,12306,20,11588,0,0,0,15812,6074,604,254,59,2,0,0,0,73,59,11,42.56048575432041,4282,2861,0.3269500233535731,0.2802428771602055,14.969640354974311,85.71428571428571,80.33629145259225,ModelParams,v3,1779490854.7407393,15812.0,100.0,0.0,0.0,0.0,0.0,3005.0,49.47316430688179,3069.0,50.52683569311821,0.0,0.0,157.0,25.99337748344371,278.0,46.026490066225165,169.0,27.980132450331123,0.0,0.0,254.0,100.0,0.0,0.0,0.0,0.0,0.0,0.0,2.0,100.0,0.0,0.0,25.0,42.3728813559322,34.0,57.6271186440678
1,2084,2417,5,0.2068680182043856,0.20905923344947736,5,5,100.0,0,20,27.09971038477451,72.90028961522549,0.0,1,0.04137360364087712,2,2,20.0,1,40.0,2,0.0,0,40.0,2,4232,11622,12390,20,11622,0,0,0,15868,6087,605,254,59,2,0,0,0,73,59,11,42.723298676748584,4232,2820,0.33081285444234404,0.30718336483931946,14.839319470699433,92.85714285714286,80.62381852551985,ModelParams,v3,1779490854.7407393,15868.0,100.0,0.0,0.0,0.0,0.0,3009.0,49.43321833415475,3078.0,50.56678166584524,0.0,0.0,157.0,25.950413223140494,279.0,46.11570247933884,169.0,27.933884297520663,0.0,0.0,254.0,100.0,0.0,0.0,0.0,0.0,0.0,0.0,2.0,100.0,0.0,0.0,25.0,42.3728813559322,34.0,57.6271186440678
1,2085,2402,6,0.2497918401332223,0.21067415730337077,6,6,100.0,0,20,26.269775187343882,73.73022481265612,0.0,1,0.041631973355537054,2,3,16.666666666666664,1,50.0,3,0.0,0,33.33333333333333,2,4189,11652,12463,20,11652,0,0,0,15891,6092,607,254,59,2,0,0,0,76,60,12,42.92671281928861,4189,2792,0.31033659584626405,0.334208641680592,14.729052279780378,107.6923076923077,80.71138696586297,ModelParams,v3,1779490854.7407393,15891.0,100.0,0.0,0.0,0.0,0.0,3012.0,49.44189100459619,3080.0,50.558108995403806,0.0,0.0,157.0,25.86490939044481,281.0,46.29324546952224,169.0,27.84184514003295,0.0,0.0,254.0,100.0,0.0,0.0,0.0,0.0,0.0,0.0,2.0,100.0,0.0,0.0,25.0,42.3728813559322,34.0,57.6271186440678
1,2086,2373,6,0.2528445006321113,0.211864406779661,6,6,100.0,0,20,26.000842815002105,73.99915718499788,0.0,1,0.04214075010535188,2,3,16.666666666666664,1,50.0,3,0.0,0,33.33333333333333,2,4138,11679,12541,20,11679,0,0,0,15927,6108,608,254,59,2,0,0,0,76,60,12,43.10633156114065,4138,2758,0.3141614306428226,0.3383276945384244,14.57225712904785,107.6923076923077,80.88448525857902,ModelParams,v3,1779490854.7407393,15927.0,100.0,0.0,0.0,0.0,0.0,3019.0,49.42698100851343,3089.0,50.57301899148657,0.0,0.0,157.0,25.822368421052634,281.0,46.21710526315789,170.0,27.960526315789476,0.0,0.0,254.0,100.0,0.0,0.0,0.0,0.0,0.0,0.0,2.0,100.0,0.0,0.0,25.0,42.3728813559322,34.0,57.6271186440678
1,2087,2338,6,0.2566295979469632,0.21691973969631237,6,6,100.0,0,20,25.91958939264328,74.08041060735671,0.0,1,0.0427715996578272,2,3,16.666666666666664,1,50.0,3,0.0,0,33.33333333333333,2,4106,11715,12609,20,11715,0,0,0,15980,6126,608,254,59,2,0,0,0,76,60,12,43.22795908426693,4106,2728,0.2922552362396493,0.31660983925962005,14.490988796882611,108.33333333333333,80.7598636142231,ModelParams,v3,1779490854.7407393,15980.0,100.0,0.0,0.0,0.0,0.0,3027.0,49.41234084231146,3099.0,50.587659157688535,0.0,0.0,157.0,25.822368421052634,281.0,46.21710526315789,170.0,27.960526315789476,0.0,0.0,254.0,100.0,0.0,0.0,0.0,0.0,0.0,0.0,2.0,100.0,0.0,0.0,25.0,42.3728813559322,34.0,57.6271186440678
1,2088,2328,6,0.25773195876288657,0.21865889212827988,6,6,100.0,0,20,25.816151202749143,74.18384879725086,0.0,1,0.0429553264604811,2,3,16.666666666666664,1,50.0,3,0.0,0,33.33333333333333,2,4074,11757,12683,20,11757,0,0,0,16032,6142,610,254,59,2,0,0,0,76,60,12,43.33308787432499,4074,2694,0.29455081001472755,0.31909671084928815,14.629356897398136,108.33333333333333,80.51055473735886,ModelParams,v3,1779490854.7407393,16032.0,100.0,0.0,0.0,0.0,0.0,3037.0,49.446434386193424,3105.0,50.55356561380657,0.0,0.0,157.0,25.73770491803279,281.0,46.0655737704918,172.0,28.196721311475407,0.0,0.0,254.0,100.0,0.0,0.0,0.0,0.0,0.0,0.0,2.0,100.0,0.0,0.0,25.0,42.3728813559322,34.0,57.6271186440678
1,2089,2302,6,0.26064291920069504,0.22075055187637968,6,6,100.0,0,20,26.151172893136405,73.8488271068636,0.0,1,0.043440486533449174,2,3,16.666666666666664,1,50.0,3,0.0,0,33.33333333333333,2,4041,11794,12753,20,11794,0,0,0,16108,6165,610,254,59,2,0,0,0,76,60,12,43.433061123484286,4041,2664,0.27220984904726553,0.2969561989606533,14.402375649591686,109.09090909090908,80.64835436773076,ModelParams,v3,1779490854.7407393,16108.0,100.0,0.0,0.0,0.0,0.0,3046.0,49.40794809407948,3119.0,50.59205190592052,0.0,0.0,157.0,25.73770491803279,281.0,46.0655737704918,172.0,28.196721311475407,0.0,0.0,254.0,100.0,0.0,0.0,0.0,0.0,0.0,0.0,2.0,100.0,0.0,0.0,25.0,42.3728813559322,34.0,57.6271186440678
1,2090,2287,6,0.2623524267599475,0.2223869532987398,6,6,100.0,0,20,26.453869698294707,73.54613030170529,0.0,1,0.043725404459991256,2,3,16.666666666666664,1,50.0,3,0.0,0,33.33333333333333,2,3993,11838,12845,20,11838,0,0,0,16159,6185,612,254,59,2,0,0,0,77,61,12,43.26897069872277,3993,2635,0.27548209366391185,0.27548209366391185,14.450288004007012,100.0,80.34059604307538,ModelParams,v3,1779490854.7407393,16159.0,100.0,0.0,0.0,0.0,0.0,3056.0,49.409862570735655,3129.0,50.590137429264345,0.0,0.0,158.0,25.816993464052292,281.0,45.91503267973856,173.0,28.26797385620915,0.0,0.0,254.0,100.0,0.0,0.0,0.0,0.0,0.0,0.0,2.0,100.0,0.0,0.0,25.0,42.3728813559322,34.0,57.6271186440678
1,2091,2253,6,0.2663115845539281,0.22727272727272727,6,6,100.0,0,20,26.142920550377273,73.85707944962272,0.0,1,0.044385264092321346,2,3,16.666666666666664,1,50.0,3,0.0,0,33.33333333333333,2,3956,11870,12914,20,11870,0,0,0,16208,6198,613,254,59,2,0,0,0,78,61,12,43.395096056622855,3956,2597,0.2780586450960566,0.2527805864509606,14.433771486349848,90.9090909090909,80.56117290192113,ModelParams,v3,1779490854.7407393,16208.0,100.0,0.0,0.0,0.0,0.0,3064.0,49.435301710229105,3134.0,50.564698289770895,0.0,0.0,159.0,25.938009787928223,281.0,45.840130505709624,173.0,28.221859706362153,0.0,0.0,254.0,100.0,0.0,0.0,0.0,0.0,0.0,0.0,2.0,100.0,0.0,0.0,25.0,42.3728813559322,34.0,57.6271186440678
1,2092,2233,6,0.2686968204209583,0.22796352583586624,6,6,100.0,0,20,25.929243170622478,74.07075682937752,0.0,1,0.044782803403493054,2,3,16.666666666666664,1,50.0,3,0.0,0,33.33333333333333,2,3919,11908,12989,20,11908,0,0,0,16258,6204,615,254,60,2,0,0,0,80,63,12,43.452666496555246,3919,2566,0.28068384792038786,0.25516713447307987,14.391426384281706,90.9090909090909,80.58178106659862,ModelParams,v3,1779490854.7407393,16258.0,100.0,0.0,0.0,0.0,0.0,3068.0,49.45196647324307,3136.0,50.54803352675693,0.0,0.0,159.0,25.853658536585368,283.0,46.016260162601625,173.0,28.13008130081301,0.0,0.0,254.0,100.0,0.0,0.0,0.0,0.0,0.0,0.0,2.0,100.0,0.0,0.0,26.0,43.333333333333336,34.0,56.666666666666664
1,2093,2224,6,0.2697841726618705,0.228310502283105,6,6,100.0,0,20,25.674460431654676,74.32553956834532,0.0,1,0.04496402877697842,2,3,16.666666666666664,1,50.0,3,0.0,0,33.33333333333333,2,3888,11951,13063,20,11951,0,0,0,16307,6226,616,254,60,2,0,0,0,81,64,12,43.38348765432099,3888,2536,0.2829218106995885,0.257201646090535,14.351851851851851,90.9090909090909,80.27263374485597,ModelParams,v3,1779490854.7407393,16307.0,100.0,0.0,0.0,0.0,0.0,3078.0,49.43784131063283,3148.0,50.562158689367166,0.0,0.0,159.0,25.811688311688314,284.0,46.103896103896105,173.0,28.084415584415584,0.0,0.0,254.0,100.0,0.0,0.0,0.0,0.0,0.0,0.0,2.0,100.0,0.0,0.0,26.0,43.333333333333336,34.0,56.666666666666664
1,2094,2194,6,0.27347310847766637,0.23148148148148145,6,6,100.0,0,20,25.159525979945307,74.8404740200547,0.0,1,0.04557885141294439,2,3,16.666666666666664,1,50.0,3,0.0,0,33.33333333333333,2,3852,11981,13129,20,11981,0,0,0,16333,6249,616,254,60,2,0,0,0,81,64,12,43.561007268951194,3852,2509,0.28556593977154726,0.25960539979231567,14.252336448598129,90.9090909090909,80.4257528556594,ModelParams,v3,1779490854.7407393,16333.0,100.0,0.0,0.0,0.0,0.0,3090.0,49.44791166586654,3159.0,50.55208833413346,0.0,0.0,159.0,25.811688311688314,284.0,46.103896103896105,173.0,28.084415584415584,0.0,0.0,254.0,100.0,0.0,0.0,0.0,0.0,0.0,0.0,2.0,100.0,0.0,0.0,26.0,43.333333333333336,34.0,56.666666666666664
1,2095,2159,5,0.2315886984715146,0.15698587127158556,5,5,100.0,0,20,24.91894395553497,75.08105604446503,0.0,1,0.04631773969430292,2,2,20.0,1,40.0,2,0.0,0,40.0,2,3803,12008,13205,20,12008,0,0,0,16372,6261,616,254,60,2,0,0,0,81,64,12,43.701025506179334,3803,2471,0.28924533263213253,0.2629503023928477,14.225611359453064,90.9090909090909,80.72574283460426,ModelParams,v3,1779490854.7407393,16372.0,100.0,0.0,0.0,0.0,0.0,3096.0,49.4489698131289,3165.0,50.5510301868711,0.0,0.0,159.0,25.811688311688314,284.0,46.103896103896105,173.0,28.084415584415584,0.0,0.0,254.0,100.0,0.0,0.0,0.0,0.0,0.0,0.0,2.0,100.0,0.0,0.0,26.0,43.333333333333336,34.0,56.666666666666664
1,2096,2150,4,0.18604651162790697,0.15772870662460567,4,4,100.0,0,20,24.976744186046513,75.0232558139535,0.0,1,0.046511627906976744,2,1,25.0,1,25.0,1,0.0,0,50.0,2,3750,12048,13298,20,12048,0,0,0,16432,6275,616,256,60,2,0,0,0,81,64,12,43.47893333333333,3750,2419,0.29333333333333333,0.26666666666666666,14.08,90.9090909090909,80.66666666666666,ModelParams,v3,1779490854.7407393,16432.0,100.0,0.0,0.0,0.0,0.0,3103.0,49.45019920318725,3172.0,50.54980079681275,0.0,0.0,159.0,25.811688311688314,284.0,46.103896103896105,173.0,28.084415584415584,0.0,0.0,256.0,100.0,0.0,0.0,0.0,0.0,0.0,0.0,2.0,100.0,0.0,0.0,26.0,43.333333333333336,34.0,56.666666666666664
1,2097,2114,5,0.23651844843897823,0.24057738572574178,5,5,100.0,0,21,25.165562913907287,74.83443708609272,0.0,2,0.0946073793755913,2,1,40.0,2,20.0,1,0.0,0,40.0,2,3694,12081,13387,21,12081,0,0,0,16474,6285,617,256,60,2,0,0,0,82,65,12,43.37736870600975,3694,2369,0.2977801840822956,0.2977801840822956,13.995668651867893,100.0,80.91499729290742,ModelParams,v3,1779490854.7407393,16474.0,100.0,0.0,0.0,0.0,0.0,3109.0,49.46698488464598,3176.0,50.53301511535402,0.0,0.0,159.0,25.76985413290113,284.0,46.029173419773095,174.0,28.200972447325768,0.0,0.0,256.0,100.0,0.0,0.0,0.0,0.0,0.0,0.0,2.0,100.0,0.0,0.0,26.0,43.333333333333336,34.0,56.666666666666664
1,2098,2092,5,0.23900573613766732,0.24193548387096775,5,5,100.0,0,21,24.808795411089864,75.19120458891013,0.0,2,0.09560229445506692,2,1,40.0,2,20.0,1,0.0,0,40.0,2,3652,12115,13463,21,12115,0,0,0,16502,6291,617,256,60,2,0,0,0,82,65,12,43.35186199342826,3652,2338,0.30120481927710846,0.30120481927710846,13.800657174151151,100.0,81.05147864184009,ModelParams,v3,1779490854.7407393,16502.0,100.0,0.0,0.0,0.0,0.0,3112.0,49.46749324431728,3179.0,50.532506755682725,0.0,0.0,159.0,25.76985413290113,284.0,46.029173419773095,174.0,28.200972447325768,0.0,0.0,256.0,100.0,0.0,0.0,0.0,0.0,0.0,0.0,2.0,100.0,0.0,0.0,26.0,43.333333333333336,34.0,56.666666666666664
1,2099,2062,6,0.2909796314258002,0.24469820554649263,6,6,100.0,0,21,25.315227934044614,74.68477206595539,0.0,2,0.09699321047526674,2,2,33.33333333333333,2,33.33333333333333,2,0.0,0,33.33333333333333,2,3610,12154,13544,21,12154,0,0,0,16553,6308,617,256,60,2,0,0,0,82,65,12,43.274792243767315,3610,2300,0.2770083102493075,0.30470914127423826,13.822714681440443,110.00000000000001,80.99722991689751,ModelParams,v3,1779490854.7407393,16553.0,100.0,0.0,0.0,0.0,0.0,3122.0,49.49270767279645,3186.0,50.507292327203544,0.0,0.0,159.0,25.76985413290113,284.0,46.029173419773095,174.0,28.200972447325768,0.0,0.0,256.0,100.0,0.0,0.0,0.0,0.0,0.0,0.0,2.0,100.0,0.0,0.0,26.0,43.333333333333336,34.0,56.666666666666664
1,2100,2033,7,0.3443187407771766,0.3308519437551696,7,7,100.0,0,21,25.62715199212986,74.37284800787015,0.0,2,0.0983767830791933,2,3,28.57142857142857,2,42.857142857142854,3,0.0,0,28.57142857142857,2,3544,12181,13637,21,12181,0,0,0,16610,6325,617,256,60,2,0,0,0,82,65,12,43.10919864559819,3544,2246,0.28216704288939054,0.33860045146726864,13.939051918735892,120.0,80.98194130925508,ModelParams,v3,1779490854.7407393,16610.0,100.0,0.0,0.0,0.0,0.0,3130.0,49.48616600790513,3195.0,50.51383399209486,0.0,0.0,159.0,25.76985413290113,284.0,46.029173419773095,174.0,28.200972447325768,0.0,0.0,256.0,100.0,0.0,0.0,0.0,0.0,0.0,0.0,2.0,100.0,0.0,0.0,26.0,43.333333333333336,34.0,56.666666666666664
1,2101,2040,7,0.3431372549019608,0.33222591362126247,7,7,100.0,0,21,26.27450980392157,73.72549019607844,0.0,2,0.09803921568627451,2,3,28.57142857142857,2,42.857142857142854,3,0.0,0,28.57142857142857,2,3511,12223,13712,21,12223,0,0,0,16663,6342,618,257,60,2,0,0,0,83,66,12,42.916263172885216,3511,2208,0.28481913984619767,0.3417829678154372,13.870692110509827,120.0,80.66078040444317,ModelParams,v3,1779490854.7407393,16663.0,100.0,0.0,0.0,0.0,0.0,3139.0,49.49542730999685,3203.0,50.50457269000316,0.0,0.0,160.0,25.88996763754045,284.0,45.9546925566343,174.0,28.155339805825243,0.0,0.0,257.0,100.0,0.0,0.0,0.0,0.0,0.0,0.0,2.0,100.0,0.0,0.0,26.0,43.333333333333336,34.0,56.666666666666664
1,2102,2019,7,0.3467062902426944,0.33557046979865773,7,7,100.0,0,21,26.74591381872214,73.25408618127786,0.0,2,0.09905894006934125,2,3,28.57142857142857,2,42.857142857142854,3,0.0,0,28.57142857142857,2,3476,12260,13784,21,12260,0,0,0,16708,6353,618,257,60,2,0,0,0,83,66,12,42.778481012658226,3476,2170,0.28768699654775604,0.34522439585730724,13.722669735327964,120.0,80.69620253164557,ModelParams,v3,1779490854.7407393,16708.0,100.0,0.0,0.0,0.0,0.0,3143.0,49.47269006768456,3210.0,50.52730993231545,0.0,0.0,160.0,25.88996763754045,284.0,45.9546925566343,174.0,28.155339805825243,0.0,0.0,257.0,100.0,0.0,0.0,0.0,0.0,0.0,0.0,2.0,100.0,0.0,0.0,26.0,43.333333333333336,34.0,56.666666666666664
1,2103,2002,7,0.34965034965034963,0.33726812816188867,7,7,100.0,0,21,26.323676323676327,73.67632367632368,0.0,2,0.0999000999000999,2,3,28.57142857142857,2,42.857142857142854,3,0.0,0,28.57142857142857,2,3429,12289,13860,21,12289,0,0,0,16740,6365,619,257,60,2,0,0,0,83,66,12,42.655293088363955,3429,2127,0.2916302128900554,0.379119276757072,13.706620005832605,130.0,80.66491688538933,ModelParams,v3,1779490854.7407393,16740.0,100.0,0.0,0.0,0.0,0.0,3148.0,49.457973291437554,3217.0,50.542026708562446,0.0,0.0,160.0,25.848142164781905,284.0,45.880452342487885,175.0,28.27140549273021,0.0,0.0,257.0,100.0,0.0,0.0,0.0,0.0,0.0,0.0,2.0,100.0,0.0,0.0,26.0,43.333333333333336,34.0,56.666666666666664
1,2104,1974,7,0.3546099290780142,0.3412969283276451,7,7,100.0,0,21,26.342451874366766,73.65754812563323,0.0,2,0.10131712259371835,2,3,28.57142857142857,2,42.857142857142854,3,0.0,0,28.57142857142857,2,3384,12319,13935,21,12319,0,0,0,16776,6376,619,257,60,2,0,0,0,83,66,12,42.5774231678487,3384,2090,0.29550827423167847,0.3546099290780142,13.504728132387706,120.0,80.43735224586288,ModelParams,v3,1779490854.7407393,16776.0,100.0,0.0,0.0,0.0,0.0,3154.0,49.466750313676286,3222.0,50.533249686323714,0.0,0.0,160.0,25.848142164781905,284.0,45.880452342487885,175.0,28.27140549273021,0.0,0.0,257.0,100.0,0.0,0.0,0.0,0.0,0.0,0.0,2.0,100.0,0.0,0.0,26.0,43.333333333333336,34.0,56.666666666666664
1,2105,1969,7,0.35551041137633316,0.33984706881903143,7,7,100.0,0,21,26.409344845099035,73.59065515490096,0.0,2,0.10157440325038089,2,3,28.57142857142857,2,42.857142857142854,3,0.0,0,28.57142857142857,2,3351,12361,14010,21,12361,0,0,0,16807,6387,619,257,60,2,0,0,0,83,66,12,42.38824231572665,3351,2062,0.26857654431512984,0.3282602208296031,13.458669054013727,122.22222222222223,79.8866010146225,ModelParams,v3,1779490854.7407393,16807.0,100.0,0.0,0.0,0.0,0.0,3160.0,49.47549710349147,3227.0,50.52450289650853,0.0,0.0,160.0,25.848142164781905,284.0,45.880452342487885,175.0,28.27140549273021,0.0,0.0,257.0,100.0,0.0,0.0,0.0,0.0,0.0,0.0,2.0,100.0,0.0,0.0,26.0,43.333333333333336,34.0,56.666666666666664
1,2106,1947,7,0.35952747817154596,0.34275921165381323,7,7,100.0,0,21,26.656394453004623,73.34360554699538,0.0,2,0.1027221366204417,2,3,28.57142857142857,2,42.857142857142854,3,0.0,0,28.57142857142857,2,3324,12392,14068,21,12392,0,0,0,16851,6404,621,258,60,2,0,0,0,83,66,12,42.460589651022865,3324,2042,0.2707581227436823,0.33092659446450057,13.567990373044525,122.22222222222223,79.63297232250301,ModelParams,v3,1779490854.7407393,16851.0,100.0,0.0,0.0,0.0,0.0,3166.0,49.43785134291068,3238.0,50.562148657089324,0.0,0.0,160.0,25.76489533011272,285.0,45.893719806763286,176.0,28.34138486312399,0.0,0.0,258.0,100.0,0.0,0.0,0.0,0.0,0.0,0.0,2.0,100.0,0.0,0.0,26.0,43.333333333333336,34.0,56.666666666666664
1,2107,1918,7,0.36496350364963503,0.3472222222222222,7,7,100.0,0,21,26.59019812304484,73.40980187695516,0.0,2,0.10427528675703858,2,3,28.57142857142857,2,42.857142857142854,3,0.0,0,28.57142857142857,2,3278,12422,14144,21,12422,0,0,0,16901,6420,622,258,60,2,0,0,0,83,66,12,42.406955460646735,3278,2005,0.2745576571079927,0.33557046979865773,13.514338010982307,122.22222222222223,79.71323978035387,ModelParams,v3,1779490854.7407393,16901.0,100.0,0.0,0.0,0.0,0.0,3177.0,49.48598130841121,3243.0,50.51401869158878,0.0,0.0,160.0,25.723472668810288,286.0,45.98070739549839,176.0,28.29581993569132,0.0,0.0,258.0,100.0,0.0,0.0,0.0,0.0,0.0,0.0,2.0,100.0,0.0,0.0,26.0,43.333333333333336,34.0,56.666666666666664
1,2108,1901,7,0.3682272488164124,0.3508771929824561,7,7,100.0,0,21,26.09153077327722,73.90846922672277,0.0,2,0.10520778537611783,2,3,28.57142857142857,2,42.857142857142854,3,0.0,0,28.57142857142857,2,3237,12451,14214,21,12451,0,0,0,16925,6424,623,258,60,2,0,0,0,84,67,12,42.29935125115848,3237,1973,0.27803521779425394,0.3398208217485326,13.592832869941304,122.22222222222223,79.67253629904232,ModelParams,v3,1779490854.7407393,16925.0,100.0,0.0,0.0,0.0,0.0,3180.0,49.50186799501868,3244.0,50.49813200498132,0.0,0.0,160.0,25.68218298555377,287.0,46.06741573033708,176.0,28.25040128410915,0.0,0.0,258.0,100.0,0.0,0.0,0.0,0.0,0.0,0.0,2.0,100.0,0.0,0.0,26.0,43.333333333333336,34.0,56.666666666666664
1,2109,1883,7,0.37174721189591076,0.353045013239188,7,7,100.0,0,21,26.340945300053107,73.65905469994689,0.0,2,0.10621348911311736,2,3,28.57142857142857,2,42.857142857142854,3,0.0,0,28.57142857142857,2,3204,12481,14277,21,12481,0,0,0,16962,6437,623,258,60,2,0,0,0,84,67,12,42.26279650436954,3204,1949,0.2808988764044944,0.3121098626716604,13.545568039950062,111.11111111111111,79.83770287141073,ModelParams,v3,1779490854.7407393,16962.0,100.0,0.0,0.0,0.0,0.0,3187.0,49.51064160323132,3250.0,50.48935839676868,0.0,0.0,160.0,25.68218298555377,287.0,46.06741573033708,176.0,28.25040128410915,0.0,0.0,258.0,100.0,0.0,0.0,0.0,0.0,0.0,0.0,2.0,100.0,0.0,0.0,26.0,43.333333333333336,34.0,56.666666666666664
1,2110,1864,8,0.4291845493562232,0.35555555555555557,8,8,100.0,0,21,26.77038626609442,73.22961373390558,0.0,2,0.1072961373390558,3,3,25.0,2,37.5,3,0.0,0,37.5,3,3164,12511,14347,21,12511,0,0,0,17004,6456,625,258,60,2,0,0,0,84,67,12,42.16908975979772,3164,1917,0.28445006321112515,0.347661188369153,13.369152970922881,122.22222222222223,79.67762326169405,ModelParams,v3,1779490854.7407393,17004.0,100.0,0.0,0.0,0.0,0.0,3194.0,49.473358116480796,3262.0,50.526641883519204,0.0,0.0,161.0,25.759999999999998,287.0,45.92,177.0,28.32,0.0,0.0,258.0,100.0,0.0,0.0,0.0,0.0,0.0,0.0,2.0,100.0,0.0,0.0,26.0,43.333333333333336,34.0,56.666666666666664
1,2111,1824,8,0.43859649122807015,0.36133694670280037,8,8,100.0,0,21,26.37061403508772,73.62938596491229,0.0,2,0.10964912280701754,3,3,25.0,2,37.5,3,0.0,0,37.5,3,3131,12533,14402,21,12533,0,0,0,17038,6471,625,258,60,2,0,0,0,84,67,12,42.436921111465985,3131,1892,0.28744809964867457,0.31938677738741617,13.158735228361545,111.11111111111111,79.97444905780901,ModelParams,v3,1779490854.7407393,17038.0,100.0,0.0,0.0,0.0,0.0,3201.0,49.46685210941122,3270.0,50.53314789058878,0.0,0.0,161.0,25.759999999999998,287.0,45.92,177.0,28.32,0.0,0.0,258.0,100.0,0.0,0.0,0.0,0.0,0.0,0.0,2.0,100.0,0.0,0.0,26.0,43.333333333333336,34.0,56.666666666666664
1,2112,1801,8,0.44419766796224325,0.27497708524289644,8,8,100.0,0,21,25.985563575791225,74.01443642420877,0.0,1,0.055524708495280406,4,3,12.5,1,37.5,3,0.0,0,50.0,4,3080,12554,14474,21,12554,0,0,0,17064,6483,626,258,60,2,0,0,0,84,67,12,42.40681818181818,3080,1859,0.2922077922077922,0.35714285714285715,13.311688311688311,122.22222222222223,80.29220779220779,ModelParams,v3,1779490854.7407393,17064.0,100.0,0.0,0.0,0.0,0.0,3206.0,49.452414005861485,3277.0,50.54758599413851,0.0,0.0,161.0,25.718849840255594,288.0,46.00638977635783,177.0,28.27476038338658,0.0,0.0,258.0,100.0,0.0,0.0,0.0,0.0,0.0,0.0,2.0,100.0,0.0,0.0,26.0,43.333333333333336,34.0,56.666666666666664
1,2113,1790,8,0.44692737430167595,0.27829313543599254,8,8,100.0,0,21,25.81005586592179,74.18994413407822,0.0,1,0.055865921787709494,4,3,12.5,1,37.5,3,0.0,0,50.0,4,3060,12582,14522,21,12582,0,0,0,17094,6492,626,258,60,2,0,0,0,84,67,12,42.51993464052288,3060,1833,0.29411764705882354,0.35947712418300654,13.202614379084968,122.22222222222223,80.3921568627451,ModelParams,v3,1779490854.7407393,17094.0,100.0,0.0,0.0,0.0,0.0,3210.0,49.44547134935305,3282.0,50.554528650646944,0.0,0.0,161.0,25.718849840255594,288.0,46.00638977635783,177.0,28.27476038338658,0.0,0.0,258.0,100.0,0.0,0.0,0.0,0.0,0.0,0.0,2.0,100.0,0.0,0.0,26.0,43.333333333333336,34.0,56.666666666666664
1,2114,1767,8,0.4527447651386531,0.2806361085126286,8,8,100.0,0,21,25.5800792303339,74.4199207696661,0.0,1,0.056593095642331635,4,3,12.5,1,37.5,3,0.0,0,50.0,4,3038,12610,14572,21,12610,0,0,0,17130,6498,626,259,60,2,0,0,0,84,67,12,42.58953258722844,3038,1822,0.29624753127057274,0.3620803159973667,13.13364055299539,122.22222222222223,80.25016458196181,ModelParams,v3,1779490854.7407393,17130.0,100.0,0.0,0.0,0.0,0.0,3212.0,49.43059402893198,3286.0,50.569405971068015,0.0,0.0,161.0,25.718849840255594,288.0,46.00638977635783,177.0,28.27476038338658,0.0,0.0,259.0,100.0,0.0,0.0,0.0,0.0,0.0,0.0,2.0,100.0,0.0,0.0,26.0,43.333333333333336,34.0,56.666666666666664
1,2115,1742,8,0.4592422502870264,0.2827521206409048,8,8,100.0,0,21,25.889781859931116,74.11021814006888,0.0,1,0.0574052812858783,4,3,12.5,1,37.5,3,0.0,0,50.0,4,2993,12637,14644,21,12637,0,0,0,17160,6515,626,259,60,2,0,0,0,84,67,12,42.46742398930839,2993,1788,0.3007016371533578,0.3675242231874373,13.297694620781824,122.22222222222223,80.32074841296358,ModelParams,v3,1779490854.7407393,17160.0,100.0,0.0,0.0,0.0,0.0,3222.0,49.45510360706063,3293.0,50.54489639293938,0.0,0.0,161.0,25.718849840255594,288.0,46.00638977635783,177.0,28.27476038338658,0.0,0.0,259.0,100.0,0.0,0.0,0.0,0.0,0.0,0.0,2.0,100.0,0.0,0.0,26.0,43.333333333333336,34.0,56.666666666666664
1,2116,1727,8,0.4632310364794441,0.2843601895734597,8,8,100.0,0,21,25.07237984944991,74.92762015055008,0.0,1,0.05790387955993051,4,3,12.5,1,37.5,3,0.0,0,50.0,4,2962,12660,14698,21,12660,0,0,0,17184,6523,626,259,60,2,0,0,0,84,67,12,42.59081701553005,2962,1771,0.3038487508440243,0.3713706954760297,13.268062120189061,122.22222222222223,80.41863605671843,ModelParams,v3,1779490854.7407393,17184.0,100.0,0.0,0.0,0.0,0.0,3225.0,49.440441514640504,3298.0,50.5595584853595,0.0,0.0,161.0,25.718849840255594,288.0,46.00638977635783,177.0,28.27476038338658,0.0,0.0,259.0,100.0,0.0,0.0,0.0,0.0,0.0,0.0,2.0,100.0,0.0,0.0,26.0,43.333333333333336,34.0,56.666666666666664
1,2117,1713,8,0.46701692936368944,0.28735632183908044,8,8,100.0,0,21,24.985405720957385,75.01459427904261,0.0,1,0.05837711617046118,4,3,12.5,1,37.5,3,0.0,0,50.0,4,2933,12693,14760,21,12693,0,0,0,17212,6528,626,259,60,2,0,0,0,84,67,12,42.50562563927719,2933,1751,0.3068530514831231,0.37504261847937265,13.126491646778044,122.22222222222223,80.327309921582,ModelParams,v3,1779490854.7407393,17212.0,100.0,0.0,0.0,0.0,0.0,3228.0,49.44852941176471,3300.0,50.55147058823529,0.0,0.0,161.0,25.718849840255594,288.0,46.00638977635783,177.0,28.27476038338658,0.0,0.0,259.0,100.0,0.0,0.0,0.0,0.0,0.0,0.0,2.0,100.0,0.0,0.0,26.0,43.333333333333336,34.0,56.666666666666664
1,2118,1702,7,0.4112808460634548,0.1932367149758454,7,7,100.0,0,21,24.735605170387778,75.26439482961223,0.0,1,0.05875440658049354,3,3,14.285714285714285,1,42.857142857142854,3,0.0,0,42.857142857142854,3,2909,12715,14806,21,12715,0,0,0,17253,6541,627,259,60,2,0,0,0,84,67,12,42.668270883465105,2909,1741,0.30938466827088346,0.37813681677552424,13.200412512891027,122.22222222222223,80.61189412169131,ModelParams,v3,1779490854.7407393,17253.0,100.0,0.0,0.0,0.0,0.0,3234.0,49.44198134841768,3307.0,50.55801865158232,0.0,0.0,161.0,25.677830940988837,289.0,46.09250398724083,177.0,28.22966507177033,0.0,0.0,259.0,100.0,0.0,0.0,0.0,0.0,0.0,0.0,2.0,100.0,0.0,0.0,26.0,43.333333333333336,34.0,56.666666666666664
1,2119,1688,7,0.4146919431279621,0.1937984496124031,7,7,100.0,0,21,24.229857819905213,75.7701421800948,0.0,1,0.05924170616113744,3,3,14.285714285714285,1,42.857142857142854,3,0.0,0,42.857142857142854,3,2878,12734,14856,21,12734,0,0,0,17269,6544,627,259,60,2,0,0,0,84,67,12,42.84294649061849,2878,1725,0.3127171646977068,0.3822098679638638,13.099374565670605,122.22222222222223,80.78526754690758,ModelParams,v3,1779490854.7407393,17269.0,100.0,0.0,0.0,0.0,0.0,3235.0,49.43459657701712,3309.0,50.56540342298288,0.0,0.0,161.0,25.677830940988837,289.0,46.09250398724083,177.0,28.22966507177033,0.0,0.0,259.0,100.0,0.0,0.0,0.0,0.0,0.0,0.0,2.0,100.0,0.0,0.0,26.0,43.333333333333336,34.0,56.666666666666664
1,2120,1661,7,0.4214328717639976,0.19646365422396855,7,7,100.0,0,21,23.841059602649008,76.15894039735099,0.0,1,0.060204695966285374,3,3,14.285714285714285,1,42.857142857142854,3,0.0,0,42.857142857142854,3,2851,12761,14910,21,12761,0,0,0,17299,6552,627,259,60,2,0,0,0,84,67,12,42.88284812346545,2851,1704,0.3156787092248334,0.3858295334970186,12.94282707821817,122.22222222222223,81.0242020343739,ModelParams,v3,1779490854.7407393,17299.0,100.0,0.0,0.0,0.0,0.0,3238.0,49.42002442002442,3314.0,50.57997557997558,0.0,0.0,161.0,25.677830940988837,289.0,46.09250398724083,177.0,28.22966507177033,0.0,0.0,259.0,100.0,0.0,0.0,0.0,0.0,0.0,0.0,2.0,100.0,0.0,0.0,26.0,43.333333333333336,34.0,56.666666666666664
1,2121,1639,7,0.4270896888346553,0.19880715705765406,7,7,100.0,0,21,23.428920073215377,76.57107992678462,0.0,1,0.06101281269066504,3,3,14.285714285714285,1,42.857142857142854,3,0.0,0,42.857142857142854,3,2819,12781,14962,21,12781,0,0,0,17314,6557,627,259,60,2,0,0,0,84,67,12,43.10393756651295,2819,1689,0.31926214969847466,0.3902092940759134,12.841433132316423,122.22222222222223,81.51826888967719,ModelParams,v3,1779490854.7407393,17314.0,100.0,0.0,0.0,0.0,0.0,3241.0,49.42809211529663,3316.0,50.57190788470337,0.0,0.0,161.0,25.677830940988837,289.0,46.09250398724083,177.0,28.22966507177033,0.0,0.0,259.0,100.0,0.0,0.0,0.0,0.0,0.0,0.0,2.0,100.0,0.0,0.0,26.0,43.333333333333336,34.0,56.666666666666664
1,2122,1621,6,0.3701418877236274,0.2008032128514056,6,6,100.0,0,21,23.442319555829734,76.55768044417026,0.0,1,0.061690314620604564,3,2,16.666666666666664,1,33.33333333333333,2,0.0,0,50.0,3,2788,12807,15019,21,12807,0,0,0,17331,6566,627,259,60,2,0,0,0,84,67,12,43.05703012912482,2788,1672,0.2869440459110474,0.3945480631276901,12.733142037302725,137.5,81.49210903873745,ModelParams,v3,1779490854.7407393,17331.0,100.0,0.0,0.0,0.0,0.0,3247.0,49.451720986902224,3319.0,50.548279013097776,0.0,0.0,161.0,25.677830940988837,289.0,46.09250398724083,177.0,28.22966507177033,0.0,0.0,259.0,100.0,0.0,0.0,0.0,0.0,0.0,0.0,2.0,100.0,0.0,0.0,26.0,43.333333333333336,34.0,56.666666666666664
1,2123,1603,6,0.37429819089207733,0.20222446916076847,6,6,100.0,0,21,23.45601996257018,76.54398003742982,0.0,1,0.06238303181534623,3,2,16.666666666666664,1,33.33333333333333,2,0.0,0,50.0,3,2755,12833,15078,21,12833,0,0,0,17350,6573,627,259,60,2,0,0,0,84,67,12,43.05263157894737,2755,1648,0.2903811252268602,0.3629764065335753,12.667876588021779,125.0,81.41560798548095,ModelParams,v3,1779490854.7407393,17350.0,100.0,0.0,0.0,0.0,0.0,3251.0,49.45991176023125,3322.0,50.54008823976876,0.0,0.0,161.0,25.677830940988837,289.0,46.09250398724083,177.0,28.22966507177033,0.0,0.0,259.0,100.0,0.0,0.0,0.0,0.0,0.0,0.0,2.0,100.0,0.0,0.0,26.0,43.333333333333336,34.0,56.666666666666664
1,2124,1586,6,0.37831021437578816,0.2044989775051125,6,6,100.0,0,21,23.266078184110974,76.73392181588903,0.0,1,0.06305170239596469,3,2,16.666666666666664,1,33.33333333333333,2,0.0,0,50.0,3,2725,12854,15129,21,12854,0,0,0,17366,6578,627,259,60,2,0,0,0,84,67,12,43.22385321100917,2725,1627,0.29357798165137616,0.3669724770642202,12.844036697247708,125.0,81.8348623853211,ModelParams,v3,1779490854.7407393,17366.0,100.0,0.0,0.0,0.0,0.0,3255.0,49.483125570082095,3323.0,50.51687442991791,0.0,0.0,161.0,25.677830940988837,289.0,46.09250398724083,177.0,28.22966507177033,0.0,0.0,259.0,100.0,0.0,0.0,0.0,0.0,0.0,0.0,2.0,100.0,0.0,0.0,26.0,43.333333333333336,34.0,56.666666666666664
1,2125,1568,5,0.31887755102040816,0.102880658436214,5,5,100.0,0,21,22.89540816326531,77.1045918367347,0.0,0,0.0,3,2,0.0,0,40.0,2,0.0,0,60.0,3,2703,12873,15170,21,12873,0,0,0,17382,6580,628,259,60,2,0,0,0,85,68,12,43.4298927118017,2703,1610,0.2959674435812061,0.3699593044765076,12.985571587125417,125.0,82.20495745467998,ModelParams,v3,1779490854.7407393,17382.0,100.0,0.0,0.0,0.0,0.0,3257.0,49.49848024316109,3323.0,50.50151975683891,0.0,0.0,162.0,25.796178343949045,289.0,46.01910828025478,177.0,28.18471337579618,0.0,0.0,259.0,100.0,0.0,0.0,0.0,0.0,0.0,0.0,2.0,100.0,0.0,0.0,26.0,43.333333333333336,34.0,56.666666666666664
