run_id,year,total_agents,total_affected,prevalence_total_pct,prevalence_armenian_pct,diagnosed,on_colchicine,diagnosed_pct,undiagnosed_symptomatic,prevented_births_total,age_0_14_pct,age_15_49_pct,age_50_plus_pct,m694v_homo_absolute,m694v_homo_prevalence_pct,total_carriers_absolute,total_compound_absolute,m694v_homo_in_affected_pct,m694v_homo_count,compound_in_affected_pct,compound_count,other_homo_in_affected_pct,other_homo_count,hetero_in_affected_pct,hetero_count,total_population,total_births_cumulative,total_deaths_cumulative,prevented_fmf_births,total_children_born,children_healthy,children_carrier,children_affected,mendel_healthy_healthy_total,mendel_healthy_healthy_healthy_count,mendel_healthy_healthy_healthy_pct,mendel_healthy_healthy_carrier_count,mendel_healthy_healthy_carrier_pct,mendel_healthy_healthy_affected_count,mendel_healthy_healthy_affected_pct,mendel_carrier_healthy_total,mendel_carrier_healthy_healthy_count,mendel_carrier_healthy_healthy_pct,mendel_carrier_healthy_carrier_count,mendel_carrier_healthy_carrier_pct,mendel_carrier_healthy_affected_count,mendel_carrier_healthy_affected_pct,mendel_carrier_carrier_total,mendel_carrier_carrier_healthy_count,mendel_carrier_carrier_healthy_pct,mendel_carrier_carrier_carrier_count,mendel_carrier_carrier_carrier_pct,mendel_carrier_carrier_affected_count,mendel_carrier_carrier_affected_pct,mendel_affected_healthy_total,mendel_affected_healthy_healthy_count,mendel_affected_healthy_healthy_pct,mendel_affected_healthy_carrier_count,mendel_affected_healthy_carrier_pct,mendel_affected_healthy_affected_count,mendel_affected_healthy_affected_pct,mendel_affected_carrier_total,mendel_affected_affected_total,healthy_births,carrier_births,affected_births,pgt_attempts,pgt_births,pgt_eligible_but_declined,mean_age,population_total,arm_count,true_prevalence_genetic,clinical_prevalence,carrier_frequency_pct,diagnostic_coverage,screening_coverage_pct,scenario,cache_version,timestamp,mendel_affected_carrier_healthy_count,mendel_affected_carrier_healthy_pct,mendel_affected_carrier_carrier_count,mendel_affected_carrier_carrier_pct,mendel_affected_carrier_affected_count,mendel_affected_carrier_affected_pct,mendel_affected_affected_healthy_count,mendel_affected_affected_healthy_pct,mendel_affected_affected_carrier_count,mendel_affected_affected_carrier_pct,mendel_affected_affected_affected_count,mendel_affected_affected_affected_pct
1,1950,12590,61,0.4845115170770453,0.5401097928103418,13,13,21.311475409836063,48,0,39.301032565528196,60.698967434471804,0.0,4,0.03177124702144559,12,29,6.557377049180328,4,47.540983606557376,29,1.639344262295082,1,19.672131147540984,12,15229,362,133,0,362,0,0,0,258,258,100.0,0,0.0,0,0.0,75,36,48.0,39,52.0,0,0.0,8,2,25.0,6,75.0,0,0.0,5,0,0.0,5,100.0,0,0.0,0,0,0,0,0,0,0,0,28.19351237770044,15229,13651,0.7091732878061593,0.5515792238492351,15.050233107886267,20.37037037037037,0.0,ModelParams,v3,1779374312.4691155,,,,,,,,,,,,
1,1951,12731,62,0.4870002356452753,0.543240164724437,13,13,20.967741935483872,49,0,39.297777079569556,60.70222292043045,0.0,3,0.023564527531223,14,29,4.838709677419355,3,46.774193548387096,29,1.6129032258064515,1,22.58064516129032,14,15428,695,267,0,695,0,0,0,757,757,100.0,0,0.0,0,0.0,256,135,52.734375,121,47.265625,0,0.0,29,6,20.689655172413794,19,65.51724137931035,4,13.793103448275861,14,0,0.0,14,100.0,0,0.0,4,0,0,0,0,0,0,0,28.28104744620171,15428,13820,0.732434534612393,0.5574280528908477,15.005185377236193,19.469026548672566,0.0,ModelParams,v3,1779374312.4691155,0.0,0.0,0.0,0.0,4.0,100.0,,,,,,
1,1952,12927,67,0.5182950413862458,0.5782342280141538,13,13,19.402985074626866,54,0,39.552873829968284,60.447126170031716,0.0,3,0.023207240659085637,14,34,4.477611940298507,3,50.74626865671642,34,1.4925373134328357,1,20.8955223880597,14,15674,1075,401,0,1075,0,0,0,1308,1308,100.0,0,0.0,0,0.0,446,225,50.44843049327354,221,49.55156950672646,0,0.0,52,11,21.153846153846153,33,63.46153846153846,8,15.384615384615385,23,0,0.0,23,100.0,0,0.0,6,0,0,0,0,0,0,0,28.3055378333546,15674,14040,0.7273191272170474,0.580579303304836,14.967462039045554,20.175438596491226,0.0,ModelParams,v3,1779374312.4691155,0.0,0.0,0.0,0.0,6.0,100.0,,,,,,
1,1953,13099,69,0.5267577677685319,0.5870841487279843,16,16,23.18840579710145,53,0,39.812199404534695,60.187800595465305,0.0,3,0.022902511642110084,15,35,4.3478260869565215,3,50.72463768115942,35,1.4492753623188406,1,21.73913043478261,15,15898,1436,538,0,1436,0,0,0,2043,2043,100.0,0,0.0,0,0.0,720,368,51.11111111111111,352,48.888888888888886,0,0.0,73,18,24.65753424657534,43,58.9041095890411,12,16.43835616438356,37,0,0.0,37,100.0,0,0.0,7,0,0,0,0,0,0,0,28.398163290979998,15898,14251,0.7170713297270097,0.5786891432884639,14.98930683104793,21.929824561403507,0.0,ModelParams,v3,1779374312.4691155,0.0,0.0,0.0,0.0,7.0,100.0,,,,,,
1,1954,13332,71,0.5325532553255325,0.5939931397975403,17,17,23.943661971830984,54,0,40.054005400540056,59.94599459945995,0.0,3,0.022502250225022502,16,36,4.225352112676056,3,50.70422535211267,36,1.4084507042253522,1,22.535211267605636,16,16182,1857,675,0,1857,0,0,0,2371,2371,100.0,0,0.0,0,0.0,855,440,51.461988304093566,415,48.53801169590643,0,0.0,86,23,26.744186046511626,48,55.81395348837209,15,17.441860465116278,41,0,0.0,41,100.0,0,0.0,7,0,0,0,0,0,0,0,28.359411692003462,16182,14504,0.6983067605981955,0.5747126436781609,15.02904461747621,22.123893805309734,0.0,ModelParams,v3,1779374312.4691155,0.0,0.0,0.0,0.0,7.0,100.0,,,,,,
1,1955,13541,73,0.539103463555129,0.6018136850783182,18,18,24.65753424657534,55,0,40.3146001033897,59.68539989661029,0.0,3,0.022154936858429952,18,36,4.10958904109589,3,49.31506849315068,36,1.36986301369863,1,24.65753424657534,18,16456,2278,822,0,2278,0,0,0,2964,2964,100.0,0,0.0,0,0.0,1062,547,51.50659133709981,515,48.49340866290019,0,0.0,113,28,24.778761061946902,65,57.52212389380531,20,17.699115044247787,51,0,0.0,51,100.0,0,0.0,10,0,0,0,0,0,0,0,28.372326203208555,16456,14746,0.7049100631988332,0.5772970345162859,15.125182304326689,23.275862068965516,0.0,ModelParams,v3,1779374312.4691155,0.0,0.0,0.0,0.0,10.0,100.0,,,,,,
1,1956,13713,73,0.5323415736892,0.5939305182653974,19,19,26.027397260273972,54,0,40.55276015459783,59.44723984540218,0.0,4,0.02916940129803836,17,36,5.47945205479452,4,49.31506849315068,36,1.36986301369863,1,23.28767123287671,17,16695,2669,974,0,2669,0,0,0,3514,3514,100.0,0,0.0,0,0.0,1272,657,51.65094339622641,615,48.34905660377358,0,0.0,133,34,25.563909774436087,73,54.88721804511278,26,19.548872180451127,61,0,0.0,61,100.0,0,0.0,12,0,0,0,0,0,0,0,28.42731356693621,16695,14960,0.6768493560946391,0.5450733752620545,15.09433962264151,23.008849557522122,0.0,ModelParams,v3,1779374312.4691155,0.0,0.0,1.0,8.333333333333332,11.0,91.66666666666666,,,,,,
1,1957,13876,74,0.5332948976650331,0.5947118862010768,23,23,31.08108108108108,51,0,40.2205246468723,59.7794753531277,0.0,5,0.03603343903142116,17,36,6.756756756756757,5,48.64864864864865,36,1.3513513513513513,1,22.972972972972975,17,16921,3036,1115,0,3036,0,0,0,4057,4057,100.0,0,0.0,0,0.0,1478,753,50.947225981055475,725,49.05277401894452,0,0.0,156,37,23.717948717948715,83,53.205128205128204,36,23.076923076923077,73,0,0.0,73,100.0,0,0.0,17,0,0,0,0,0,0,0,28.547839962177175,16921,15166,0.6914484959517759,0.543703090833875,15.129129484073045,25.64102564102564,0.0,ModelParams,v3,1779374312.4691155,0.0,0.0,2.0,11.76470588235294,15.0,88.23529411764706,,,,,,
1,1958,14087,77,0.5466032512245333,0.6014561570117125,23,23,29.87012987012987,54,0,40.12209838858522,59.87790161141477,0.0,6,0.042592461134379214,17,38,7.792207792207792,6,49.35064935064935,38,1.2987012987012987,1,22.07792207792208,17,17215,3471,1256,0,3471,0,0,0,4665,4665,100.0,0,0.0,0,0.0,1708,862,50.468384074941454,846,49.531615925058546,0,0.0,185,48,25.945945945945947,90,48.64864864864865,47,25.405405405405407,86,0,0.0,86,100.0,0,0.0,19,0,0,0,0,0,0,0,28.56508858553587,17215,15430,0.6854487365669474,0.546035434214348,15.143769968051119,24.576271186440678,0.0,ModelParams,v3,1779374312.4691155,0.0,0.0,4.0,21.052631578947366,15.0,78.94736842105263,,,,,,
1,1959,14222,76,0.5343833497398397,0.5806654111738857,22,22,28.947368421052634,54,0,40.17719026859795,59.822809731402046,0.0,7,0.049219519054985235,16,37,9.210526315789473,7,48.68421052631579,37,1.3157894736842104,1,21.052631578947366,16,17446,3841,1395,0,3841,0,0,0,5204,5204,100.0,0,0.0,0,0.0,1929,965,50.02592016588906,964,49.97407983411094,0,0.0,211,54,25.59241706161137,105,49.763033175355446,52,24.644549763033176,96,0,0.0,96,100.0,0,0.0,23,0,0,0,0,0,0,0,28.71305743436891,17446,15627,0.6763728075203485,0.5388054568382438,15.235584088043105,25.423728813559322,0.0,ModelParams,v3,1779374312.4691155,0.0,0.0,6.0,26.08695652173913,17.0,73.91304347826086,,,,,,
1,1960,14406,73,0.5067333055671248,0.5500890989385604,19,19,26.027397260273972,54,0,39.81674302374011,60.18325697625989,0.0,7,0.048590864917395525,15,35,9.58904109589041,7,47.94520547945205,35,1.36986301369863,1,20.54794520547945,15,17717,4255,1538,0,4255,0,0,0,5794,5794,100.0,0,0.0,0,0.0,2135,1080,50.585480093676814,1055,49.414519906323186,0,0.0,231,58,25.108225108225106,113,48.917748917748916,60,25.97402597402597,105,0,0.0,105,100.0,0,0.0,25,0,0,0,0,0,0,0,28.772252638708586,17717,15877,0.6829598690523226,0.5418524580910989,15.183157419427667,24.793388429752067,0.0,ModelParams,v3,1779374312.4691155,0.0,0.0,8.0,32.0,17.0,68.0,,,,,,
1,1961,14570,74,0.5078929306794784,0.5516818634587387,18,18,24.324324324324326,56,0,39.649965682910086,60.35003431708991,0.0,7,0.04804392587508579,16,35,9.45945945945946,7,47.2972972972973,35,1.3513513513513513,1,21.62162162162162,16,17957,4670,1713,0,4670,0,0,0,6379,6379,100.0,0,0.0,0,0.0,2368,1189,50.21114864864865,1179,49.78885135135135,0,0.0,254,65,25.590551181102363,121,47.63779527559055,68,26.77165354330709,113,0,0.0,113,100.0,0,0.0,26,0,0,0,0,0,0,0,28.795789942640752,17957,16089,0.6682630728963636,0.5346104583170909,15.20298490839227,24.166666666666668,0.0,ModelParams,v3,1779374312.4691155,0.0,0.0,9.0,34.61538461538461,17.0,65.38461538461539,,,,,,
1,1962,14754,71,0.48122543039175814,0.5218180443167209,17,17,23.943661971830984,54,0,39.223261488409925,60.776738511590075,0.0,7,0.047444760742849396,16,33,9.859154929577464,7,46.478873239436616,33,0.0,0,22.535211267605636,16,18201,5097,1896,0,5097,0,0,0,6954,6954,100.0,0,0.0,0,0.0,2564,1282,50.0,1282,50.0,0,0.0,275,67,24.363636363636363,136,49.45454545454545,72,26.181818181818183,124,0,0.0,124,100.0,0,0.0,28,0,0,0,0,0,0,0,28.790615900225262,18201,16317,0.6593044338223174,0.521949343442668,15.174990385143674,24.166666666666668,0.0,ModelParams,v3,1779374312.4691155,0.0,0.0,10.0,35.714285714285715,18.0,64.28571428571429,,,,,,
1,1963,14887,68,0.4567743668972929,0.4943820224719101,16,16,23.52941176470588,52,0,38.946732048095654,61.053267951904346,0.0,7,0.04702089071001545,14,32,10.294117647058822,7,47.05882352941176,32,0.0,0,20.588235294117645,14,18427,5489,2062,0,5489,0,0,0,7522,7522,100.0,0,0.0,0,0.0,2754,1378,50.03631082062454,1376,49.96368917937545,0,0.0,295,73,24.74576271186441,148,50.16949152542372,74,25.08474576271186,130,0,0.0,130,100.0,0,0.0,30,0,0,0,0,0,0,0,28.917132468660117,18427,16522,0.6512183209420959,0.5101210180713084,15.178813697292018,23.333333333333332,0.0,ModelParams,v3,1779374312.4691155,0.0,0.0,12.0,40.0,18.0,60.0,,,,,,
1,1964,15047,71,0.4718548547883299,0.5038529934795495,15,15,21.12676056338028,56,0,38.80507742407124,61.19492257592876,0.0,7,0.04652090117631422,13,36,9.859154929577464,7,50.70422535211267,36,0.0,0,18.30985915492958,13,18675,5903,2228,0,5903,0,0,0,7819,7819,100.0,0,0.0,0,0.0,2858,1435,50.20993701889434,1423,49.79006298110567,0,0.0,302,75,24.834437086092713,152,50.331125827814574,75,24.834437086092713,132,0,0.0,132,100.0,0,0.0,34,0,0,0,0,0,0,0,28.97124497991968,18675,16745,0.6586345381526104,0.5301204819277108,15.13788487282463,23.577235772357724,0.0,ModelParams,v3,1779374312.4691155,0.0,0.0,14.0,41.17647058823529,20.0,58.82352941176471,,,,,,
1,1965,15175,73,0.4810543657331137,0.5142143539263939,16,16,21.91780821917808,57,0,38.556836902800654,61.44316309719934,0.0,7,0.046128500823723224,13,38,9.58904109589041,7,52.054794520547944,38,0.0,0,17.80821917808219,13,18900,6278,2378,0,6278,0,0,0,8608,8608,100.0,0,0.0,0,0.0,3164,1577,49.84197218710493,1587,50.15802781289507,0,0.0,335,87,25.970149253731346,166,49.55223880597015,82,24.47761194029851,149,0,0.0,149,100.0,0,0.0,36,0,0,0,0,0,0,0,29.16015873015873,18900,16956,0.656084656084656,0.5291005291005291,15.1005291005291,24.193548387096776,0.0,ModelParams,v3,1779374312.4691155,0.0,0.0,16.0,44.44444444444444,20.0,55.55555555555556,,,,,,
1,1966,15324,72,0.4698512137823023,0.5018546803403884,16,16,22.22222222222222,56,0,38.75619942573741,61.24380057426259,0.0,7,0.04567997911772383,13,37,9.722222222222223,7,51.388888888888886,37,0.0,0,18.055555555555554,13,19152,6698,2546,0,6698,0,0,0,9173,9173,100.0,0,0.0,0,0.0,3367,1688,50.13365013365013,1679,49.86634986634987,0,0.0,356,90,25.280898876404496,180,50.56179775280899,86,24.15730337078652,157,0,0.0,157,100.0,0,0.0,37,0,0,0,0,0,0,0,29.247754803675857,19152,17185,0.6631161236424394,0.5221386800334169,15.04281537176274,23.62204724409449,0.0,ModelParams,v3,1779374312.4691155,0.0,0.0,17.0,45.94594594594595,20.0,54.054054054054056,,,,,,
1,1967,15452,71,0.4594874449909397,0.490832972426736,15,15,21.12676056338028,56,0,38.32513590473725,61.67486409526275,0.0,7,0.04530157908361377,13,35,9.859154929577464,7,49.29577464788733,35,1.4084507042253522,1,18.30985915492958,13,19371,7060,2689,0,7060,0,0,0,9432,9432,100.0,0,0.0,0,0.0,3457,1732,50.10124385305178,1725,49.89875614694822,0,0.0,365,91,24.93150684931507,185,50.68493150684932,89,24.383561643835616,161,0,0.0,161,100.0,0,0.0,37,0,0,0,0,0,0,0,29.455371431521346,19371,17373,0.6504568685147901,0.5213979660316969,15.032780961230705,23.809523809523807,0.0,ModelParams,v3,1779374312.4691155,0.0,0.0,17.0,45.94594594594595,20.0,54.054054054054056,,,,,,
1,1968,15648,67,0.42816973415132925,0.4560028500178126,12,12,17.91044776119403,55,0,38.222137014314924,61.777862985685076,0.0,6,0.03834355828220859,12,33,8.955223880597014,6,49.25373134328358,33,1.4925373134328357,1,17.91044776119403,12,19657,7480,2823,0,7480,0,0,0,10256,10256,100.0,0,0.0,0,0.0,3741,1869,49.95990376904571,1872,50.04009623095429,0,0.0,398,99,24.87437185929648,198,49.74874371859296,101,25.376884422110553,174,0,0.0,174,100.0,0,0.0,38,0,0,0,0,0,0,0,29.596581370504147,19657,17635,0.6511675230197893,0.5138118736328026,15.027725492191077,24.21875,0.0,ModelParams,v3,1779374312.4691155,0.0,0.0,18.0,47.368421052631575,20.0,52.63157894736842,,,,,,
1,1969,15794,70,0.44320628086615166,0.4660358706397401,13,13,18.571428571428573,57,0,37.590224135747754,62.409775864252246,0.0,6,0.03798910978852729,14,34,8.571428571428571,6,48.57142857142857,34,1.4285714285714286,1,20.0,14,19870,7857,2987,0,7857,0,0,0,10801,10801,100.0,0,0.0,0,0.0,3945,1980,50.19011406844106,1965,49.80988593155893,0,0.0,420,105,25.0,209,49.76190476190476,106,25.238095238095237,187,0,0.0,187,100.0,0,0.0,38,0,0,0,0,0,0,0,29.7768495218923,19870,17823,0.6391545042778057,0.5183694011071968,15.002516356316054,25.196850393700785,0.0,ModelParams,v3,1779374312.4691155,0.0,0.0,18.0,47.368421052631575,20.0,52.63157894736842,,,,,,
1,1970,15933,69,0.4330634532103182,0.45489537406396524,12,12,17.391304347826086,57,0,37.20579928450386,62.79420071549614,0.0,6,0.03765769158350593,14,33,8.695652173913043,6,47.82608695652174,33,1.4492753623188406,1,20.28985507246377,14,20119,8265,3146,0,8265,0,0,0,11592,11592,100.0,0,0.0,0,0.0,4253,2146,50.45849988243592,2107,49.54150011756408,0,0.0,458,116,25.327510917030565,228,49.78165938864629,114,24.890829694323145,196,0,0.0,196,100.0,0,0.0,41,0,0,0,0,0,0,0,29.939261394701525,20119,18054,0.6262736716536608,0.5119538744470401,15.055420249515382,25.396825396825395,0.0,ModelParams,v3,1779374312.4691155,0.0,0.0,19.0,46.34146341463415,22.0,53.65853658536586,,,,,,
1,1971,16065,70,0.4357298474945534,0.45804705392463047,12,12,17.142857142857142,58,0,36.800497976968565,63.19950202303144,0.0,6,0.03734827264239029,17,31,8.571428571428571,6,44.285714285714285,31,1.4285714285714286,1,24.285714285714285,17,20316,8643,3327,0,8643,0,0,0,12124,12124,100.0,0,0.0,0,0.0,4457,2246,50.392640789768905,2211,49.607359210231095,0,0.0,477,119,24.947589098532493,241,50.524109014675055,117,24.528301886792452,203,0,0.0,203,100.0,0,0.0,43,0,0,0,0,0,0,0,30.104449694821817,20316,18233,0.6349675132900177,0.5217562512305572,15.002953337271116,24.8062015503876,0.0,ModelParams,v3,1779374312.4691155,0.0,0.0,21.0,48.837209302325576,22.0,51.162790697674424,,,,,,
1,1972,16175,68,0.4204018547140649,0.4408928079360706,11,11,16.176470588235293,57,0,36.667697063369395,63.332302936630605,0.0,6,0.03709428129829984,16,30,8.823529411764707,6,44.11764705882353,30,1.4705882352941175,1,23.52941176470588,16,20536,9031,3495,0,9031,0,0,0,12659,12659,100.0,0,0.0,0,0.0,4647,2341,50.37658704540564,2306,49.62341295459436,0,0.0,507,128,25.2465483234714,257,50.69033530571993,122,24.06311637080868,212,0,0.0,212,100.0,0,0.0,47,0,0,0,0,0,0,0,30.25521036229061,20536,18443,0.6525126606934164,0.5161667315932996,15.046747175691468,23.88059701492537,0.0,ModelParams,v3,1779374312.4691155,0.0,0.0,23.0,48.93617021276596,24.0,51.06382978723404,,,,,,
1,1973,16331,69,0.42250933806870367,0.43665142935116324,11,11,15.942028985507244,58,0,36.02351356316208,63.976486436837924,0.0,6,0.03673994244075684,15,32,8.695652173913043,6,46.3768115942029,32,1.4492753623188406,1,21.73913043478261,15,20757,9412,3655,0,9412,0,0,0,13184,13184,100.0,0,0.0,0,0.0,4854,2462,50.72105480016481,2392,49.27894519983519,0,0.0,531,136,25.6120527306968,268,50.470809792843696,127,23.91713747645951,222,0,0.0,222,100.0,0,0.0,48,0,0,0,0,0,0,0,30.436961025196318,20757,18646,0.6503830033241798,0.5154887507828684,14.987714987714988,23.703703703703706,0.0,ModelParams,v3,1779374312.4691155,0.0,0.0,23.0,47.91666666666667,25.0,52.083333333333336,,,,,,
1,1974,16400,74,0.4512195121951219,0.4550084889643463,12,12,16.216216216216218,62,0,35.762195121951216,64.23780487804878,0.0,7,0.042682926829268296,16,35,9.45945945945946,7,47.2972972972973,35,1.3513513513513513,1,21.62162162162162,16,20941,9764,3823,0,9764,0,0,0,13568,13568,100.0,0,0.0,0,0.0,5013,2555,50.96748454019549,2458,49.03251545980451,0,0.0,543,139,25.59852670349908,274,50.46040515653776,130,23.941068139963168,229,0,0.0,229,100.0,0,0.0,48,0,0,0,0,0,0,0,30.672221956926602,20941,18815,0.6398930328064563,0.5300606465784824,15.013609665249989,23.88059701492537,0.0,ModelParams,v3,1779374312.4691155,0.0,0.0,23.0,47.91666666666667,25.0,52.083333333333336,,,,,,
1,1975,16536,75,0.45355587808417996,0.4582827874376601,13,13,17.333333333333336,62,0,35.29269472665699,64.70730527334301,0.0,7,0.04233188195452346,17,35,9.333333333333334,7,46.666666666666664,35,1.3333333333333335,1,22.666666666666664,17,21147,10145,3998,0,10145,0,0,0,14198,14198,100.0,0,0.0,0,0.0,5238,2665,50.87819778541428,2573,49.12180221458572,0,0.0,561,144,25.668449197860966,282,50.26737967914438,135,24.06417112299465,240,0,0.0,240,100.0,0,0.0,52,0,0,0,0,0,0,0,30.831843760344256,21147,18982,0.6431172270298388,0.5201683453917814,14.990305953563155,23.52941176470588,0.0,ModelParams,v3,1779374312.4691155,0.0,0.0,26.0,50.0,26.0,50.0,,,,,,
1,1976,16655,77,0.462323626538577,0.46153846153846156,12,12,15.584415584415584,65,0,34.75232662864005,65.24767337135995,0.0,9,0.05403782647853498,17,35,11.688311688311687,9,45.45454545454545,35,1.2987012987012987,1,22.07792207792208,17,21343,10511,4168,0,10511,0,0,0,14460,14460,100.0,0,0.0,0,0.0,5329,2714,50.92887971476825,2615,49.07112028523175,0,0.0,568,145,25.528169014084508,287,50.52816901408451,136,23.943661971830984,244,0,0.0,244,100.0,0,0.0,54,0,0,0,0,0,0,0,31.033125614955722,21343,19159,0.6372112636461603,0.5341329709975168,15.035374595886239,23.52941176470588,0.0,ModelParams,v3,1779374312.4691155,0.0,0.0,27.0,50.0,27.0,50.0,,,,,,
1,1977,16741,77,0.4599486291141509,0.4592040463197125,13,13,16.883116883116884,64,0,34.21539931903709,65.7846006809629,0.0,8,0.04778687055731438,18,35,10.38961038961039,8,45.45454545454545,35,1.2987012987012987,1,23.376623376623375,18,21522,10875,4353,0,10875,0,0,0,15018,15018,100.0,0,0.0,0,0.0,5559,2831,50.92642561611801,2728,49.07357438388199,0,0.0,582,148,25.42955326460481,294,50.51546391752577,140,24.054982817869416,256,0,0.0,256,100.0,0,0.0,56,0,0,0,0,0,0,0,31.23032246073785,21522,19326,0.631911532385466,0.5436297741845554,15.091534244029365,24.264705882352942,0.0,ModelParams,v3,1779374312.4691155,0.0,0.0,28.0,50.0,28.0,50.0,,,,,,
1,1978,16863,76,0.45069086164976574,0.4494084991077919,12,12,15.789473684210526,64,0,33.83146533831465,66.16853466168536,0.0,8,0.04744114333155429,18,34,10.526315789473683,8,44.73684210526316,34,1.3157894736842104,1,23.684210526315788,18,21705,11242,4537,0,11242,0,0,0,15486,15486,100.0,0,0.0,0,0.0,5742,2929,51.010101010101,2813,48.98989898989899,0,0.0,606,154,25.412541254125415,301,49.66996699669967,151,24.917491749174918,265,0,0.0,265,100.0,0,0.0,58,0,0,0,0,0,0,0,31.414881363741074,21705,19490,0.6404054365353605,0.534439069338862,15.116332642248329,24.46043165467626,0.0,ModelParams,v3,1779374312.4691155,0.0,0.0,29.0,50.0,29.0,50.0,,,,,,
1,1979,16930,76,0.448907265209687,0.44725072349381745,14,14,18.421052631578945,62,0,33.21913762551683,66.78086237448316,0.0,8,0.04725339633786178,19,33,10.526315789473683,8,43.42105263157895,33,1.3157894736842104,1,25.0,19,21858,11574,4716,0,11574,0,0,0,16234,16234,100.0,0,0.0,0,0.0,6053,3085,50.96646291095325,2968,49.03353708904675,0,0.0,629,160,25.43720190779014,313,49.76152623211447,156,24.80127186009539,280,0,0.0,280,100.0,0,0.0,61,0,0,0,0,0,0,0,31.668496660261688,21858,19637,0.631347790282734,0.530698142556501,15.088297190959832,26.08695652173913,0.0,ModelParams,v3,1779374312.4691155,0.0,0.0,30.0,49.18032786885246,31.0,50.81967213114754,,,,,,
1,1980,17013,77,0.45259507435490504,0.4514820388667146,16,16,20.77922077922078,61,0,32.78081467113384,67.21918532886616,0.0,8,0.04702286486804209,19,34,10.38961038961039,8,44.15584415584416,34,1.2987012987012987,1,24.675324675324674,19,22000,11900,4900,0,11900,0,0,0,16732,16732,100.0,0,0.0,0,0.0,6239,3174,50.87353742586953,3065,49.12646257413047,0,0.0,651,168,25.806451612903224,324,49.76958525345622,159,24.42396313364055,283,0,0.0,283,100.0,0,0.0,64,0,0,0,0,0,0,0,31.917045454545455,22000,19773,0.6272727272727273,0.5272727272727272,15.104545454545454,26.811594202898554,0.0,ModelParams,v3,1779374312.4691155,0.0,0.0,33.0,51.5625,31.0,48.4375,,,,,,
1,1981,17114,79,0.46161037746873906,0.4619087892785115,15,15,18.9873417721519,64,0,32.289353745471544,67.71064625452846,0.0,9,0.05258852401542597,19,35,11.39240506329114,9,44.303797468354425,35,1.2658227848101267,1,24.050632911392405,19,22143,12266,5123,0,12266,0,0,0,17267,17267,100.0,0,0.0,0,0.0,6432,3277,50.94838308457711,3155,49.05161691542288,0,0.0,662,174,26.283987915407852,326,49.244712990936556,162,24.47129909365559,292,0,0.0,292,100.0,0,0.0,64,0,0,0,0,0,0,0,32.04732872691144,22143,19909,0.6187056857697693,0.5238675879510455,15.070225353384817,26.277372262773724,0.0,ModelParams,v3,1779374312.4691155,0.0,0.0,33.0,51.5625,31.0,48.4375,,,,,,
1,1982,17194,77,0.4478306385948587,0.44660194174757284,15,15,19.480519480519483,62,0,32.07514249156683,67.92485750843318,0.0,9,0.05234384087472374,19,35,11.688311688311687,9,45.45454545454545,35,1.2987012987012987,1,24.675324675324674,19,22313,12618,5305,0,12618,0,0,0,17772,17772,100.0,0,0.0,0,0.0,6636,3377,50.889089813140444,3259,49.11091018685955,0,0.0,679,175,25.773195876288657,339,49.92636229749632,165,24.30044182621502,297,0,0.0,297,100.0,0,0.0,69,0,0,0,0,0,0,0,32.28337740330749,22313,20061,0.6139918433200376,0.515394613005871,15.054004392058443,25.547445255474454,0.0,ModelParams,v3,1779374312.4691155,0.0,0.0,35.0,50.72463768115942,34.0,49.275362318840585,,,,,,
1,1983,17311,78,0.4505805557160187,0.45010288065843623,16,16,20.51282051282051,62,0,31.673502397319623,68.32649760268038,0.0,9,0.05199006412107909,20,36,11.538461538461538,9,46.15384615384615,36,1.282051282051282,1,25.64102564102564,20,22527,13006,5479,0,13006,0,0,0,18322,18322,100.0,0,0.0,0,0.0,6844,3483,50.89129164231444,3361,49.108708357685565,0,0.0,698,183,26.21776504297994,347,49.713467048710605,168,24.068767908309454,304,0,0.0,304,100.0,0,0.0,69,0,0,0,0,0,0,0,32.48031251387224,22527,20254,0.5992808629644426,0.5149376303990766,14.990899809117947,25.925925925925924,0.0,ModelParams,v3,1779374312.4691155,0.0,0.0,35.0,50.72463768115942,34.0,49.275362318840585,,,,,,
1,1984,17426,80,0.45908412716630326,0.45997572350348176,18,18,22.5,62,0,31.636634913347873,68.36336508665212,0.0,9,0.05164696430620911,19,39,11.25,9,48.75,39,1.25,1,23.75,19,22753,13414,5661,0,13414,0,0,0,18896,18896,100.0,0,0.0,0,0.0,7070,3604,50.97595473833098,3466,49.02404526166902,0,0.0,725,192,26.482758620689655,357,49.24137931034483,176,24.275862068965516,312,0,0.0,312,100.0,0,0.0,72,0,0,0,0,0,0,0,32.64026721750978,22753,20445,0.6196985012965324,0.5186129301630554,15.004614776073485,25.53191489361702,0.0,ModelParams,v3,1779374312.4691155,0.0,0.0,36.0,50.0,36.0,50.0,,,,,,
1,1985,17573,78,0.4438627439822455,0.44348707551951344,18,18,23.076923076923077,60,0,31.42320605474307,68.57679394525692,0.0,9,0.05121493199795141,17,39,11.538461538461538,9,50.0,39,1.282051282051282,1,21.794871794871796,17,22970,13827,5857,0,13827,0,0,0,19436,19436,100.0,0,0.0,0,0.0,7299,3720,50.9658857377723,3579,49.0341142622277,0,0.0,738,196,26.558265582655828,364,49.32249322493225,178,24.119241192411923,317,0,0.0,317,100.0,0,0.0,74,0,0,0,0,0,0,0,32.764606007836306,22970,20636,0.6051371353939922,0.5006530256856769,14.98911623857205,25.179856115107913,0.0,ModelParams,v3,1779374312.4691155,0.0,0.0,37.0,50.0,37.0,50.0,,,,,,
1,1986,17727,75,0.4230834320528008,0.4143906573742701,16,16,21.333333333333336,59,0,31.426637332882045,68.57336266711795,0.0,9,0.0507700118463361,18,38,12.0,9,50.66666666666667,38,1.3333333333333335,1,24.0,18,23185,14256,6071,0,14256,0,0,0,20026,20026,100.0,0,0.0,0,0.0,7547,3836,50.82814363323175,3711,49.17185636676825,0,0.0,757,196,25.891677675033026,380,50.19815059445178,181,23.91017173051519,330,0,0.0,330,100.0,0,0.0,77,0,0,0,0,0,0,0,32.83174466249731,23185,20822,0.6124649557903817,0.5003234850118612,15.095967220185466,24.647887323943664,0.0,ModelParams,v3,1779374312.4691155,0.0,0.0,37.0,48.05194805194805,40.0,51.94805194805194,,,,,,
1,1987,17883,76,0.42498462226695743,0.41692594897324203,16,16,21.052631578947366,60,0,31.370575406810936,68.62942459318906,0.0,9,0.050327126321087066,17,41,11.842105263157894,9,53.94736842105263,41,1.3157894736842104,1,22.36842105263158,17,23401,14679,6278,0,14679,0,0,0,20610,20610,100.0,0,0.0,0,0.0,7776,3944,50.7201646090535,3832,49.2798353909465,0,0.0,778,203,26.092544987146532,389,50.0,186,23.90745501285347,337,0,0.0,337,100.0,0,0.0,80,0,0,0,0,0,0,0,32.93252425110038,23401,21017,0.6153583180205974,0.5127985983504979,15.114738686380925,25.0,0.0,ModelParams,v3,1779374312.4691155,0.0,0.0,38.0,47.5,42.0,52.5,,,,,,
1,1988,17966,76,0.42302126238450405,0.4146809432444142,16,16,21.052631578947366,60,0,31.225648447066686,68.77435155293333,0.0,9,0.050094623177112316,17,42,11.842105263157894,9,55.26315789473685,42,1.3157894736842104,1,22.36842105263158,17,23448,15069,6621,0,15069,0,0,0,21181,21181,100.0,0,0.0,0,0.0,8015,4062,50.67997504678728,3953,49.32002495321272,0,0.0,793,207,26.10340479192938,397,50.06305170239597,189,23.833543505674655,342,0,0.0,342,100.0,0,0.0,86,0,0,0,0,0,0,0,32.945624360286594,23448,21062,0.6141248720573182,0.511770726714432,15.127089730467416,25.0,0.0,ModelParams,v3,1779374312.4691155,0.0,0.0,42.0,48.837209302325576,44.0,51.162790697674424,,,,,,
1,1989,18098,79,0.43651232180351424,0.43010752688172044,16,16,20.253164556962027,63,0,31.379157918001987,68.620842081998,0.0,10,0.055254724278925846,18,43,12.658227848101266,10,54.43037974683544,43,1.2658227848101267,1,22.78481012658228,18,23657,15489,6832,0,15489,0,0,0,21471,21471,100.0,0,0.0,0,0.0,8130,4121,50.68880688806888,4009,49.31119311193112,0,0.0,802,209,26.059850374064837,402,50.12468827930174,191,23.815461346633416,346,0,0.0,346,100.0,0,0.0,88,0,0,0,0,0,0,0,33.05507883501712,23657,21248,0.6086993278944921,0.5157035972439448,15.132941624043623,24.305555555555554,0.0,ModelParams,v3,1779374312.4691155,0.0,0.0,44.0,50.0,44.0,50.0,,,,,,
1,1990,18218,78,0.42814798550883737,0.42093704245973645,23,23,29.48717948717949,55,0,31.45240970468767,68.54759029531233,0.0,10,0.05489076737292787,17,44,12.82051282051282,10,56.41025641025641,44,1.282051282051282,1,21.794871794871796,17,23866,15918,7052,0,15918,0,0,0,22337,22337,100.0,0,0.0,0,0.0,8434,4283,50.782546834242346,4151,49.21745316575765,0,0.0,827,212,25.634824667472795,417,50.42321644498187,198,23.941958887545344,359,0,0.0,359,100.0,0,0.0,91,0,0,0,0,0,0,0,33.16207156624487,23866,21440,0.6159389927092935,0.5153775245118578,15.109360596664711,29.931972789115648,0.0,ModelParams,v3,1779374312.4691155,0.0,0.0,47.0,51.64835164835166,44.0,48.35164835164835,,,,,,
1,1991,18333,75,0.4090983472426772,0.3997577225923683,26,26,34.66666666666667,49,0,31.50602738231604,68.49397261768397,0.0,11,0.06000109092892598,17,45,14.666666666666666,11,60.0,45,1.3333333333333335,1,22.666666666666664,17,24051,16325,7274,0,16325,0,0,0,22646,22646,100.0,0,0.0,0,0.0,8520,4328,50.7981220657277,4192,49.2018779342723,0,0.0,835,215,25.748502994011975,421,50.41916167664671,199,23.832335329341316,363,0,0.0,363,100.0,0,0.0,91,0,0,0,0,0,0,0,33.28855349049935,24051,21617,0.619516860005821,0.5114132468504429,15.076296203900046,33.557046979865774,0.0,ModelParams,v3,1779374312.4691155,0.0,0.0,47.0,51.64835164835166,44.0,48.35164835164835,,,,,,
1,1992,18394,74,0.4023050994889638,0.39265434336112115,28,28,37.83783783783784,46,0,31.695117973252145,68.30488202674785,0.0,10,0.05436555398499511,17,45,13.513513513513514,10,60.810810810810814,45,1.3513513513513513,1,22.972972972972975,17,24245,16742,7497,0,16742,0,0,0,23177,23177,100.0,0,0.0,0,0.0,8760,4449,50.787671232876704,4311,49.21232876712329,0,0.0,859,216,25.145518044237487,436,50.756693830034926,207,24.09778812572759,369,0,0.0,369,100.0,0,0.0,92,0,0,0,0,0,0,0,33.431759125592905,24245,21789,0.6228088265621777,0.5155702206640544,15.075273252216952,35.099337748344375,0.0,ModelParams,v3,1779374312.4691155,0.0,0.0,48.0,52.17391304347826,44.0,47.82608695652174,,,,,,
1,1993,18379,75,0.40807443277653843,0.3987433542774287,30,30,40.0,45,0,31.563197127155995,68.436802872844,0.0,10,0.05440992437020513,18,45,13.333333333333334,10,60.0,45,1.3333333333333335,1,24.0,18,24363,17081,7718,0,17081,0,0,0,23879,23879,100.0,0,0.0,0,0.0,9045,4585,50.690989496959645,4460,49.309010503040355,0,0.0,888,226,25.45045045045045,450,50.67567567567568,212,23.873873873873876,381,0,0.0,381,100.0,0,0.0,94,0,0,0,0,0,0,0,33.655584287649305,24363,21911,0.6321060624717809,0.5171776874769117,15.12949965111029,37.01298701298701,0.0,ModelParams,v3,1779374312.4691155,0.0,0.0,49.0,52.12765957446809,45.0,47.87234042553192,,,,,,
1,1994,18403,74,0.40210835189914684,0.3918967804172193,32,32,43.24324324324324,42,0,31.549203934141172,68.45079606585884,0.0,10,0.054338966472857686,17,45,13.513513513513514,10,60.810810810810814,45,1.3513513513513513,1,22.972972972972975,17,24460,17414,7954,0,17414,0,0,0,24322,24322,100.0,0,0.0,0,0.0,9208,4675,50.77106863596872,4533,49.228931364031276,0,0.0,904,228,25.221238938053098,460,50.88495575221239,216,23.893805309734514,385,0,0.0,385,100.0,0,0.0,98,0,0,0,0,0,0,0,33.86504497138185,24460,22008,0.6459525756336877,0.5110384300899428,15.122649223221588,39.24050632911392,0.0,ModelParams,v3,1779374312.4691155,0.0,0.0,53.0,54.08163265306123,45.0,45.91836734693878,,,,,,
1,1995,18320,73,0.39847161572052403,0.3876908165737824,32,32,43.83561643835616,41,0,31.54475982532751,68.4552401746725,0.0,10,0.05458515283842794,18,43,13.698630136986301,10,58.9041095890411,43,1.36986301369863,1,24.65753424657534,18,24515,17719,8204,0,17719,0,0,0,24780,24780,100.0,0,0.0,0,0.0,9387,4762,50.729732608927236,4625,49.27026739107276,0,0.0,919,231,25.13601741022851,469,51.03373231773667,219,23.83025027203482,393,0,0.0,393,100.0,0,0.0,101,0,0,0,0,0,0,0,34.09944931674485,24515,22061,0.6404242300632266,0.5139710381399144,15.137670813787476,42.675159235668794,0.0,ModelParams,v3,1779374312.4691155,0.0,0.0,55.0,54.45544554455446,46.0,45.54455445544555,,,,,,
1,1996,18295,73,0.39901612462421426,0.38827883273675906,34,34,46.57534246575342,39,0,31.407488384804594,68.5925116151954,0.0,9,0.04919376878928669,18,45,12.32876712328767,9,61.64383561643836,45,1.36986301369863,1,24.65753424657534,18,24598,18052,8454,0,18052,0,0,0,25188,25188,100.0,0,0.0,0,0.0,9571,4858,50.75749660432557,4713,49.24250339567443,0,0.0,934,233,24.946466809421842,478,51.17773019271949,223,23.87580299785867,399,0,0.0,399,100.0,0,0.0,102,0,0,0,0,0,0,0,34.275510204081634,24598,22130,0.6260671599317018,0.5000406537116838,15.167899829254411,44.15584415584416,0.0,ModelParams,v3,1779374312.4691155,0.0,0.0,55.0,53.92156862745098,47.0,46.07843137254902,,,,,,
1,1997,18193,72,0.39575660968504367,0.3844980164784864,34,34,47.22222222222222,38,0,31.308745121750125,68.69125487824988,0.0,8,0.04397295663167152,20,43,11.11111111111111,8,59.72222222222222,43,1.3888888888888888,1,27.77777777777778,20,24650,18355,8705,0,18355,0,0,0,25608,25608,100.0,0,0.0,0,0.0,9723,4934,50.74565463334362,4789,49.25434536665638,0,0.0,946,236,24.947145877378436,486,51.37420718816068,224,23.678646934460886,409,0,0.0,409,100.0,0,0.0,108,0,0,0,0,0,0,0,34.52799188640974,24650,22165,0.6125760649087221,0.4989858012170385,15.115618661257606,45.6953642384106,0.0,ModelParams,v3,1779374312.4691155,0.0,0.0,58.0,53.70370370370371,50.0,46.2962962962963,,,,,,
1,1998,18061,72,0.398649022756215,0.38728714575520995,37,37,51.388888888888886,35,0,30.917446431537567,69.08255356846243,0.0,9,0.049831127844526875,19,43,12.5,9,59.72222222222222,43,1.3888888888888888,1,26.38888888888889,19,24646,18637,8991,0,18637,0,0,0,25988,25988,100.0,0,0.0,0,0.0,9855,5007,50.80669710806697,4848,49.19330289193303,0,0.0,962,239,24.844074844074846,495,51.45530145530145,228,23.7006237006237,413,0,0.0,413,100.0,0,0.0,110,0,0,0,0,0,0,0,34.77602856447294,24646,22164,0.6086180313235413,0.4990667856853039,15.10184208390814,50.0,0.0,ModelParams,v3,1779374312.4691155,0.0,0.0,59.0,53.63636363636364,51.0,46.36363636363636,,,,,,
1,1999,17932,71,0.39594021860361367,0.3838771593090211,42,42,59.154929577464785,29,0,30.16395271023868,69.83604728976131,0.0,9,0.050189605175105956,18,43,12.676056338028168,9,60.56338028169014,43,1.4084507042253522,1,25.352112676056336,18,24608,18868,9260,0,18868,0,0,0,26300,26300,100.0,0,0.0,0,0.0,9976,5081,50.93223736968725,4895,49.06776263031275,0,0.0,967,240,24.819027921406413,498,51.499482936918305,229,23.681489141675286,421,0,0.0,421,100.0,0,0.0,111,0,0,0,0,0,0,0,35.0729843953186,24608,22140,0.6054941482444733,0.4957737321196359,15.125162548764628,55.033557046979865,0.0,ModelParams,v3,1779374312.4691155,0.0,0.0,59.0,53.153153153153156,52.0,46.846846846846844,,,,,,
1,2000,17773,69,0.38822933663422043,0.37462537462537465,41,41,59.42028985507246,28,0,29.23535700219434,70.76464299780567,0.0,10,0.0562651212513363,19,40,14.492753623188406,10,57.971014492753625,40,0.0,0,27.536231884057973,19,24556,19064,9508,0,19064,0,0,0,26484,26484,100.0,0,0.0,0,0.0,10048,5111,50.86584394904459,4937,49.13415605095541,0,0.0,977,245,25.07676560900716,502,51.381780962128964,230,23.541453428863868,422,0,0.0,422,100.0,0,0.0,112,0,0,0,0,0,0,0,35.46811369929956,24556,22093,0.602704023456589,0.49275126242058964,15.14090242710539,54.729729729729726,0.0,ModelParams,v3,1779374312.4691155,0.0,0.0,59.0,52.67857142857143,53.0,47.32142857142857,,,,,,
1,2001,17639,69,0.3911786382447984,0.3774059630142156,39,39,56.52173913043478,30,0,28.14785418674528,71.85214581325472,0.0,10,0.056692556267362096,19,40,14.492753623188406,10,57.971014492753625,40,0.0,0,27.536231884057973,19,24532,19262,9730,0,19262,0,0,0,26860,26860,100.0,0,0.0,0,0.0,10189,5180,50.83914024928845,5009,49.16085975071155,0,0.0,989,249,25.176946410515672,509,51.46612740141558,231,23.356926188068755,427,0,0.0,427,100.0,0,0.0,114,0,0,0,0,0,0,0,35.88582259905429,24532,22066,0.5951410402739279,0.5054622533833361,15.106799282569705,55.47945205479452,0.0,ModelParams,v3,1779374312.4691155,0.0,0.0,61.0,53.50877192982456,53.0,46.49122807017544,,,,,,
1,2002,17479,68,0.38903827450082956,0.3872769982858231,42,42,61.76470588235294,26,0,27.215515761771268,72.78448423822873,0.0,9,0.05149035986040391,19,40,13.23529411764706,9,58.82352941176471,40,0.0,0,27.941176470588236,19,24481,19481,10000,0,19481,0,0,0,27168,27168,100.0,0,0.0,0,0.0,10307,5231,50.75191617347434,5076,49.248083826525665,0,0.0,995,252,25.326633165829143,510,51.256281407035175,233,23.417085427135678,432,0,0.0,432,100.0,0,0.0,116,0,0,0,0,0,0,0,36.20950941546506,24481,22017,0.5882112658796618,0.4942608553572158,15.18320330051877,57.638888888888886,0.0,ModelParams,v3,1779374312.4691155,0.0,0.0,62.0,53.44827586206896,54.0,46.55172413793103,,,,,,
1,2003,17307,69,0.39868261397122556,0.39751234211707376,44,44,63.76811594202898,25,0,26.295718495406483,73.70428150459351,0.0,9,0.05200208008320333,20,40,13.043478260869565,9,57.971014492753625,40,0.0,0,28.985507246376812,20,24411,19668,10257,0,19668,0,0,0,27478,27478,100.0,0,0.0,0,0.0,10423,5294,50.79151875659599,5129,49.20848124340401,0,0.0,1006,254,25.24850894632207,516,51.29224652087475,236,23.45924453280318,439,0,0.0,439,100.0,0,0.0,119,0,0,0,0,0,0,0,36.605464749498175,24411,21958,0.5898979968047192,0.4997746917373315,15.132522223587728,59.72222222222222,0.0,ModelParams,v3,1779374312.4691155,0.0,0.0,62.0,52.10084033613446,57.0,47.89915966386555,,,,,,
1,2004,17108,69,0.403320084171148,0.40210130358648416,44,44,63.76811594202898,25,0,25.461772270282907,74.5382277297171,0.0,10,0.058452186111760576,18,41,14.492753623188406,10,59.42028985507246,41,0.0,0,26.08695652173913,18,24356,19894,10538,0,19894,0,0,0,27783,27783,100.0,0,0.0,0,0.0,10553,5367,50.85757604472661,5186,49.14242395527339,0,0.0,1020,259,25.392156862745097,522,51.17647058823529,239,23.431372549019606,440,0,0.0,440,100.0,0,0.0,120,0,0,0,0,0,0,0,36.93430776810642,24356,21907,0.5871243225488586,0.4926917392018394,15.179011331910003,59.44055944055944,0.0,ModelParams,v3,1779374312.4691155,0.0,0.0,62.0,51.66666666666667,58.0,48.333333333333336,,,,,,
1,2005,16904,66,0.3904401325130147,0.4005515792238492,44,44,66.66666666666666,22,0,24.45575011831519,75.5442498816848,0.0,9,0.05324183625177473,18,39,13.636363636363635,9,59.09090909090909,39,0.0,0,27.27272727272727,18,24299,20098,10799,0,20098,0,0,0,28079,28079,100.0,0,0.0,0,0.0,10661,5426,50.8957883875809,5235,49.1042116124191,0,0.0,1028,261,25.389105058365757,524,50.97276264591439,243,23.638132295719842,444,0,0.0,444,100.0,0,0.0,121,0,0,0,0,0,0,0,37.295650026750074,24299,21847,0.5843861887320466,0.4897320877402362,15.13230997160377,60.56338028169014,0.0,ModelParams,v3,1779374312.4691155,0.0,0.0,63.0,52.066115702479344,58.0,47.93388429752066,,,,,,
1,2006,16766,67,0.3996182750805201,0.4105416501125679,45,45,67.16417910447761,22,0,23.63712274841942,76.36287725158057,0.0,9,0.05368006680186091,18,40,13.432835820895523,9,59.70149253731343,40,0.0,0,26.865671641791046,18,24235,20332,11097,0,20332,0,0,0,28422,28422,100.0,0,0.0,0,0.0,10787,5490,50.894595346250114,5297,49.105404653749886,0,0.0,1036,263,25.386100386100384,528,50.965250965250966,245,23.64864864864865,449,0,0.0,449,100.0,0,0.0,123,0,0,0,0,0,0,0,37.55316690736538,24235,21783,0.5694243862182794,0.48689911285331133,15.126882607798638,63.04347826086957,0.0,ModelParams,v3,1779374312.4691155,0.0,0.0,65.0,52.84552845528455,58.0,47.15447154471545,,,,,,
1,2007,16614,68,0.40929336703984587,0.42766455061810893,48,48,70.58823529411765,20,0,22.788010111953774,77.21198988804623,0.0,9,0.054171180931744306,19,40,13.23529411764706,9,58.82352941176471,40,0.0,0,27.941176470588236,19,24171,20566,11395,0,20566,0,0,0,28587,28587,100.0,0,0.0,0,0.0,10849,5521,50.88948290164992,5328,49.11051709835007,0,0.0,1039,263,25.312800769971126,530,51.01058710298364,246,23.676612127045235,450,0,0.0,450,100.0,0,0.0,126,0,0,0,0,0,0,0,37.828885854950144,24171,21725,0.5667949195316702,0.4923255140457573,15.08832898928468,67.15328467153284,0.0,ModelParams,v3,1779374312.4691155,0.0,0.0,66.0,52.38095238095239,60.0,47.61904761904761,,,,,,
1,2008,16421,67,0.408014128250411,0.4329297165663262,49,49,73.13432835820896,18,0,22.422507764447964,77.57749223555204,0.0,8,0.04871810486572072,18,41,11.940298507462686,8,61.19402985074627,41,0.0,0,26.865671641791046,18,24110,20799,11689,0,20799,0,0,0,29096,29096,100.0,0,0.0,0,0.0,11058,5629,50.90432266232592,5429,49.09567733767408,0,0.0,1054,267,25.332068311195442,537,50.948766603415564,250,23.719165085388994,456,0,0.0,456,100.0,0,0.0,128,0,0,0,0,0,0,0,38.08875985068436,24110,21668,0.5682289506428868,0.48942347573620903,15.022812111157197,68.61313868613139,0.0,ModelParams,v3,1779374312.4691155,0.0,0.0,66.0,51.5625,62.0,48.4375,,,,,,
1,2009,16281,65,0.39923837602112894,0.4226312201772325,51,51,78.46153846153847,14,0,22.037958356366318,77.96204164363368,0.0,8,0.04913703089490818,17,40,12.307692307692308,8,61.53846153846154,40,0.0,0,26.153846153846157,17,24062,21037,11975,0,21037,0,0,0,29453,29453,100.0,0,0.0,0,0.0,11188,5697,50.920629245620304,5491,49.079370754379696,0,0.0,1070,272,25.42056074766355,544,50.8411214953271,254,23.738317757009344,460,0,0.0,460,100.0,0,0.0,128,0,0,0,0,0,0,0,38.37075056105062,24062,21633,0.5735184107721719,0.4862438700024936,15.036156595461724,70.28985507246377,0.0,ModelParams,v3,1779374312.4691155,0.0,0.0,66.0,51.5625,62.0,48.4375,,,,,,
1,2010,16114,64,0.39717016259153526,0.4201391280391212,52,52,81.25,12,0,21.875387861486907,78.1246121385131,0.0,9,0.055852054114434654,17,38,14.0625,9,59.375,38,0.0,0,26.5625,17,23981,21278,12297,0,21278,0,0,0,29771,29771,100.0,0,0.0,0,0.0,11322,5762,50.892068539127365,5560,49.10793146087264,0,0.0,1081,276,25.53191489361702,550,50.87881591119334,255,23.589269195189637,465,0,0.0,465,100.0,0,0.0,129,0,0,0,0,0,0,0,38.591218047621034,23981,21557,0.5629456653183771,0.4878862432759268,15.032734247946292,73.33333333333333,0.0,ModelParams,v3,1779374312.4691155,0.0,0.0,66.0,51.162790697674424,63.0,48.837209302325576,,,,,,
1,2011,15979,65,0.40678390387383445,0.4305256579404208,53,53,81.53846153846153,12,0,21.709744039051255,78.29025596094874,0.0,9,0.05632392515176168,18,38,13.846153846153847,9,58.46153846153847,38,0.0,0,27.692307692307693,18,23923,21555,12632,0,21555,0,0,0,29971,29971,100.0,0,0.0,0,0.0,11389,5787,50.812187198173675,5602,49.187812801826325,0,0.0,1087,278,25.57497700091996,553,50.873965041398336,256,23.551057957681692,469,0,0.0,469,100.0,0,0.0,129,0,0,0,0,0,0,0,38.73122100071061,23923,21503,0.5643104961752289,0.4807089411863061,15.044099820256656,71.85185185185186,0.0,ModelParams,v3,1779374312.4691155,0.0,0.0,66.0,51.162790697674424,63.0,48.837209302325576,,,,,,
1,2012,15817,64,0.4046279319719289,0.4279200280603297,54,54,84.375,10,0,21.653916671935256,78.34608332806474,0.0,8,0.050578491496491115,18,38,12.5,8,59.375,38,0.0,0,28.125,18,23884,21815,12931,0,21815,0,0,0,30545,30545,100.0,0,0.0,0,0.0,11611,5906,50.86555852209113,5705,49.13444147790888,0,0.0,1102,286,25.952813067150636,558,50.635208711433755,258,23.41197822141561,473,0,0.0,473,100.0,0,0.0,134,0,0,0,0,0,0,0,38.9429743761514,23884,21466,0.5610450510802211,0.47312008038854464,15.010048568079048,72.38805970149254,0.0,ModelParams,v3,1779374312.4691155,0.0,0.0,68.0,50.74626865671642,66.0,49.25373134328358,,,,,,
1,2013,15695,61,0.38865880853775087,0.4103580019810386,53,53,86.88524590163934,8,0,21.733035998725708,78.26696400127429,0.0,8,0.05097164702134438,17,36,13.114754098360656,8,59.01639344262295,36,0.0,0,27.86885245901639,17,23831,22081,13250,0,22081,0,0,0,30738,30738,100.0,0,0.0,0,0.0,11673,5936,50.85239441446072,5737,49.14760558553928,0,0.0,1109,287,25.87917042380523,561,50.586113615870154,261,23.53471596032462,475,0,0.0,475,100.0,0,0.0,135,1,0,0,0,0,0,0,39.11791364189501,23831,21417,0.562292811883681,0.4573874365322479,15.009861105283035,70.1492537313433,0.0,ModelParams,v3,1779374312.4691155,0.0,0.0,69.0,51.11111111111111,66.0,48.888888888888886,0.0,0.0,0.0,0.0,1.0,100.0
1,2014,15601,62,0.39741042240881996,0.4198391802462108,55,55,88.70967741935483,7,0,22.3895904108711,77.6104095891289,0.0,8,0.05127876418178322,17,37,12.903225806451612,8,59.67741935483871,37,0.0,0,27.419354838709676,17,23803,22393,13590,0,22393,0,0,0,31158,31158,100.0,0,0.0,0,0.0,11835,6016,50.83227714406422,5819,49.167722855935786,0,0.0,1121,290,25.869759143621767,566,50.490633363068696,265,23.639607493309544,481,0,0.0,481,100.0,0,0.0,136,2,0,0,0,0,0,0,39.1931269167752,23803,21389,0.5587530983489476,0.4621266226946183,14.9476956686132,72.18045112781954,0.0,ModelParams,v3,1779374312.4691155,0.0,0.0,69.0,50.73529411764706,67.0,49.26470588235294,0.0,0.0,0.0,0.0,2.0,100.0
1,2015,15472,65,0.4201137538779732,0.43815543743714985,59,59,90.76923076923077,6,0,22.892967942088934,77.10703205791106,0.0,8,0.0517063081695967,18,39,12.307692307692308,8,60.0,39,0.0,0,27.692307692307693,18,23709,22638,13929,0,22638,0,0,0,31698,31698,100.0,0,0.0,0,0.0,12055,6132,50.866860223973454,5923,49.133139776026546,0,0.0,1141,299,26.205083260297986,572,50.13146362839615,270,23.66345311130587,490,0,0.0,490,100.0,0,0.0,141,2,0,0,0,0,0,0,39.373950820363575,23709,21300,0.5567506010375807,0.4681766417816019,14.977434729427644,74.24242424242425,0.0,ModelParams,v3,1779374312.4691155,0.0,0.0,71.0,50.35460992907801,70.0,49.645390070921984,0.0,0.0,0.0,0.0,2.0,100.0
1,2016,15351,64,0.41691095042668225,0.43459365493263796,58,58,90.625,6,0,23.575011399908803,76.4249886000912,0.0,8,0.05211386880333528,19,37,12.5,8,57.8125,37,0.0,0,29.6875,19,23660,22915,14255,0,22915,0,0,0,32062,32062,100.0,0,0.0,0,0.0,12222,6219,50.88365243004418,6003,49.11634756995581,0,0.0,1153,302,26.192541196877713,577,50.043365134431916,274,23.76409366869037,495,0,0.0,495,100.0,0,0.0,143,2,0,0,0,0,0,0,39.52514792899408,23660,21264,0.5663567202028741,0.4733727810650888,15.021132713440405,73.88059701492537,0.0,ModelParams,v3,1779374312.4691155,0.0,0.0,72.0,50.349650349650354,71.0,49.65034965034965,0.0,0.0,0.0,0.0,2.0,100.0
1,2017,15252,68,0.44584316810910046,0.4663363450888954,60,60,88.23529411764706,8,0,23.9771833202203,76.02281667977971,0.0,10,0.06556517178075007,20,38,14.705882352941178,10,55.88235294117647,38,0.0,0,29.411764705882355,20,23592,23176,14584,0,23176,0,0,0,32421,32421,100.0,0,0.0,0,0.0,12376,6301,50.913057530704585,6075,49.08694246929541,0,0.0,1162,306,26.333907056798623,581,50.0,275,23.666092943201377,499,0,0.0,499,100.0,0,0.0,145,2,0,0,0,0,0,0,39.710071210579855,23592,21210,0.5722278738555442,0.4916920990166158,14.983892845032216,75.55555555555556,0.0,ModelParams,v3,1779374312.4691155,0.0,0.0,73.0,50.3448275862069,72.0,49.6551724137931,0.0,0.0,0.0,0.0,2.0,100.0
1,2018,15104,67,0.4435911016949153,0.4639858594785683,58,58,86.56716417910447,9,0,24.649099576271187,75.35090042372882,0.0,10,0.06620762711864406,20,37,14.925373134328357,10,55.223880597014926,37,0.0,0,29.850746268656714,20,23541,23430,14889,0,23430,0,0,0,32795,32795,100.0,0,0.0,0,0.0,12508,6374,50.9593859929645,6134,49.0406140070355,0,0.0,1177,307,26.08326253186066,591,50.21240441801189,279,23.704333050127442,507,0,0.0,507,100.0,0,0.0,147,2,0,0,0,0,0,0,39.89664840066268,23541,21156,0.5734675672231426,0.47576568539994046,14.999362813814196,73.33333333333333,0.0,ModelParams,v3,1779374312.4691155,0.0,0.0,74.0,50.34013605442177,73.0,49.65986394557823,0.0,0.0,0.0,0.0,2.0,100.0
1,2019,14998,67,0.44672623016402185,0.46725506192983757,59,59,88.05970149253731,8,0,25.036671556207494,74.9633284437925,0.0,10,0.06667555674089878,20,37,14.925373134328357,10,55.223880597014926,37,0.0,0,29.850746268656714,20,23475,23687,15212,0,23687,0,0,0,33163,33163,100.0,0,0.0,0,0.0,12640,6434,50.90189873417722,6206,49.098101265822784,0,0.0,1185,307,25.90717299578059,598,50.46413502109704,280,23.628691983122362,513,0,0.0,513,100.0,0,0.0,149,2,0,0,0,0,0,0,40.04562300319489,23475,21088,0.5708200212992546,0.46432374866879655,14.964856230031948,72.38805970149254,0.0,ModelParams,v3,1779374312.4691155,0.0,0.0,75.0,50.33557046979866,74.0,49.664429530201346,0.0,0.0,0.0,0.0,2.0,100.0
1,2020,14813,68,0.4590562343887127,0.4804804804804805,59,59,86.76470588235294,9,0,25.585634240194423,74.41436575980558,0.0,10,0.06750826976304597,20,38,14.705882352941178,10,55.88235294117647,38,0.0,0,29.411764705882355,20,23299,23931,15632,0,23931,0,0,0,33507,33507,100.0,0,0.0,0,0.0,12781,6505,50.8958610437368,6276,49.104138956263206,0,0.0,1199,311,25.938281901584652,602,50.20850708924104,286,23.853211009174313,517,0,0.0,517,100.0,0,0.0,149,2,0,0,0,0,0,0,40.136786986565944,23299,20935,0.575131979913301,0.48499935619554485,15.043564101463582,73.13432835820896,0.0,ModelParams,v3,1779374312.4691155,0.0,0.0,75.0,50.33557046979866,74.0,49.664429530201346,0.0,0.0,0.0,0.0,2.0,100.0
1,2021,14663,64,0.43647275455227447,0.4549590536851683,57,57,89.0625,7,0,25.93602946191093,74.06397053808907,0.0,10,0.06819886789879288,20,34,15.625,10,53.125,34,0.0,0,31.25,20,23152,24183,16031,0,24183,0,0,0,33838,33838,100.0,0,0.0,0,0.0,12909,6564,50.84824541017895,6345,49.15175458982105,0,0.0,1211,315,26.011560693641616,607,50.12386457473163,289,23.864574731626757,521,0,0.0,521,100.0,0,0.0,150,2,0,0,0,0,0,0,40.246155839668276,23152,20795,0.574464409122322,0.47944022114720114,15.03541810642709,75.18796992481202,0.0,ModelParams,v3,1779374312.4691155,0.0,0.0,76.0,50.66666666666667,74.0,49.333333333333336,0.0,0.0,0.0,0.0,2.0,100.0
1,2022,14528,63,0.4336453744493392,0.4515536506964641,57,57,90.47619047619048,6,0,26.25275330396476,73.74724669603523,0.0,10,0.06883259911894274,20,33,15.873015873015872,10,52.38095238095239,33,0.0,0,31.746031746031743,20,23058,24424,16366,0,24424,0,0,0,34202,34202,100.0,0,0.0,0,0.0,13066,6649,50.88780039797949,6417,49.11219960202051,0,0.0,1221,320,26.208026208026208,611,50.04095004095004,290,23.75102375102375,526,0,0.0,526,100.0,0,0.0,151,2,0,0,0,0,0,0,40.404588429178595,23058,20717,0.5811432040940238,0.4770578541070344,15.04466996270275,76.11940298507463,0.0,ModelParams,v3,1779374312.4691155,0.0,0.0,77.0,50.993377483443716,74.0,49.00662251655629,0.0,0.0,0.0,0.0,2.0,100.0
1,2023,14425,63,0.43674176776429807,0.44708240191166265,56,56,88.88888888888889,7,0,26.682842287694974,73.31715771230503,0.0,11,0.07625649913344887,19,33,17.46031746031746,11,52.38095238095239,33,0.0,0,30.158730158730158,19,23032,24687,16655,0,24687,0,0,0,34486,34486,100.0,0,0.0,0,0.0,13198,6714,50.87134414305198,6484,49.12865585694802,0,0.0,1236,326,26.375404530744333,616,49.83818770226537,294,23.78640776699029,531,0,0.0,531,100.0,0,0.0,151,2,0,0,0,0,0,0,40.59313129558875,23032,20691,0.5904828065300451,0.47759638763459533,15.092045849253214,74.26470588235294,0.0,ModelParams,v3,1779374312.4691155,0.0,0.0,77.0,50.993377483443716,74.0,49.00662251655629,0.0,0.0,0.0,0.0,2.0,100.0
1,2024,14301,62,0.4335361163554996,0.4431314623338257,55,55,88.70967741935483,7,0,26.823299069995105,73.17670093000488,0.0,11,0.07691769806307251,17,34,17.741935483870968,11,54.83870967741935,34,0.0,0,27.419354838709676,17,22903,24915,17012,0,24915,0,0,0,34704,34704,100.0,0,0.0,0,0.0,13276,6751,50.85115998794818,6525,49.14884001205183,0,0.0,1246,328,26.324237560192614,622,49.919743178170144,296,23.756019261637242,532,0,0.0,532,100.0,0,0.0,152,2,0,0,0,0,0,0,40.75693140636598,22903,20584,0.6025411518141728,0.4890189058201982,15.002401432126797,74.63768115942028,0.0,ModelParams,v3,1779374312.4691155,0.0,0.0,78.0,51.31578947368421,74.0,48.68421052631579,0.0,0.0,0.0,0.0,2.0,100.0
1,2025,14176,60,0.4232505643340858,0.4388370817334065,51,51,85.0,9,0,27.095090293453723,72.90490970654628,0.0,9,0.06348758465011287,17,34,15.0,9,56.666666666666664,34,0.0,0,28.333333333333332,17,22797,25160,17363,0,25160,0,0,0,35165,35165,100.0,0,0.0,0,0.0,13465,6850,50.87263275157816,6615,49.127367248421834,0,0.0,1260,331,26.269841269841272,627,49.76190476190476,302,23.96825396825397,541,0,0.0,541,100.0,0,0.0,154,2,0,0,0,0,0,0,40.896916260911524,22797,20495,0.6053428082642454,0.49129271395359037,14.988814317673377,73.18840579710145,0.0,ModelParams,v3,1779374312.4691155,0.0,0.0,79.0,51.298701298701296,75.0,48.701298701298704,0.0,0.0,0.0,0.0,2.0,100.0
1,2026,14069,58,0.4122538915345796,0.42664138421426884,50,50,86.20689655172413,8,0,27.045276849811646,72.95472315018836,0.0,10,0.0710782571611344,15,33,17.24137931034483,10,56.896551724137936,33,0.0,0,25.862068965517242,15,22713,25403,17690,0,25403,0,0,0,35344,35344,100.0,0,0.0,0,0.0,13525,6880,50.86876155268022,6645,49.13123844731978,0,0.0,1262,331,26.22820919175911,627,49.68304278922345,304,24.088748019017434,542,0,0.0,542,100.0,0,0.0,155,2,0,0,0,0,0,0,41.06040593492713,22713,20431,0.6075815612204464,0.49310967287456525,14.951789723946638,73.91304347826086,0.0,ModelParams,v3,1779374312.4691155,0.0,0.0,79.0,50.967741935483865,76.0,49.03225806451613,0.0,0.0,0.0,0.0,2.0,100.0
1,2027,13906,59,0.42427729037825396,0.4396482813749001,50,50,84.7457627118644,9,0,26.952394649791454,73.04760535020854,0.0,11,0.07910254566374228,15,33,18.64406779661017,11,55.932203389830505,33,0.0,0,25.423728813559322,15,22497,25607,18110,0,25607,0,0,0,35639,35639,100.0,0,0.0,0,0.0,13639,6936,50.85416819414913,6703,49.14583180585087,0,0.0,1269,334,26.31993695823483,629,49.5665878644602,306,24.113475177304963,545,0,0.0,545,100.0,0,0.0,157,2,0,0,0,0,0,0,41.15402053607148,22497,20253,0.604525047784149,0.48450904565053116,14.935324709961328,71.32352941176471,0.0,ModelParams,v3,1779374312.4691155,0.0,0.0,81.0,51.59235668789809,76.0,48.40764331210191,0.0,0.0,0.0,0.0,2.0,100.0
1,2028,13763,58,0.42141974860132236,0.4362578768783325,51,51,87.93103448275862,7,0,26.912737048608587,73.08726295139141,0.0,11,0.07992443507956114,15,32,18.96551724137931,11,55.172413793103445,32,0.0,0,25.862068965517242,15,22336,25826,18490,0,25826,0,0,0,35937,35937,100.0,0,0.0,0,0.0,13773,7000,50.824076090902494,6773,49.175923909097506,0,0.0,1281,336,26.229508196721312,637,49.72677595628415,308,24.043715846994534,551,0,0.0,551,100.0,0,0.0,158,2,0,0,0,0,0,0,41.2550590974212,22336,20099,0.5999283667621776,0.4745702005730659,14.908667621776504,72.38805970149254,0.0,ModelParams,v3,1779374312.4691155,0.0,0.0,82.0,51.89873417721519,76.0,48.10126582278481,0.0,0.0,0.0,0.0,2.0,100.0
1,2029,13675,57,0.416819012797075,0.4312449145646867,50,50,87.71929824561403,7,0,26.515539305301644,73.48446069469836,0.0,11,0.08043875685557587,15,31,19.298245614035086,11,54.385964912280706,31,0.0,0,26.31578947368421,15,22186,26059,18873,0,26059,0,0,0,36230,36230,100.0,0,0.0,0,0.0,13882,7056,50.828410891802335,6826,49.171589108197665,0,0.0,1288,337,26.164596273291924,641,49.767080745341616,310,24.06832298136646,560,0,0.0,560,100.0,0,0.0,159,3,0,0,0,0,0,0,41.31893987199135,22186,19960,0.5994771477508338,0.47327143243486886,14.910303795186152,72.18045112781954,0.0,ModelParams,v3,1779374312.4691155,0.0,0.0,83.0,52.20125786163522,76.0,47.79874213836478,0.0,0.0,0.0,0.0,3.0,100.0
1,2030,13509,57,0.42194092827004215,0.4367891874072853,49,49,85.96491228070175,8,0,26.27137463912947,73.72862536087052,0.0,11,0.08142719668369236,14,32,19.298245614035086,11,56.14035087719298,32,0.0,0,24.561403508771928,14,21945,26226,19281,0,26226,0,0,0,36340,36340,100.0,0,0.0,0,0.0,13935,7085,50.843200574094006,6850,49.156799425905994,0,0.0,1290,337,26.124031007751935,643,49.84496124031008,310,24.031007751937985,562,0,0.0,562,100.0,0,0.0,159,3,0,0,0,0,0,0,41.47901572112099,21945,19748,0.6015037593984963,0.4784688995215311,14.96468443836865,71.96969696969697,0.0,ModelParams,v3,1779374312.4691155,0.0,0.0,83.0,52.20125786163522,76.0,47.79874213836478,0.0,0.0,0.0,0.0,3.0,100.0
1,2031,13352,54,0.40443379269023366,0.4169446297531688,46,46,85.18518518518519,8,0,26.14589574595566,73.85410425404434,0.0,11,0.0823846614739365,13,30,20.37037037037037,11,55.55555555555556,30,0.0,0,24.074074074074073,13,21771,26440,19669,0,26440,0,0,0,36651,36651,100.0,0,0.0,0,0.0,14043,7142,50.85807875810012,6901,49.14192124189988,0,0.0,1297,338,26.060138781804167,645,49.73014649190439,314,24.20971472629144,567,0,0.0,567,100.0,0,0.0,160,3,0,0,0,0,0,0,41.56561480869046,21771,19589,0.5879380827706582,0.47769969225115977,14.978641311836846,73.4375,0.0,ModelParams,v3,1779374312.4691155,0.0,0.0,84.0,52.5,76.0,47.5,0.0,0.0,0.0,0.0,3.0,100.0
1,2032,13185,55,0.41714069017823285,0.43110735418427726,46,46,83.63636363636363,9,0,25.961319681456203,74.0386803185438,0.0,11,0.08342813803564657,13,31,20.0,11,56.36363636363636,31,0.0,0,23.636363636363637,13,21586,26631,20045,0,26631,0,0,0,37094,37094,100.0,0,0.0,0,0.0,14207,7221,50.82705708453579,6986,49.172942915464205,0,0.0,1316,344,26.13981762917933,654,49.69604863221885,318,24.164133738601823,574,0,0.0,574,100.0,0,0.0,161,3,0,0,0,0,0,0,41.685444269433894,21586,19418,0.588344297229686,0.4817937552117113,14.889280088946538,72.44094488188976,0.0,ModelParams,v3,1779374312.4691155,0.0,0.0,85.0,52.79503105590062,76.0,47.20496894409938,0.0,0.0,0.0,0.0,3.0,100.0
1,2033,13007,53,0.4074728992081187,0.4195205479452055,45,45,84.90566037735849,8,0,25.85530867994157,74.14469132005843,0.0,11,0.0845698470054586,12,30,20.754716981132077,11,56.60377358490566,30,0.0,0,22.641509433962266,12,21388,26829,20441,0,26829,0,0,0,37347,37347,100.0,0,0.0,0,0.0,14305,7273,50.84236281020622,7032,49.15763718979378,0,0.0,1322,344,26.021180030257185,660,49.92435703479576,318,24.05446293494705,576,0,0.0,576,100.0,0,0.0,162,3,0,0,0,0,0,0,41.77160089769964,21388,19247,0.5891153918084907,0.4815784552085281,14.90087899756873,73.01587301587301,0.0,ModelParams,v3,1779374312.4691155,0.0,0.0,86.0,53.086419753086425,76.0,46.913580246913575,0.0,0.0,0.0,0.0,3.0,100.0
1,2034,12778,48,0.3756456409453749,0.3919177843581258,40,40,83.33333333333334,8,0,25.67694474878698,74.32305525121302,0.0,9,0.07043355767725779,14,25,18.75,9,52.083333333333336,25,0.0,0,29.166666666666668,14,21164,27004,20840,0,27004,0,0,0,37598,37598,100.0,0,0.0,0,0.0,14404,7318,50.80533185226326,7086,49.19466814773674,0,0.0,1332,347,26.05105105105105,667,50.07507507507507,318,23.873873873873876,579,0,0.0,579,100.0,0,0.0,162,3,0,0,0,0,0,0,41.88636363636363,21164,19035,0.5906255906255906,0.48195048195048196,14.85068985068985,72.0,0.0,ModelParams,v3,1779374312.4691155,0.0,0.0,86.0,53.086419753086425,76.0,46.913580246913575,0.0,0.0,0.0,0.0,3.0,100.0
1,2035,12552,47,0.3744423199490121,0.3905209905032396,40,40,85.1063829787234,7,0,25.61344805608668,74.38655194391333,0.0,8,0.06373486297004462,14,25,17.02127659574468,8,53.191489361702125,25,0.0,0,29.78723404255319,14,20941,27179,21238,0,27179,0,0,0,37718,37718,100.0,0,0.0,0,0.0,14453,7337,50.764547152840244,7116,49.23545284715976,0,0.0,1336,348,26.047904191616766,668,50.0,320,23.952095808383234,581,0,0.0,581,100.0,0,0.0,162,3,0,0,0,0,0,0,42.00811804593859,20941,18828,0.596915142543336,0.48708275631536224,14.822596819636122,73.6,0.0,ModelParams,v3,1779374312.4691155,0.0,0.0,86.0,53.086419753086425,76.0,46.913580246913575,0.0,0.0,0.0,0.0,3.0,100.0
1,2036,12346,46,0.37259031265187104,0.38794658967881634,39,39,84.78260869565217,7,0,25.49003725903127,74.50996274096873,0.0,7,0.0566985258383282,14,25,15.217391304347828,7,54.347826086956516,25,0.0,0,30.434782608695656,14,20758,27360,21602,0,27360,0,0,0,38098,38098,100.0,0,0.0,0,0.0,14606,7401,50.670957140900995,7205,49.329042859099,0,0.0,1348,353,26.186943620178045,673,49.925816023738875,322,23.887240356083087,590,0,0.0,590,100.0,0,0.0,163,3,0,0,0,0,0,0,42.121350804509106,20758,18673,0.5973600539551016,0.48655939878601023,14.760574236438964,73.38709677419355,0.0,ModelParams,v3,1779374312.4691155,0.0,0.0,87.0,53.37423312883436,76.0,46.62576687116564,0.0,0.0,0.0,0.0,3.0,100.0
1,2037,12123,44,0.362946465396354,0.37683823529411764,38,38,86.36363636363636,6,0,25.554730677225105,74.44526932277489,0.0,6,0.04949269982677555,13,25,13.636363636363635,6,56.81818181818182,25,0.0,0,29.545454545454547,13,20621,27561,21940,0,27561,0,0,0,38368,38368,100.0,0,0.0,0,0.0,14717,7462,50.70326832914317,7255,49.29673167085683,0,0.0,1355,354,26.125461254612546,678,50.03690036900369,323,23.83763837638376,598,0,0.0,598,100.0,0,0.0,165,4,0,0,0,0,0,0,42.259783715629695,20621,18545,0.5722321904854275,0.4703942582803938,14.829542699190146,74.57627118644068,0.0,ModelParams,v3,1779374312.4691155,0.0,0.0,88.0,53.333333333333336,77.0,46.666666666666664,0.0,0.0,0.0,0.0,4.0,100.0
1,2038,11925,45,0.37735849056603776,0.3928538022635862,38,38,84.44444444444444,7,0,25.18238993710692,74.81761006289308,0.0,7,0.058700209643605866,13,25,15.555555555555555,7,55.55555555555556,25,0.0,0,28.888888888888886,13,20405,27727,22322,0,27727,0,0,0,38492,38492,100.0,0,0.0,0,0.0,14755,7478,50.681125042358524,7277,49.318874957641476,0,0.0,1358,354,26.06774668630339,680,50.07363770250368,324,23.85861561119293,599,0,0.0,599,100.0,0,0.0,165,4,0,0,0,0,0,0,42.39568733153639,20405,18336,0.5782896348934085,0.49007596177407503,14.800294045577065,76.27118644067797,0.0,ModelParams,v3,1779374312.4691155,0.0,0.0,88.0,53.333333333333336,77.0,46.666666666666664,0.0,0.0,0.0,0.0,4.0,100.0
1,2039,11693,44,0.37629350893697083,0.39137075219549444,38,38,86.36363636363636,6,0,25.280082100401952,74.71991789959806,0.0,7,0.059864876421790815,13,24,15.909090909090908,7,54.54545454545454,24,0.0,0,29.545454545454547,13,20227,27912,22685,0,27912,0,0,0,38751,38751,100.0,0,0.0,0,0.0,14855,7536,50.73039380679906,7319,49.26960619320094,0,0.0,1371,356,25.966447848285924,688,50.18234865061999,327,23.851203501094094,602,0,0.0,602,100.0,0,0.0,166,4,0,0,0,0,0,0,42.51915756167499,20227,18166,0.5784347654125673,0.4943886883868097,14.806941217184951,77.77777777777779,0.0,ModelParams,v3,1779374312.4691155,0.0,0.0,89.0,53.6144578313253,77.0,46.3855421686747,0.0,0.0,0.0,0.0,4.0,100.0
1,2040,11443,47,0.4107314515424277,0.4291845493562232,38,38,80.85106382978722,9,0,25.12453028052084,74.87546971947916,0.0,8,0.06991173643275365,14,25,17.02127659574468,8,53.191489361702125,25,0.0,0,29.78723404255319,14,20007,28073,23066,0,28073,0,0,0,38988,38988,100.0,0,0.0,0,0.0,14935,7574,50.71309005691329,7361,49.28690994308671,0,0.0,1376,357,25.944767441860467,690,50.145348837209305,329,23.90988372093023,603,0,0.0,603,100.0,0,0.0,167,4,0,0,0,0,0,0,42.634927775278655,20007,17974,0.5947918228619983,0.5148198130654271,14.764832308691958,77.31092436974791,0.0,ModelParams,v3,1779374312.4691155,0.0,0.0,90.0,53.89221556886228,77.0,46.10778443113773,0.0,0.0,0.0,0.0,4.0,100.0
1,2041,11244,47,0.4180007114905728,0.4272655007949126,37,37,78.72340425531915,10,0,25.035574528637493,74.9644254713625,0.0,8,0.0711490572749911,14,25,17.02127659574468,8,53.191489361702125,25,0.0,0,29.78723404255319,14,19817,28256,23439,0,28256,0,0,0,39257,39257,100.0,0,0.0,0,0.0,15043,7614,50.61490394203284,7429,49.38509605796716,0,0.0,1385,361,26.06498194945848,693,50.03610108303249,331,23.898916967509027,608,0,0.0,608,100.0,0,0.0,169,4,0,0,0,0,0,0,42.68315083009537,19817,17811,0.5904021799465106,0.5046172478175304,14.810516223444518,75.21367521367522,0.0,ModelParams,v3,1779374312.4691155,0.0,0.0,90.0,53.25443786982249,79.0,46.74556213017752,0.0,0.0,0.0,0.0,4.0,100.0
1,2042,11048,44,0.39826212889210716,0.4046535154274153,35,35,79.54545454545455,9,0,25.35300506879073,74.64699493120926,0.0,8,0.0724112961622013,13,23,18.181818181818183,8,52.27272727272727,23,0.0,0,29.545454545454547,13,19632,28445,23813,0,28445,0,0,0,39528,39528,100.0,0,0.0,0,0.0,15145,7669,50.637173984813465,7476,49.36282601518653,0,0.0,1394,361,25.896700143472025,699,50.14347202295553,334,23.959827833572454,613,0,0.0,613,100.0,0,0.0,169,5,0,0,0,0,0,0,42.72794417277914,19632,17646,0.5704971475142625,0.4940912795436023,14.807457212713937,75.89285714285714,0.0,ModelParams,v3,1779374312.4691155,0.0,0.0,90.0,53.25443786982249,79.0,46.74556213017752,0.0,0.0,0.0,0.0,5.0,100.0
1,2043,10896,42,0.3854625550660793,0.3899835796387521,34,34,80.95238095238095,8,0,25.38546255506608,74.61453744493393,0.0,7,0.06424375917767988,13,22,16.666666666666664,7,52.38095238095239,22,0.0,0,30.952380952380953,13,19418,28632,24214,0,28632,0,0,0,39806,39806,100.0,0,0.0,0,0.0,15244,7717,50.623196011545524,7527,49.376803988454476,0,0.0,1407,363,25.79957356076759,709,50.3909026297086,335,23.809523809523807,617,0,0.0,617,100.0,0,0.0,170,5,0,0,0,0,0,0,42.766814296014005,19418,17447,0.5716345658667216,0.49438665156040784,14.76465135441343,76.57657657657657,0.0,ModelParams,v3,1779374312.4691155,0.0,0.0,90.0,52.94117647058824,80.0,47.05882352941176,0.0,0.0,0.0,0.0,5.0,100.0
1,2044,10771,41,0.3806517500696314,0.38453543961754316,32,32,78.04878048780488,9,0,25.30869928511745,74.69130071488256,0.0,7,0.06498932318261999,14,20,17.073170731707318,7,48.78048780487805,20,0.0,0,34.146341463414636,14,19226,28824,24598,0,28824,0,0,0,40089,40089,100.0,0,0.0,0,0.0,15334,7762,50.61953828094431,7572,49.38046171905569,0,0.0,1413,365,25.831564048124555,712,50.38924274593064,336,23.7791932059448,619,0,0.0,619,100.0,0,0.0,171,5,0,0,0,0,0,0,42.771559346717986,19226,17270,0.5513367315094143,0.49412254239051284,14.745656922916883,78.30188679245283,0.0,ModelParams,v3,1779374312.4691155,0.0,0.0,91.0,53.216374269005854,80.0,46.783625730994146,0.0,0.0,0.0,0.0,5.0,100.0
1,2045,10682,43,0.40254633963677217,0.40889075277836023,34,34,79.06976744186046,9,0,25.94083504961618,74.05916495038383,0.0,7,0.0655307994757536,16,20,16.27906976744186,7,46.51162790697674,20,0.0,0,37.2093023255814,16,19091,29031,24940,0,29031,0,0,0,40362,40362,100.0,0,0.0,0,0.0,15456,7828,50.64699792960663,7628,49.35300207039337,0,0.0,1427,368,25.788367203924317,721,50.525578135949544,338,23.68605466012614,625,0,0.0,625,100.0,0,0.0,173,5,0,0,0,0,0,0,42.783039128385106,19091,17136,0.5657115918495625,0.5080928186056256,14.808024723691792,79.62962962962963,0.0,ModelParams,v3,1779374312.4691155,0.0,0.0,91.0,52.601156069364166,82.0,47.398843930635834,0.0,0.0,0.0,0.0,5.0,100.0
1,2046,10546,42,0.398255262658828,0.4034826927160756,33,33,78.57142857142857,9,0,25.85814526834819,74.14185473165182,0.0,6,0.056893608951261145,17,19,14.285714285714285,6,45.23809523809524,19,0.0,0,40.476190476190474,17,18905,29206,25301,0,29206,0,0,0,40608,40608,100.0,0,0.0,0,0.0,15564,7883,50.64893343613467,7681,49.35106656386533,0,0.0,1439,372,25.851285615010422,727,50.52119527449618,340,23.6275191104934,628,0,0.0,628,100.0,0,0.0,174,5,0,0,0,0,0,0,42.81798466014282,18905,16961,0.5606982279820153,0.5130917746627877,14.858503041523408,81.13207547169812,0.0,ModelParams,v3,1779374312.4691155,0.0,0.0,92.0,52.87356321839081,82.0,47.12643678160919,0.0,0.0,0.0,0.0,5.0,100.0
1,2047,10393,41,0.39449629558356586,0.39862098685628095,32,32,78.04878048780488,9,0,25.89242759549697,74.10757240450303,0.0,6,0.0577311652073511,16,19,14.634146341463413,6,46.34146341463415,19,0.0,0,39.02439024390244,16,18703,29360,25657,0,29360,0,0,0,40846,40846,100.0,0,0.0,0,0.0,15650,7926,50.64536741214057,7724,49.35463258785943,0,0.0,1449,375,25.87991718426501,731,50.44858523119393,343,23.67149758454106,632,0,0.0,632,100.0,0,0.0,174,5,0,0,0,0,0,0,42.93642731112656,18703,16774,0.572100732502807,0.5186333743249746,14.773031064535102,80.37383177570094,0.0,ModelParams,v3,1779374312.4691155,0.0,0.0,92.0,52.87356321839081,82.0,47.12643678160919,0.0,0.0,0.0,0.0,5.0,100.0
1,2048,10284,41,0.39867755737067284,0.4026553487865927,33,33,80.48780487804879,8,0,25.875145857642938,74.12485414235705,0.0,6,0.05834305717619603,16,19,14.634146341463413,6,46.34146341463415,19,0.0,0,39.02439024390244,16,18482,29526,26044,0,29526,0,0,0,40965,40965,100.0,0,0.0,0,0.0,15693,7945,50.62766838717899,7748,49.372331612821,0,0.0,1453,377,25.946317962835515,733,50.44735030970406,343,23.60633172746043,632,0,0.0,632,100.0,0,0.0,174,5,0,0,0,0,0,0,42.94297153987664,18482,16572,0.5735310031381885,0.5140136348879992,14.700789957796776,80.18867924528303,0.0,ModelParams,v3,1779374312.4691155,0.0,0.0,92.0,52.87356321839081,82.0,47.12643678160919,0.0,0.0,0.0,0.0,5.0,100.0
1,2049,10260,41,0.3996101364522417,0.40344564387743975,34,34,82.92682926829268,7,0,26.296296296296294,73.70370370370371,0.0,6,0.058479532163742694,16,19,14.634146341463413,6,46.34146341463415,19,0.0,0,39.02439024390244,16,18313,29736,26423,0,29736,0,0,0,41363,41363,100.0,0,0.0,0,0.0,15838,8021,50.64402070968556,7817,49.35597929031444,0,0.0,1466,382,26.05729877216917,737,50.272851296043655,347,23.669849931787176,638,0,0.0,638,100.0,0,0.0,174,5,0,0,0,0,0,0,42.855021023316766,18313,16421,0.5733631846229454,0.4969147600065527,14.69993993338066,78.0952380952381,0.0,ModelParams,v3,1779374312.4691155,0.0,0.0,92.0,52.87356321839081,82.0,47.12643678160919,0.0,0.0,0.0,0.0,5.0,100.0
1,2050,10224,39,0.3814553990610329,0.38314176245210724,32,32,82.05128205128204,7,0,26.251956181533647,73.74804381846636,0.0,7,0.06846635367762129,14,18,17.94871794871795,7,46.15384615384615,18,0.0,0,35.8974358974359,14,18120,29899,26779,0,29899,0,0,0,41480,41480,100.0,0,0.0,0,0.0,15877,8043,50.6581847956163,7834,49.3418152043837,0,0.0,1470,383,26.05442176870748,739,50.27210884353741,348,23.6734693877551,640,0,0.0,640,100.0,0,0.0,175,5,0,0,0,0,0,0,42.87279249448124,18120,16251,0.5684326710816777,0.4856512141280353,14.66335540838852,77.66990291262135,0.0,ModelParams,v3,1779374312.4691155,0.0,0.0,93.0,53.142857142857146,82.0,46.85714285714286,0.0,0.0,0.0,0.0,5.0,100.0
1,2051,10178,40,0.3930045195519749,0.38482682792743267,32,32,80.0,8,0,26.38042837492631,73.61957162507369,0.0,7,0.0687757909215956,14,19,17.5,7,47.5,19,0.0,0,35.0,14,17933,30078,27145,0,30078,0,0,0,41724,41724,100.0,0,0.0,0,0.0,15973,8090,50.6479684467539,7883,49.3520315532461,0,0.0,1482,385,25.978407557354927,747,50.40485829959515,350,23.616734143049932,646,0,0.0,646,100.0,0,0.0,176,5,0,0,0,0,0,0,42.8944961802264,17933,16064,0.5687838063904533,0.47398650532537784,14.693581665086711,74.50980392156863,0.0,ModelParams,v3,1779374312.4691155,0.0,0.0,93.0,52.84090909090909,83.0,47.159090909090914,0.0,0.0,0.0,0.0,5.0,100.0
1,2052,10097,39,0.38625334257700306,0.387725711753628,33,33,84.61538461538461,6,0,25.938397543824898,74.06160245617511,0.0,7,0.06932752302664158,14,18,17.94871794871795,7,46.15384615384615,18,0.0,0,35.8974358974359,14,17708,30213,27505,0,30213,0,0,0,41941,41941,100.0,0,0.0,0,0.0,16057,8131,50.63835087500779,7926,49.36164912499221,0,0.0,1496,385,25.735294117647058,757,50.601604278074866,354,23.663101604278076,651,0,0.0,651,100.0,0,0.0,177,5,0,0,0,0,0,0,42.96278518183872,17708,15872,0.5816580076801445,0.47436187034108873,14.68262932008132,74.75728155339806,0.0,ModelParams,v3,1779374312.4691155,0.0,0.0,94.0,53.10734463276836,83.0,46.89265536723164,0.0,0.0,0.0,0.0,5.0,100.0
1,2053,10071,38,0.37732102075265617,0.3779877709838799,32,32,84.21052631578947,6,0,26.045079932479396,73.9549200675206,0.0,8,0.07943600436898024,14,16,21.052631578947366,8,42.10526315789473,16,0.0,0,36.84210526315789,14,17518,30385,27867,0,30385,0,0,0,42191,42191,100.0,0,0.0,0,0.0,16141,8174,50.64122421163497,7967,49.35877578836504,0,0.0,1505,387,25.71428571428571,762,50.631229235880404,356,23.654485049833887,653,0,0.0,653,100.0,0,0.0,177,5,0,0,0,0,0,0,42.96877497431213,17518,15708,0.5765498344559882,0.48521520721543554,14.664916086311223,76.23762376237624,0.0,ModelParams,v3,1779374312.4691155,0.0,0.0,94.0,53.10734463276836,83.0,46.89265536723164,0.0,0.0,0.0,0.0,5.0,100.0
1,2054,10000,37,0.37,0.3693340794627868,32,32,86.48648648648648,5,0,25.96,74.03999999999999,0.0,8,0.08,13,16,21.62162162162162,8,43.24324324324324,16,0.0,0,35.13513513513514,13,17308,30545,28237,0,30545,0,0,0,42415,42415,100.0,0,0.0,0,0.0,16245,8223,50.61865189289012,8022,49.38134810710988,0,0.0,1518,390,25.691699604743086,768,50.59288537549407,360,23.715415019762844,658,0,0.0,658,100.0,0,0.0,177,5,0,0,0,0,0,0,42.94407210538479,17308,15525,0.583545181418997,0.4795470302750173,14.652183961174023,76.23762376237624,0.0,ModelParams,v3,1779374312.4691155,0.0,0.0,94.0,53.10734463276836,83.0,46.89265536723164,0.0,0.0,0.0,0.0,5.0,100.0
1,2055,9973,39,0.3910558507971523,0.3927729772191673,35,35,89.74358974358975,4,0,26.1205254186303,73.87947458136969,0.0,8,0.08021658477890303,13,18,20.51282051282051,8,46.15384615384615,18,0.0,0,33.33333333333333,13,17167,30717,28550,0,30717,0,0,0,42652,42652,100.0,0,0.0,0,0.0,16328,8272,50.66144047035767,8056,49.33855952964233,0,0.0,1522,393,25.821287779237846,769,50.52562417871223,360,23.653088042049937,659,0,0.0,659,100.0,0,0.0,177,5,0,0,0,0,0,0,42.98205860080387,17167,15399,0.5825129609133803,0.48348575755810563,14.632725578144113,78.0,0.0,ModelParams,v3,1779374312.4691155,0.0,0.0,94.0,53.10734463276836,83.0,46.89265536723164,0.0,0.0,0.0,0.0,5.0,100.0
1,2056,9876,39,0.39489671931956255,0.39646579066606247,35,35,89.74358974358975,4,0,26.08343458890239,73.91656541109761,0.0,8,0.08100445524503848,13,18,20.51282051282051,8,46.15384615384615,18,0.0,0,33.33333333333333,13,16956,30864,28908,0,30864,0,0,0,42871,42871,100.0,0,0.0,0,0.0,16421,8321,50.67291882345777,8100,49.32708117654223,0,0.0,1531,394,25.734813847158723,774,50.55519268451992,363,23.709993468321358,663,0,0.0,663,100.0,0,0.0,177,5,0,0,0,0,0,0,43.042521821184245,16956,15210,0.5897617362585515,0.47770700636942676,14.63788629393725,76.0,0.0,ModelParams,v3,1779374312.4691155,0.0,0.0,94.0,53.10734463276836,83.0,46.89265536723164,0.0,0.0,0.0,0.0,5.0,100.0
1,2057,9796,38,0.38791343405471623,0.3881278538812785,34,34,89.47368421052632,4,0,25.78603511637403,74.21396488362598,0.0,8,0.08166598611678236,13,17,21.052631578947366,8,44.73684210526316,17,0.0,0,34.21052631578947,13,16760,31002,29242,0,31002,0,0,0,42981,42981,100.0,0,0.0,0,0.0,16445,8336,50.690179385831556,8109,49.309820614168444,0,0.0,1533,394,25.701239399869536,776,50.61969993476843,363,23.679060665362034,665,0,0.0,665,100.0,0,0.0,177,5,0,0,0,0,0,0,43.09498806682578,16760,15034,0.5847255369928401,0.45942720763723144,14.618138424821003,73.46938775510205,0.0,ModelParams,v3,1779374312.4691155,0.0,0.0,94.0,53.10734463276836,83.0,46.89265536723164,0.0,0.0,0.0,0.0,5.0,100.0
1,2058,9704,39,0.40189612530915086,0.4032258064516129,35,35,89.74358974358975,4,0,25.68013190436933,74.31986809563067,0.0,8,0.08244023083264633,13,18,20.51282051282051,8,46.15384615384615,18,0.0,0,33.33333333333333,13,16573,31155,29582,0,31155,0,0,0,43306,43306,100.0,0,0.0,0,0.0,16588,8409,50.69327224499638,8179,49.306727755003614,0,0.0,1549,396,25.564880568108457,785,50.67785668173015,368,23.757262750161395,675,0,0.0,675,100.0,0,0.0,179,5,0,0,0,0,0,0,43.11729922162554,16573,14853,0.6094249683219695,0.4646111144632837,14.656368792614494,72.27722772277228,0.0,ModelParams,v3,1779374312.4691155,0.0,0.0,94.0,52.513966480446925,85.0,47.486033519553075,0.0,0.0,0.0,0.0,5.0,100.0
1,2059,9629,42,0.4361823657700696,0.44150110375275936,35,35,83.33333333333334,7,0,25.51666839754907,74.48333160245093,0.0,7,0.07269706096167827,14,21,16.666666666666664,7,50.0,21,0.0,0,33.33333333333333,14,16382,31309,29927,0,31309,0,0,0,43522,43522,100.0,0,0.0,0,0.0,16672,8445,50.65379078694817,8227,49.34620921305182,0,0.0,1558,397,25.481386392811295,791,50.770218228498074,370,23.748395378690628,678,0,0.0,678,100.0,0,0.0,180,5,0,0,0,0,0,0,43.08710780124527,16382,14684,0.6104260774020267,0.49444512269564156,14.69295568306678,74.0,0.0,ModelParams,v3,1779374312.4691155,0.0,0.0,95.0,52.77777777777778,85.0,47.22222222222222,0.0,0.0,0.0,0.0,5.0,100.0
1,2060,9524,41,0.43049139017219656,0.43442526711283314,37,37,90.2439024390244,4,0,25.1469970600588,74.8530029399412,0.0,7,0.07349853002939942,13,21,17.073170731707318,7,51.21951219512195,21,0.0,0,31.70731707317073,13,16183,31448,30265,0,31448,0,0,0,43732,43732,100.0,0,0.0,0,0.0,16767,8490,50.635176239040966,8277,49.36482376095903,0,0.0,1572,399,25.38167938931298,796,50.63613231552163,377,23.982188295165393,680,0,0.0,680,100.0,0,0.0,180,5,0,0,0,0,0,0,43.10381264289687,16183,14499,0.6055737502317247,0.4943459185565099,14.669715133164432,76.53061224489795,0.0,ModelParams,v3,1779374312.4691155,0.0,0.0,95.0,52.77777777777778,85.0,47.22222222222222,0.0,0.0,0.0,0.0,5.0,100.0
1,2061,9382,42,0.4476657429119591,0.4528661661303778,37,37,88.09523809523809,5,0,25.04796418674057,74.95203581325943,0.0,7,0.07461095715199317,13,22,16.666666666666664,7,52.38095238095239,22,0.0,0,30.952380952380953,13,15993,31577,30584,0,31577,0,0,0,43857,43857,100.0,0,0.0,0,0.0,16803,8514,50.66952329941083,8289,49.33047670058918,0,0.0,1574,399,25.349428208386275,798,50.69885641677255,377,23.951715374841168,682,0,0.0,682,100.0,0,0.0,180,5,0,0,0,0,0,0,43.18939536047021,15993,14334,0.5564934658913274,0.46270243231413744,14.700181329331583,76.40449438202246,0.0,ModelParams,v3,1779374312.4691155,0.0,0.0,95.0,52.77777777777778,85.0,47.22222222222222,0.0,0.0,0.0,0.0,5.0,100.0
1,2062,9247,42,0.45420136260408783,0.45993706124425077,37,37,88.09523809523809,5,0,25.035146534011034,74.96485346598897,0.0,7,0.0757002271006813,13,22,16.666666666666664,7,52.38095238095239,22,0.0,0,30.952380952380953,13,15779,31696,30917,0,31696,0,0,0,44013,44013,100.0,0,0.0,0,0.0,16864,8546,50.67599620493358,8318,49.32400379506641,0,0.0,1580,400,25.31645569620253,802,50.75949367088608,378,23.924050632911392,683,0,0.0,683,100.0,0,0.0,181,5,0,0,0,0,0,0,43.26852145256353,15779,14147,0.570378350972812,0.46264021801128086,14.6650611572343,74.44444444444444,0.0,ModelParams,v3,1779374312.4691155,0.0,0.0,95.0,52.48618784530387,86.0,47.51381215469613,0.0,0.0,0.0,0.0,5.0,100.0
1,2063,9136,37,0.40499124343257437,0.41610573981152854,32,32,86.48648648648648,5,0,25.16418563922942,74.83581436077058,0.0,6,0.06567425569176882,10,21,16.216216216216218,6,56.75675675675676,21,0.0,0,27.027027027027028,10,15615,31843,31228,0,31843,0,0,0,44238,44238,100.0,0,0.0,0,0.0,16946,8587,50.672725126873594,8359,49.327274873126406,0,0.0,1589,402,25.298930144745125,807,50.78665827564506,380,23.91441157960982,687,0,0.0,687,100.0,0,0.0,181,5,0,0,0,0,0,0,43.29900736471342,15615,14000,0.6019852705731669,0.4546910022414345,14.57572846621838,70.2127659574468,0.0,ModelParams,v3,1779374312.4691155,0.0,0.0,95.0,52.48618784530387,86.0,47.51381215469613,0.0,0.0,0.0,0.0,5.0,100.0
1,2064,8974,39,0.4345888121239135,0.4487099588682538,34,34,87.17948717948718,5,0,24.749275685313126,75.25072431468688,0.0,6,0.06685981724983285,10,23,15.384615384615385,6,58.97435897435898,23,0.0,0,25.64102564102564,10,15423,31974,31551,0,31974,0,0,0,44406,44406,100.0,0,0.0,0,0.0,17034,8633,50.680990959257954,8401,49.319009040742046,0,0.0,1599,404,25.265791119449656,810,50.65666041275797,385,24.07754846779237,692,0,0.0,692,100.0,0,0.0,182,5,0,0,0,0,0,0,43.309408026972704,15423,13833,0.6094793490241847,0.47331906892303705,14.582117616546716,72.3404255319149,0.0,ModelParams,v3,1779374312.4691155,0.0,0.0,95.0,52.197802197802204,87.0,47.8021978021978,0.0,0.0,0.0,0.0,5.0,100.0
1,2065,8883,39,0.4390408645727794,0.45328632586250317,36,36,92.3076923076923,3,0,24.710120454801306,75.28987954519869,0.0,6,0.06754474839581223,10,23,15.384615384615385,6,58.97435897435898,23,0.0,0,25.64102564102564,10,15263,32115,31852,0,32115,0,0,0,44505,44505,100.0,0,0.0,0,0.0,17071,8654,50.69415968601723,8417,49.30584031398278,0,0.0,1602,404,25.21847690387016,813,50.749063670411985,385,24.032459425717853,694,0,0.0,694,100.0,0,0.0,182,5,0,0,0,0,0,0,43.34652427438905,15263,13677,0.615868440018345,0.4782808098014807,14.57118521915744,74.46808510638297,0.0,ModelParams,v3,1779374312.4691155,0.0,0.0,95.0,52.197802197802204,87.0,47.8021978021978,0.0,0.0,0.0,0.0,5.0,100.0
1,2066,8734,39,0.44653079917563543,0.46112463174074547,36,36,92.3076923076923,3,0,24.444698877948248,75.55530112205176,0.0,5,0.057247538355850704,10,24,12.82051282051282,5,61.53846153846154,24,0.0,0,25.64102564102564,10,15083,32236,32153,0,32236,0,0,0,44688,44688,100.0,0,0.0,0,0.0,17149,8686,50.65018368417984,8463,49.34981631582016,0,0.0,1611,405,25.139664804469277,819,50.83798882681564,387,24.022346368715084,700,0,0.0,700,100.0,0,0.0,182,5,0,0,0,0,0,0,43.42637406351522,15083,13511,0.6232181926672412,0.49061857720612606,14.579327719949612,75.53191489361703,0.0,ModelParams,v3,1779374312.4691155,0.0,0.0,95.0,52.197802197802204,87.0,47.8021978021978,0.0,0.0,0.0,0.0,5.0,100.0
1,2067,8622,38,0.44073300858269543,0.46710782405605294,35,35,92.10526315789474,3,0,24.90141498492229,75.09858501507772,0.0,5,0.05799118533982835,10,23,13.157894736842104,5,60.526315789473685,23,0.0,0,26.31578947368421,10,14879,32384,32505,0,32384,0,0,0,44896,44896,100.0,0,0.0,0,0.0,17235,8729,50.646939367566,8506,49.353060632434,0,0.0,1618,405,25.030902348578493,823,50.86526576019777,390,24.103831891223734,701,0,0.0,701,100.0,0,0.0,182,5,0,0,0,0,0,0,43.28637677263257,14879,13330,0.6183211237314336,0.47046172457826463,14.604476107265274,72.82608695652173,0.0,ModelParams,v3,1779374312.4691155,0.0,0.0,95.0,52.197802197802204,87.0,47.8021978021978,0.0,0.0,0.0,0.0,5.0,100.0
1,2068,8504,36,0.4233301975540922,0.45998160073597055,34,34,94.44444444444444,2,0,24.788334901222953,75.21166509877705,0.0,4,0.047036688617121354,10,22,11.11111111111111,4,61.111111111111114,22,0.0,0,27.77777777777778,10,14716,32519,32803,0,32519,0,0,0,45086,45086,100.0,0,0.0,0,0.0,17317,8767,50.62655194317722,8550,49.37344805682278,0,0.0,1623,406,25.01540357362908,826,50.893407270486755,391,24.091189155884166,710,0,0.0,710,100.0,0,0.0,183,5,0,0,0,0,0,0,43.298382712693666,14716,13188,0.6251698831204131,0.4688774123403099,14.718673552595815,72.82608695652173,0.0,ModelParams,v3,1779374312.4691155,0.0,0.0,95.0,51.91256830601093,88.0,48.08743169398907,0.0,0.0,0.0,0.0,5.0,100.0
1,2069,8397,39,0.4644515898535191,0.5057226510513707,35,35,89.74358974358975,4,0,24.866023579849948,75.13397642015005,0.0,4,0.04763606049779683,11,24,10.256410256410255,4,61.53846153846154,24,0.0,0,28.205128205128204,11,14543,32657,33114,0,32657,0,0,0,45275,45275,100.0,0,0.0,0,0.0,17399,8807,50.61785160066671,8592,49.382148399333296,0,0.0,1632,408,25.0,830,50.857843137254896,394,24.142156862745097,713,0,0.0,713,100.0,0,0.0,185,5,0,0,0,0,0,0,43.23942790345871,14543,13028,0.6257305920374063,0.48820738499621813,14.639345389534483,72.52747252747253,0.0,ModelParams,v3,1779374312.4691155,0.0,0.0,96.0,51.891891891891895,89.0,48.10810810810811,0.0,0.0,0.0,0.0,5.0,100.0
1,2070,8311,39,0.46925761039586095,0.5104782375067168,35,35,89.74358974358975,4,0,24.822524365299,75.177475634701,0.0,4,0.04812898568162676,10,25,10.256410256410255,4,64.1025641025641,25,0.0,0,25.64102564102564,10,14345,32804,33459,0,32804,0,0,0,45377,45377,100.0,0,0.0,0,0.0,17440,8830,50.63073394495413,8610,49.36926605504588,0,0.0,1634,408,24.96940024479804,831,50.856793145654834,395,24.173806609547125,714,0,0.0,714,100.0,0,0.0,186,5,0,0,0,0,0,0,43.06420355524573,14345,12860,0.6273963053328686,0.4879749041477867,14.708957825026141,72.22222222222221,0.0,ModelParams,v3,1779374312.4691155,0.0,0.0,97.0,52.1505376344086,89.0,47.8494623655914,0.0,0.0,0.0,0.0,5.0,100.0
1,2071,8197,39,0.4757838233500061,0.5179934569247546,36,36,92.3076923076923,3,0,24.801756740270832,75.19824325972917,0.0,5,0.0609979260705136,9,25,12.82051282051282,5,64.1025641025641,25,0.0,0,23.076923076923077,9,14148,32925,33777,0,32925,0,0,0,45643,45643,100.0,0,0.0,0,0.0,17553,8886,50.62382498718168,8667,49.37617501281832,0,0.0,1644,409,24.878345498783457,837,50.912408759124084,398,24.20924574209246,717,0,0.0,717,100.0,0,0.0,186,5,0,0,0,0,0,0,42.995759117896526,14148,12678,0.6432004523607577,0.5018377155781736,14.659315804353973,72.52747252747253,0.0,ModelParams,v3,1779374312.4691155,0.0,0.0,97.0,52.1505376344086,89.0,47.8494623655914,0.0,0.0,0.0,0.0,5.0,100.0
1,2072,8091,41,0.5067358793721418,0.5532503457814661,37,37,90.2439024390244,4,0,24.94129279446298,75.05870720553702,0.0,6,0.07415647015202076,7,28,14.634146341463413,6,68.29268292682927,28,0.0,0,17.073170731707318,7,13979,33046,34067,0,33046,0,0,0,45814,45814,100.0,0,0.0,0,0.0,17617,8919,50.62723505704717,8698,49.37276494295283,0,0.0,1653,410,24.803387779794313,841,50.877192982456144,402,24.319419237749546,723,0,0.0,723,100.0,0,0.0,188,5,0,0,0,0,0,0,42.971385649903425,13979,12522,0.6438228771729022,0.5293654767866085,14.729236712211174,75.55555555555556,0.0,ModelParams,v3,1779374312.4691155,0.0,0.0,97.0,51.59574468085106,91.0,48.40425531914894,0.0,0.0,0.0,0.0,5.0,100.0
1,2073,7962,40,0.5023863350916855,0.5482147877424797,38,38,95.0,2,0,25.069078121075105,74.93092187892489,0.0,7,0.08791760864104496,7,26,17.5,7,65.0,26,0.0,0,17.5,7,13795,33172,34377,0,33172,0,0,0,45905,45905,100.0,0,0.0,0,0.0,17656,8939,50.62868146805618,8717,49.371318531943814,0,0.0,1661,412,24.804334738109574,845,50.87296809151114,404,24.32269717037929,724,0,0.0,724,100.0,0,0.0,188,5,0,0,0,0,0,0,42.90859006886553,13795,12357,0.6379122870605292,0.5291772381297571,14.802464661109097,78.4090909090909,0.0,ModelParams,v3,1779374312.4691155,0.0,0.0,97.0,51.59574468085106,91.0,48.40425531914894,0.0,0.0,0.0,0.0,5.0,100.0
1,2074,7843,39,0.4972587020272855,0.5417735956658112,36,36,92.3076923076923,3,0,24.862935101364275,75.13706489863573,0.0,6,0.07650133877342853,7,26,15.384615384615385,6,66.66666666666666,26,0.0,0,17.94871794871795,7,13593,33279,34686,0,33279,0,0,0,46053,46053,100.0,0,0.0,0,0.0,17728,8975,50.626128158844764,8753,49.373871841155236,0,0.0,1666,414,24.849939975990395,846,50.780312124849935,406,24.369747899159663,725,0,0.0,725,100.0,0,0.0,188,5,0,0,0,0,0,0,42.89104686235562,13593,12176,0.6326785845655852,0.5296843963804899,14.698741999558596,77.90697674418605,0.0,ModelParams,v3,1779374312.4691155,0.0,0.0,97.0,51.59574468085106,91.0,48.40425531914894,0.0,0.0,0.0,0.0,5.0,100.0
1,2075,7729,39,0.5045930909561392,0.5504055619930475,37,37,94.87179487179486,2,0,25.164963125889507,74.8350368741105,0.0,6,0.07762970630094448,7,26,15.384615384615385,6,66.66666666666666,26,0.0,0,17.94871794871795,7,13441,33412,34971,0,33412,0,0,0,46233,46233,100.0,0,0.0,0,0.0,17799,9011,50.626439687622906,8788,49.3735603123771,0,0.0,1675,416,24.83582089552239,848,50.626865671641795,411,24.537313432835823,729,0,0.0,729,100.0,0,0.0,188,5,0,0,0,0,0,0,42.83550331076557,13441,12039,0.624953500483595,0.5356744289859385,14.716166951863702,80.95238095238095,0.0,ModelParams,v3,1779374312.4691155,0.0,0.0,97.0,51.59574468085106,91.0,48.40425531914894,0.0,0.0,0.0,0.0,5.0,100.0
1,2076,7610,39,0.5124835742444153,0.5584950029394474,37,37,94.87179487179486,2,0,25.466491458607095,74.5335085413929,0.0,6,0.07884362680683311,7,26,15.384615384615385,6,66.66666666666666,26,0.0,0,17.94871794871795,7,13272,33532,35260,0,33532,0,0,0,46405,46405,100.0,0,0.0,0,0.0,17872,9046,50.6154879140555,8826,49.38451208594449,0,0.0,1680,419,24.94047619047619,848,50.476190476190474,413,24.583333333333332,729,0,0.0,729,100.0,0,0.0,188,5,0,0,0,0,0,0,42.74864376130199,13272,11892,0.6329113924050633,0.5424954792043399,14.66998191681736,80.95238095238095,0.0,ModelParams,v3,1779374312.4691155,0.0,0.0,97.0,51.59574468085106,91.0,48.40425531914894,0.0,0.0,0.0,0.0,5.0,100.0
1,2077,7525,38,0.5049833887043189,0.5507591545102709,35,35,92.10526315789474,3,0,25.70099667774086,74.29900332225914,0.0,6,0.079734219269103,5,27,15.789473684210526,6,71.05263157894737,27,0.0,0,13.157894736842104,5,13088,33650,35562,0,33650,0,0,0,46574,46574,100.0,0,0.0,0,0.0,17942,9084,50.62980715639283,8858,49.37019284360718,0,0.0,1685,419,24.86646884272997,853,50.62314540059347,413,24.51038575667656,732,0,0.0,732,100.0,0,0.0,189,5,0,0,0,0,0,0,42.66083435207824,13088,11714,0.6418092909535452,0.5424816625916871,14.731051344743276,78.57142857142857,0.0,ModelParams,v3,1779374312.4691155,0.0,0.0,98.0,51.85185185185185,91.0,48.148148148148145,0.0,0.0,0.0,0.0,5.0,100.0
1,2078,7422,39,0.5254648342764754,0.5724615848147032,35,35,89.74358974358975,4,0,25.572621934788465,74.42737806521154,0.0,6,0.08084074373484236,5,28,15.384615384615385,6,71.7948717948718,28,0.0,0,12.82051282051282,5,12917,33761,35844,0,33761,0,0,0,46651,46651,100.0,0,0.0,0,0.0,17970,9097,50.623260990539784,8873,49.376739009460216,0,0.0,1688,420,24.881516587677723,855,50.65165876777251,413,24.46682464454976,735,0,0.0,735,100.0,0,0.0,189,5,0,0,0,0,0,0,42.62166137648061,12917,11571,0.6580475342571804,0.5419214988000309,14.7325230316637,77.64705882352942,0.0,ModelParams,v3,1779374312.4691155,0.0,0.0,98.0,51.85185185185185,91.0,48.148148148148145,0.0,0.0,0.0,0.0,5.0,100.0
1,2079,7309,41,0.5609522506498837,0.6111535523300229,38,38,92.6829268292683,3,0,25.666985907784923,74.33301409221508,0.0,6,0.08209057326583664,6,29,14.634146341463413,6,70.73170731707317,29,0.0,0,14.634146341463413,6,12758,33868,36110,0,33868,0,0,0,46836,46836,100.0,0,0.0,0,0.0,18041,9138,50.651294274153315,8903,49.34870572584668,0,0.0,1694,420,24.793388429752067,861,50.82644628099173,413,24.380165289256198,738,0,0.0,738,100.0,0,0.0,191,5,0,0,0,0,0,0,42.65746982285625,12758,11422,0.65841040915504,0.556513560119141,14.8142342059884,80.95238095238095,0.0,ModelParams,v3,1779374312.4691155,0.0,0.0,99.0,51.832460732984295,92.0,48.167539267015705,0.0,0.0,0.0,0.0,5.0,100.0
1,2080,7251,41,0.565439249758654,0.615479304508386,38,38,92.6829268292683,3,0,25.334436629430424,74.66556337056957,0.0,6,0.08274720728175423,6,29,14.634146341463413,6,70.73170731707317,29,0.0,0,14.634146341463413,6,12595,33972,36377,0,33972,0,0,0,47008,47008,100.0,0,0.0,0,0.0,18124,9177,50.63451776649747,8947,49.36548223350254,0,0.0,1697,421,24.808485562757806,862,50.795521508544496,414,24.3959929286977,742,0,0.0,742,100.0,0,0.0,191,5,0,0,0,0,0,0,42.66796347757047,12595,11291,0.6589916633584756,0.55577610162763,14.878920206431124,80.72289156626506,0.0,ModelParams,v3,1779374312.4691155,0.0,0.0,99.0,51.832460732984295,92.0,48.167539267015705,0.0,0.0,0.0,0.0,5.0,100.0
1,2081,7160,39,0.5446927374301677,0.5927312431757916,36,36,92.3076923076923,3,0,25.712290502793294,74.2877094972067,0.0,6,0.08379888268156424,5,28,15.384615384615385,6,71.7948717948718,28,0.0,0,12.82051282051282,5,12465,34101,36636,0,34101,0,0,0,47191,47191,100.0,0,0.0,0,0.0,18180,9201,50.61056105610561,8979,49.38943894389439,0,0.0,1704,422,24.76525821596244,867,50.88028169014085,415,24.354460093896712,744,0,0.0,744,100.0,0,0.0,191,5,0,0,0,0,0,0,42.63578018451665,12465,11170,0.6738868832731648,0.5535499398315282,14.8896911351785,78.57142857142857,0.0,ModelParams,v3,1779374312.4691155,0.0,0.0,99.0,51.832460732984295,92.0,48.167539267015705,0.0,0.0,0.0,0.0,5.0,100.0
1,2082,7110,39,0.5485232067510549,0.5964526761889812,36,36,92.3076923076923,3,0,25.58368495077356,74.41631504922644,0.0,6,0.08438818565400844,5,28,15.384615384615385,6,71.7948717948718,28,0.0,0,12.82051282051282,5,12354,34228,36874,0,34228,0,0,0,47373,47373,100.0,0,0.0,0,0.0,18243,9232,50.605711779860776,9011,49.39428822013923,0,0.0,1712,425,24.824766355140188,870,50.8177570093458,417,24.35747663551402,745,0,0.0,745,100.0,0,0.0,191,5,0,0,0,0,0,0,42.614861583292864,12354,11080,0.6718471750040472,0.5585235551238465,14.918245102800713,79.51807228915662,0.0,ModelParams,v3,1779374312.4691155,0.0,0.0,99.0,51.832460732984295,92.0,48.167539267015705,0.0,0.0,0.0,0.0,5.0,100.0
1,2083,7062,38,0.5380911922967998,0.5855356860262699,35,35,92.10526315789474,3,0,25.814216935712263,74.18578306428773,0.0,6,0.08496176720475786,5,27,15.789473684210526,6,71.05263157894737,27,0.0,0,13.157894736842104,5,12242,34364,37122,0,34364,0,0,0,47565,47565,100.0,0,0.0,0,0.0,18331,9276,50.602803993235504,9055,49.397196006764496,0,0.0,1716,427,24.883449883449885,870,50.6993006993007,419,24.41724941724942,749,0,0.0,749,100.0,0,0.0,191,5,0,0,0,0,0,0,42.51184446985787,12242,10985,0.6779937918640745,0.5636333932363993,15.054729619343243,79.51807228915662,0.0,ModelParams,v3,1779374312.4691155,0.0,0.0,99.0,51.832460732984295,92.0,48.167539267015705,0.0,0.0,0.0,0.0,5.0,100.0
1,2084,7000,36,0.5142857142857142,0.5591054313099041,33,33,91.66666666666666,3,0,25.571428571428573,74.42857142857143,0.0,6,0.08571428571428572,5,25,16.666666666666664,6,69.44444444444444,25,0.0,0,13.88888888888889,5,12116,34470,37354,0,34470,0,0,0,47644,47644,100.0,0,0.0,0,0.0,18352,9287,50.60483870967742,9065,49.395161290322584,0,0.0,1721,428,24.869262056943636,872,50.66821615339918,421,24.462521789657178,750,0,0.0,750,100.0,0,0.0,191,5,0,0,0,0,0,0,42.57626279300099,12116,10866,0.6767910201386595,0.5529877847474415,15.095741168702542,78.04878048780488,0.0,ModelParams,v3,1779374312.4691155,0.0,0.0,99.0,51.832460732984295,92.0,48.167539267015705,0.0,0.0,0.0,0.0,5.0,100.0
1,2085,6932,37,0.5337564916330063,0.5638794908973739,34,34,91.8918918918919,3,0,25.12983266012695,74.87016733987305,0.0,6,0.08655510675129832,5,26,16.216216216216218,6,70.27027027027027,26,0.0,0,13.513513513513514,5,12018,34567,37549,0,34567,0,0,0,47812,47812,100.0,0,0.0,0,0.0,18413,9317,50.60011948080161,9096,49.39988051919839,0,0.0,1726,431,24.97103128621089,873,50.57937427578215,422,24.44959443800695,755,0,0.0,755,100.0,0,0.0,191,5,0,0,0,0,0,0,42.777916458645365,12018,10775,0.6656681644200366,0.5574970877017806,15.193875852887336,80.0,0.0,ModelParams,v3,1779374312.4691155,0.0,0.0,99.0,51.832460732984295,92.0,48.167539267015705,0.0,0.0,0.0,0.0,5.0,100.0
1,2086,6864,36,0.5244755244755245,0.5536557563914672,33,33,91.66666666666666,3,0,25.08741258741259,74.91258741258741,0.0,6,0.08741258741258741,5,25,16.666666666666664,6,69.44444444444444,25,0.0,0,13.88888888888889,5,11908,34668,37760,0,34668,0,0,0,47984,47984,100.0,0,0.0,0,0.0,18469,9345,50.59829985380908,9124,49.40170014619091,0,0.0,1732,432,24.94226327944573,878,50.69284064665127,422,24.364896073903004,756,0,0.0,756,100.0,0,0.0,191,5,0,0,0,0,0,0,42.93038293584145,11908,10670,0.6634195498824319,0.5206583809203896,15.12428619415519,74.68354430379746,0.0,ModelParams,v3,1779374312.4691155,0.0,0.0,99.0,51.832460732984295,92.0,48.167539267015705,0.0,0.0,0.0,0.0,5.0,100.0
1,2087,6793,37,0.5446783453555131,0.5759420766825736,34,34,91.8918918918919,3,0,25.172972177241277,74.82702782275872,0.0,6,0.08832621816575888,5,26,16.216216216216218,6,70.27027027027027,26,0.0,0,13.513513513513514,5,11828,34777,37949,0,34777,0,0,0,48148,48148,100.0,0,0.0,0,0.0,18533,9372,50.56925484271299,9161,49.43074515728701,0,0.0,1736,433,24.942396313364053,880,50.69124423963134,423,24.36635944700461,763,0,0.0,763,100.0,0,0.0,191,5,0,0,0,0,0,0,43.05326344267839,11828,10598,0.6425431180250254,0.5157253973621915,15.15049036185323,76.31578947368422,0.0,ModelParams,v3,1779374312.4691155,0.0,0.0,99.0,51.832460732984295,92.0,48.167539267015705,0.0,0.0,0.0,0.0,5.0,100.0
1,2088,6742,35,0.5191337881934145,0.546538588936734,33,33,94.28571428571428,2,0,25.31889646989024,74.68110353010977,0.0,6,0.08899436369029962,5,24,17.142857142857142,6,68.57142857142857,24,0.0,0,14.285714285714285,5,11725,34899,38174,0,34899,0,0,0,48324,48324,100.0,0,0.0,0,0.0,18597,9409,50.59418185728881,9188,49.40581814271119,0,0.0,1743,434,24.899598393574294,884,50.71715433161216,425,24.38324727481354,766,0,0.0,766,100.0,0,0.0,191,5,0,0,0,0,0,0,43.0973987206823,11725,10505,0.6311300639658848,0.511727078891258,15.147121535181238,78.37837837837837,0.0,ModelParams,v3,1779374312.4691155,0.0,0.0,99.0,51.832460732984295,92.0,48.167539267015705,0.0,0.0,0.0,0.0,5.0,100.0
1,2089,6660,35,0.5255255255255256,0.5353856449723942,33,33,94.28571428571428,2,0,25.675675675675674,74.32432432432432,0.0,6,0.09009009009009009,4,25,17.142857142857142,6,71.42857142857143,25,0.0,0,11.428571428571429,4,11613,35011,38398,0,35011,0,0,0,48485,48485,100.0,0,0.0,0,0.0,18671,9448,50.602538696374054,9223,49.397461303625946,0,0.0,1748,436,24.94279176201373,885,50.629290617848966,427,24.4279176201373,768,0,0.0,768,100.0,0,0.0,192,5,0,0,0,0,0,0,43.193834495823644,11613,10401,0.6458279514337381,0.5166623611469905,15.284594850598468,77.33333333333333,0.0,ModelParams,v3,1779374312.4691155,0.0,0.0,99.0,51.5625,93.0,48.4375,0.0,0.0,0.0,0.0,5.0,100.0
1,2090,6614,36,0.5442999697611128,0.5561172901921132,34,34,94.44444444444444,2,0,25.566979135167827,74.43302086483217,0.0,6,0.09071666162685213,5,25,16.666666666666664,6,69.44444444444444,25,0.0,0,13.88888888888889,5,11511,35127,38616,0,35127,0,0,0,48649,48649,100.0,0,0.0,0,0.0,18742,9486,50.61359513392381,9256,49.38640486607619,0,0.0,1760,436,24.772727272727273,892,50.68181818181819,432,24.545454545454547,768,0,0.0,768,100.0,0,0.0,194,5,0,0,0,0,0,0,43.23725132481974,11511,10314,0.6776127182694814,0.5386152375988185,15.237598818521414,76.92307692307693,0.0,ModelParams,v3,1779374312.4691155,0.0,0.0,101.0,52.0618556701031,93.0,47.93814432989691,0.0,0.0,0.0,0.0,5.0,100.0
1,2091,6539,37,0.5658357547025539,0.5625639277190589,35,35,94.5945945945946,2,0,25.493194678085334,74.50680532191467,0.0,6,0.09175714941122495,5,26,16.216216216216218,6,70.27027027027027,26,0.0,0,13.513513513513514,5,11399,35224,38825,0,35224,0,0,0,48718,48718,100.0,0,0.0,0,0.0,18769,9499,50.61004848420267,9270,49.38995151579733,0,0.0,1760,436,24.772727272727273,892,50.68181818181819,432,24.545454545454547,768,0,0.0,768,100.0,0,0.0,195,5,0,0,0,0,0,0,43.36248793753838,11399,10217,0.6842705500482499,0.5439073602947627,15.220633388893761,76.92307692307693,0.0,ModelParams,v3,1779374312.4691155,0.0,0.0,101.0,51.7948717948718,94.0,48.205128205128204,0.0,0.0,0.0,0.0,5.0,100.0
1,2092,6433,37,0.5751593346805534,0.5707367692839848,35,35,94.5945945945946,2,0,25.35364526659412,74.64635473340587,0.0,6,0.0932690812995492,4,27,16.216216216216218,6,72.97297297297297,27,0.0,0,10.81081081081081,4,11263,35305,39042,0,35305,0,0,0,48867,48867,100.0,0,0.0,0,0.0,18827,9523,50.581611515376856,9304,49.41838848462315,0,0.0,1764,437,24.773242630385486,893,50.62358276643991,434,24.6031746031746,769,0,0.0,769,100.0,0,0.0,195,5,0,0,0,0,0,0,43.51123146586167,11263,10105,0.6925330728935453,0.5504750066589719,15.209091716239012,76.92307692307693,0.0,ModelParams,v3,1779374312.4691155,0.0,0.0,101.0,51.7948717948718,94.0,48.205128205128204,0.0,0.0,0.0,0.0,5.0,100.0
1,2093,6344,37,0.5832282471626734,0.5787443002455279,35,35,94.5945945945946,2,0,25.56746532156368,74.43253467843631,0.0,6,0.09457755359394704,4,27,16.216216216216218,6,72.97297297297297,27,0.0,0,10.81081081081081,4,11128,35401,39273,0,35401,0,0,0,49010,49010,100.0,0,0.0,0,0.0,18888,9547,50.54531977975434,9341,49.454680220245656,0,0.0,1771,438,24.731789949181255,899,50.76228119706381,434,24.50592885375494,771,0,0.0,771,100.0,0,0.0,196,5,0,0,0,0,0,0,43.571351545650614,11128,9986,0.7009345794392523,0.5391804457225018,15.195902228612509,73.07692307692307,0.0,ModelParams,v3,1779374312.4691155,0.0,0.0,101.0,51.53061224489795,95.0,48.46938775510204,0.0,0.0,0.0,0.0,5.0,100.0
1,2094,6258,37,0.5912432086928732,0.5862497779356901,35,35,94.5945945945946,2,0,25.711089805049536,74.28891019495046,0.0,6,0.09587727708533077,4,27,16.216216216216218,6,72.97297297297297,27,0.0,0,10.81081081081081,4,11003,35497,39494,0,35497,0,0,0,49143,49143,100.0,0,0.0,0,0.0,18948,9575,50.5330377876293,9373,49.466962212370696,0,0.0,1782,443,24.859708193041527,901,50.56116722783389,438,24.579124579124578,774,0,0.0,774,100.0,0,0.0,196,5,0,0,0,0,0,0,43.624829591929476,11003,9880,0.7088975733890757,0.5453058256839044,15.250386258293192,73.07692307692307,0.0,ModelParams,v3,1779374312.4691155,0.0,0.0,101.0,51.53061224489795,95.0,48.46938775510204,0.0,0.0,0.0,0.0,5.0,100.0
1,2095,6167,36,0.5837522296092104,0.5765765765765766,34,34,94.44444444444444,2,0,25.993189557321227,74.00681044267877,0.0,6,0.09729203826820172,4,26,16.666666666666664,6,72.22222222222221,26,0.0,0,11.11111111111111,4,10849,35592,39743,0,35592,0,0,0,49286,49286,100.0,0,0.0,0,0.0,19001,9598,50.513130887848014,9403,49.48686911215199,0,0.0,1789,446,24.930128563443265,904,50.531022917831194,439,24.538848518725544,775,0,0.0,775,100.0,0,0.0,196,5,0,0,0,0,0,0,43.5664116508434,10849,9738,0.746612591022214,0.5530463637201585,15.181122684118353,70.37037037037037,0.0,ModelParams,v3,1779374312.4691155,0.0,0.0,101.0,51.53061224489795,95.0,48.46938775510204,0.0,0.0,0.0,0.0,5.0,100.0
1,2096,6101,36,0.5900672020980168,0.5818181818181818,35,35,97.22222222222221,1,0,25.831830847402067,74.16816915259794,0.0,6,0.09834453368300279,3,27,16.666666666666664,6,75.0,27,0.0,0,8.333333333333332,3,10698,35692,39994,0,35692,0,0,0,49427,49427,100.0,0,0.0,0,0.0,19065,9633,50.52714398111723,9432,49.47285601888277,0,0.0,1794,447,24.91638795986622,907,50.55741360089186,440,24.526198439241917,778,0,0.0,778,100.0,0,0.0,196,5,0,0,0,0,0,0,43.457281734903724,10698,9604,0.7571508693213684,0.5888951205832866,15.217797719199849,72.8395061728395,0.0,ModelParams,v3,1779374312.4691155,0.0,0.0,101.0,51.53061224489795,95.0,48.46938775510204,0.0,0.0,0.0,0.0,5.0,100.0
1,2097,6052,38,0.6278916060806345,0.6222547584187409,37,37,97.36842105263158,1,0,25.5783212161269,74.4216787838731,0.0,6,0.09914077990746861,3,29,15.789473684210526,6,76.31578947368422,29,0.0,0,7.894736842105263,3,10588,35789,40201,0,35789,0,0,0,49498,49498,100.0,0,0.0,0,0.0,19088,9643,50.51865046102263,9445,49.48134953897737,0,0.0,1796,447,24.888641425389753,908,50.55679287305123,441,24.55456570155902,779,0,0.0,779,100.0,0,0.0,196,5,0,0,0,0,0,0,43.46184359652437,10588,9509,0.7461276917264829,0.6139025311673593,15.196448809973557,78.48101265822784,0.0,ModelParams,v3,1779374312.4691155,0.0,0.0,101.0,51.53061224489795,95.0,48.46938775510204,0.0,0.0,0.0,0.0,5.0,100.0
1,2098,5998,38,0.6335445148382794,0.6274220335855324,36,36,94.73684210526315,2,0,25.141713904634877,74.85828609536512,0.0,5,0.08336112037345782,4,29,13.157894736842104,5,76.31578947368422,29,0.0,0,10.526315789473683,4,10466,35884,40418,0,35884,0,0,0,49645,49645,100.0,0,0.0,0,0.0,19132,9666,50.5226845076312,9466,49.47731549236881,0,0.0,1804,448,24.833702882483372,912,50.554323725055426,444,24.6119733924612,780,0,0.0,780,100.0,0,0.0,196,5,0,0,0,0,0,0,43.41907127842538,10466,9406,0.754825148098605,0.62105866615708,15.239824192623733,77.21518987341773,0.0,ModelParams,v3,1779374312.4691155,0.0,0.0,101.0,51.53061224489795,95.0,48.46938775510204,0.0,0.0,0.0,0.0,5.0,100.0
1,2099,5880,35,0.5952380952380952,0.6025230653360949,33,33,94.28571428571428,2,0,25.37414965986395,74.62585034013605,0.0,5,0.08503401360544217,4,26,14.285714285714285,5,74.28571428571429,26,0.0,0,11.428571428571429,4,10336,35975,40639,0,35975,0,0,0,49768,49768,100.0,0,0.0,0,0.0,19190,9699,50.541948931735284,9491,49.458051068264716,0,0.0,1806,448,24.8062015503876,913,50.55370985603543,445,24.640088593576966,781,0,0.0,781,100.0,0,0.0,196,5,0,0,0,0,0,0,43.4265673374613,10336,9293,0.7352941176470588,0.6095201238390093,15.325077399380804,77.63157894736842,0.0,ModelParams,v3,1779374312.4691155,0.0,0.0,101.0,51.53061224489795,95.0,48.46938775510204,0.0,0.0,0.0,0.0,5.0,100.0
1,2100,5826,33,0.5664263645726055,0.5690440060698027,31,31,93.93939393939394,2,0,25.592173017507726,74.40782698249228,0.0,5,0.08582217645039478,4,24,15.151515151515152,5,72.72727272727273,24,0.0,0,12.121212121212121,4,10211,36073,40862,0,36073,0,0,0,49923,49923,100.0,0,0.0,0,0.0,19234,9725,50.56150566704793,9509,49.43849433295207,0,0.0,1814,449,24.75192943770673,917,50.55126791620728,448,24.696802646085995,785,0,0.0,785,100.0,0,0.0,197,5,0,0,0,0,0,0,43.31260405445108,10211,9181,0.72470864753697,0.5973949662129077,15.336401919498579,77.02702702702703,0.0,ModelParams,v3,1779374312.4691155,0.0,0.0,102.0,51.776649746192895,95.0,48.223350253807105,0.0,0.0,0.0,0.0,5.0,100.0
1,2101,5725,33,0.5764192139737991,0.5784805244890089,31,31,93.93939393939394,2,0,25.502183406113538,74.49781659388647,0.0,5,0.08733624454148471,4,24,15.151515151515152,5,72.72727272727273,24,0.0,0,12.121212121212121,4,10083,36145,41062,0,36145,0,0,0,50039,50039,100.0,0,0.0,0,0.0,19284,9760,50.61190624351794,9524,49.38809375648206,0,0.0,1819,452,24.848818031885653,918,50.467289719626166,449,24.683892248488178,787,0,0.0,787,100.0,0,0.0,197,5,0,0,0,0,0,0,43.42160071407319,10083,9066,0.7537439254190221,0.6148963602102548,15.322820589110384,76.31578947368422,0.0,ModelParams,v3,1779374312.4691155,0.0,0.0,102.0,51.776649746192895,95.0,48.223350253807105,0.0,0.0,0.0,0.0,5.0,100.0
1,2102,5710,31,0.542907180385289,0.5409582689335394,29,29,93.54838709677419,2,0,25.586690017513135,74.41330998248687,0.0,4,0.07005253940455342,4,23,12.903225806451612,4,74.19354838709677,23,0.0,0,12.903225806451612,4,9977,36257,41280,0,36257,0,0,0,50183,50183,100.0,0,0.0,0,0.0,19332,9778,50.579350300020685,9554,49.42064969997931,0,0.0,1828,454,24.835886214442013,922,50.43763676148797,452,24.72647702407002,789,0,0.0,789,100.0,0,0.0,197,5,0,0,0,0,0,0,43.273629347499245,9977,8970,0.741705923624336,0.5813370752731282,15.305201964518393,72.97297297297297,0.0,ModelParams,v3,1779374312.4691155,0.0,0.0,102.0,51.776649746192895,95.0,48.223350253807105,0.0,0.0,0.0,0.0,5.0,100.0
1,2103,5619,30,0.5339028296849974,0.5288932419196866,28,28,93.33333333333333,2,0,25.324790888058374,74.67520911194163,0.0,3,0.05339028296849973,4,23,10.0,3,76.66666666666667,23,0.0,0,13.333333333333334,4,9842,36337,41495,0,36337,0,0,0,50323,50323,100.0,0,0.0,0,0.0,19379,9795,50.544403736002884,9584,49.45559626399711,0,0.0,1835,455,24.795640326975477,925,50.40871934604905,455,24.795640326975477,793,0,0.0,793,100.0,0,0.0,197,5,0,0,0,0,0,0,43.26122739280634,9842,8853,0.7620402357244462,0.5893111156269051,15.352570615728512,72.0,0.0,ModelParams,v3,1779374312.4691155,0.0,0.0,102.0,51.776649746192895,95.0,48.223350253807105,0.0,0.0,0.0,0.0,5.0,100.0
1,2104,5555,31,0.5580558055805581,0.554675118858954,29,29,93.54838709677419,2,0,25.22052205220522,74.77947794779479,0.0,4,0.07200720072007201,4,23,12.903225806451612,4,74.19354838709677,23,0.0,0,12.903225806451612,4,9723,36428,41705,0,36428,0,0,0,50442,50442,100.0,0,0.0,0,0.0,19441,9832,50.573530168201216,9609,49.42646983179878,0,0.0,1840,458,24.891304347826086,926,50.32608695652174,456,24.782608695652176,795,0,0.0,795,100.0,0,0.0,199,5,0,0,0,0,0,0,43.21896533991566,9723,8752,0.7919366450683946,0.5965237066748946,15.437622133086496,70.12987012987013,0.0,ModelParams,v3,1779374312.4691155,0.0,0.0,104.0,52.26130653266332,95.0,47.73869346733669,0.0,0.0,0.0,0.0,5.0,100.0
1,2105,5457,34,0.6230529595015576,0.6247480854494156,32,32,94.11764705882352,2,0,24.903793293018143,75.09620670698186,0.0,5,0.0916254352208173,4,25,14.705882352941178,5,73.52941176470588,25,0.0,0,11.76470588235294,4,9592,36504,41912,0,36504,0,0,0,50499,50499,100.0,0,0.0,0,0.0,19456,9839,50.57051809210527,9617,49.42948190789473,0,0.0,1844,460,24.945770065075923,927,50.27114967462039,457,24.783080260303688,795,0,0.0,795,100.0,0,0.0,199,5,0,0,0,0,0,0,43.24416180150125,9592,8634,0.79232693911593,0.6255212677231026,15.460800667222685,73.68421052631578,0.0,ModelParams,v3,1779374312.4691155,0.0,0.0,104.0,52.26130653266332,95.0,47.73869346733669,0.0,0.0,0.0,0.0,5.0,100.0
1,2106,5396,33,0.6115641215715345,0.6114961271911945,31,31,93.93939393939394,2,0,25.148257968865828,74.85174203113417,0.0,5,0.09266123054114159,3,25,15.151515151515152,5,75.75757575757575,25,0.0,0,9.090909090909092,3,9455,36599,42144,0,36599,0,0,0,50623,50623,100.0,0,0.0,0,0.0,19518,9872,50.57895276155344,9646,49.42104723844656,0,0.0,1846,460,24.918743228602384,927,50.21668472372698,459,24.864572047670638,796,0,0.0,796,100.0,0,0.0,199,5,0,0,0,0,0,0,43.08831306187203,9455,8509,0.8038075092543627,0.6134320465362242,15.40983606557377,72.36842105263158,0.0,ModelParams,v3,1779374312.4691155,0.0,0.0,104.0,52.26130653266332,95.0,47.73869346733669,0.0,0.0,0.0,0.0,5.0,100.0
1,2107,5350,32,0.5981308411214953,0.596217105263158,30,30,93.75,2,0,25.401869158878505,74.59813084112149,0.0,5,0.09345794392523366,3,24,15.625,5,75.0,24,0.0,0,9.375,3,9369,36681,42312,0,36681,0,0,0,50749,50749,100.0,0,0.0,0,0.0,19561,9893,50.575123971167116,9668,49.424876028832884,0,0.0,1850,460,24.864864864864867,931,50.32432432432432,459,24.81081081081081,800,0,0.0,800,100.0,0,0.0,199,5,0,0,0,0,0,0,43.154445511794215,9369,8439,0.8111858255950476,0.6190628669014836,15.401857188600705,72.36842105263158,0.0,ModelParams,v3,1779374312.4691155,0.0,0.0,104.0,52.26130653266332,95.0,47.73869346733669,0.0,0.0,0.0,0.0,5.0,100.0
1,2108,5272,30,0.5690440060698027,0.5629691409507923,27,27,90.0,3,0,25.22761760242792,74.77238239757207,0.0,5,0.09484066767830046,4,21,16.666666666666664,5,70.0,21,0.0,0,13.333333333333334,4,9240,36746,42506,0,36746,0,0,0,50880,50880,100.0,0,0.0,0,0.0,19613,9922,50.58889512058329,9691,49.41110487941671,0,0.0,1859,463,24.905863367401828,935,50.29585798816568,461,24.79827864443249,800,0,0.0,800,100.0,0,0.0,199,5,0,0,0,0,0,0,43.217316017316016,9240,8321,0.8116883116883116,0.6277056277056277,15.313852813852813,72.0,0.0,ModelParams,v3,1779374312.4691155,0.0,0.0,104.0,52.26130653266332,95.0,47.73869346733669,0.0,0.0,0.0,0.0,5.0,100.0
1,2109,5198,32,0.6156213928434013,0.5923418658768775,29,29,90.625,3,0,25.221238938053098,74.77876106194691,0.0,5,0.09619084263178146,4,23,15.625,5,71.875,23,0.0,0,12.5,4,9111,36824,42713,0,36824,0,0,0,50936,50936,100.0,0,0.0,0,0.0,19632,9932,50.59087204563977,9700,49.40912795436023,0,0.0,1862,463,24.865735767991406,937,50.32223415682062,462,24.81203007518797,800,0,0.0,800,100.0,0,0.0,199,5,0,0,0,0,0,0,43.20941718801449,9111,8212,0.8122050268905717,0.6475688727911316,15.35506530567446,74.32432432432432,0.0,ModelParams,v3,1779374312.4691155,0.0,0.0,104.0,52.26130653266332,95.0,47.73869346733669,0.0,0.0,0.0,0.0,5.0,100.0
1,2110,5169,32,0.6190752563358483,0.5961251862891207,29,29,90.625,3,0,25.67227703617721,74.32772296382278,0.0,5,0.0967305088024763,4,23,15.625,5,71.875,23,0.0,0,12.5,4,9001,36935,42934,0,36935,0,0,0,51065,51065,100.0,0,0.0,0,0.0,19689,9967,50.62217481842654,9722,49.37782518157346,0,0.0,1869,463,24.772605671482076,943,50.45478865703584,463,24.772605671482076,801,0,0.0,801,100.0,0,0.0,199,5,0,0,0,0,0,0,42.950672147539166,9001,8121,0.8332407510276635,0.655482724141762,15.487168092434175,73.33333333333333,0.0,ModelParams,v3,1779374312.4691155,0.0,0.0,104.0,52.26130653266332,95.0,47.73869346733669,0.0,0.0,0.0,0.0,5.0,100.0
1,2111,5122,32,0.6247559547051933,0.6018916595012898,29,29,90.625,3,0,25.59547051932839,74.40452948067161,0.0,5,0.09761811792268645,3,24,15.625,5,75.0,24,0.0,0,9.375,3,8890,37017,43127,0,37017,0,0,0,51284,51284,100.0,0,0.0,0,0.0,19766,10009,50.637458261661436,9757,49.362541738338564,0,0.0,1877,464,24.720298348428344,948,50.50612679808204,465,24.77357485348961,802,0,0.0,802,100.0,0,0.0,199,5,0,0,0,0,0,0,42.892238470191224,8890,8018,0.8098987626546681,0.641169853768279,15.590551181102363,73.61111111111111,0.0,ModelParams,v3,1779374312.4691155,0.0,0.0,104.0,52.26130653266332,95.0,47.73869346733669,0.0,0.0,0.0,0.0,5.0,100.0
1,2112,5091,31,0.6089176978982518,0.5840363400389358,29,29,93.54838709677419,2,0,25.41740326065606,74.58259673934394,0.0,5,0.09821253191907287,3,23,16.129032258064516,5,74.19354838709677,23,0.0,0,9.67741935483871,3,8784,37098,43314,0,37098,0,0,0,51483,51483,100.0,0,0.0,0,0.0,19848,10058,50.675130995566306,9790,49.324869004433694,0,0.0,1884,464,24.628450106157114,954,50.63694267515923,466,24.734607218683653,806,0,0.0,806,100.0,0,0.0,199,5,0,0,0,0,0,0,42.822632058287795,8784,7920,0.819672131147541,0.6489071038251366,15.573770491803279,75.0,0.0,ModelParams,v3,1779374312.4691155,0.0,0.0,104.0,52.26130653266332,95.0,47.73869346733669,0.0,0.0,0.0,0.0,5.0,100.0
1,2113,5054,27,0.5342303126236644,0.5017452006980803,25,25,92.5925925925926,2,0,25.66284131381084,74.33715868618916,0.0,4,0.07914523149980214,3,20,14.814814814814813,4,74.07407407407408,20,0.0,0,11.11111111111111,3,8707,37194,43487,0,37194,0,0,0,51546,51546,100.0,0,0.0,0,0.0,19874,10070,50.66921606118547,9804,49.330783938814534,0,0.0,1889,466,24.66913710958179,956,50.608787718369506,467,24.7220751720487,808,0,0.0,808,100.0,0,0.0,199,5,0,0,0,0,0,0,42.71723900310095,8707,7854,0.815435856207649,0.6201906512001838,15.642586424715747,73.23943661971832,0.0,ModelParams,v3,1779374312.4691155,0.0,0.0,104.0,52.26130653266332,95.0,47.73869346733669,0.0,0.0,0.0,0.0,5.0,100.0
1,2114,5028,26,0.5171042163882259,0.48256196534327706,24,24,92.3076923076923,2,0,25.99443118536197,74.00556881463802,0.0,4,0.07955449482895784,3,19,15.384615384615385,4,73.07692307692307,19,0.0,0,11.538461538461538,3,8647,37295,43648,0,37295,0,0,0,51681,51681,100.0,0,0.0,0,0.0,19919,10091,50.66017370349917,9828,49.339826296500824,0,0.0,1896,468,24.68354430379747,961,50.68565400843882,467,24.63080168776371,809,0,0.0,809,100.0,0,0.0,199,5,0,0,0,0,0,0,42.644269688909446,8647,7809,0.8210940210477623,0.6244940441771712,15.658609922516481,73.23943661971832,0.0,ModelParams,v3,1779374312.4691155,0.0,0.0,104.0,52.26130653266332,95.0,47.73869346733669,0.0,0.0,0.0,0.0,5.0,100.0
1,2115,4980,26,0.5220883534136547,0.48640282998010165,24,24,92.3076923076923,2,0,26.064257028112447,73.93574297188755,0.0,4,0.08032128514056225,3,19,15.384615384615385,4,73.07692307692307,19,0.0,0,11.538461538461538,3,8560,37382,43822,0,37382,0,0,0,51801,51801,100.0,0,0.0,0,0.0,19969,10113,50.64349742100256,9856,49.35650257899745,0,0.0,1901,470,24.723829563387692,962,50.60494476591268,469,24.67122567069963,812,0,0.0,812,100.0,0,0.0,199,5,0,0,0,0,0,0,42.58107476635514,8560,7735,0.8294392523364487,0.6308411214953271,15.735981308411215,73.23943661971832,0.0,ModelParams,v3,1779374312.4691155,0.0,0.0,104.0,52.26130653266332,95.0,47.73869346733669,0.0,0.0,0.0,0.0,5.0,100.0
1,2116,4948,26,0.5254648342764754,0.489432703003337,24,24,92.3076923076923,2,0,26.758286176232822,73.24171382376717,0.0,4,0.08084074373484236,3,19,15.384615384615385,4,73.07692307692307,19,0.0,0,11.538461538461538,3,8497,37478,43981,0,37478,0,0,0,51924,51924,100.0,0,0.0,0,0.0,20032,10147,50.65395367412141,9885,49.346046325878596,0,0.0,1909,474,24.829753797799896,964,50.497642744892616,471,24.672603457307492,814,0,0.0,814,100.0,0,0.0,199,5,0,0,0,0,0,0,42.55219489231494,8497,7674,0.8473578910203601,0.6355184182652701,15.899729316229259,72.22222222222221,0.0,ModelParams,v3,1779374312.4691155,0.0,0.0,104.0,52.26130653266332,95.0,47.73869346733669,0.0,0.0,0.0,0.0,5.0,100.0
1,2117,4893,26,0.5313713468219906,0.4943820224719101,24,24,92.3076923076923,2,0,26.58900470059268,73.41099529940732,0.0,4,0.08174943797261394,3,19,15.384615384615385,4,73.07692307692307,19,0.0,0,11.538461538461538,3,8396,37567,44171,0,37567,0,0,0,52058,52058,100.0,0,0.0,0,0.0,20080,10171,50.65239043824701,9909,49.34760956175299,0,0.0,1915,475,24.804177545691903,967,50.49608355091384,473,24.699738903394255,818,0,0.0,818,100.0,0,0.0,199,5,0,0,0,0,0,0,42.40650309671272,8396,7585,0.8694616484040019,0.6074321105288233,15.864697474988091,67.12328767123287,0.0,ModelParams,v3,1779374312.4691155,0.0,0.0,104.0,52.26130653266332,95.0,47.73869346733669,0.0,0.0,0.0,0.0,5.0,100.0
1,2118,4820,27,0.5601659751037344,0.5023978077186573,25,25,92.5925925925926,2,0,26.78423236514523,73.21576763485477,0.0,4,0.08298755186721991,3,20,14.814814814814813,4,74.07407407407408,20,0.0,0,11.11111111111111,3,8318,37639,44321,0,37639,0,0,0,52175,52175,100.0,0,0.0,0,0.0,20130,10200,50.670640834575266,9930,49.32935916542474,0,0.0,1918,476,24.817518248175183,968,50.46923879040668,474,24.713242961418143,822,0,0.0,822,100.0,0,0.0,199,5,0,0,0,0,0,0,42.53931233469584,8318,7517,0.8415484491464293,0.6131281558066843,15.857177206059148,70.0,0.0,ModelParams,v3,1779374312.4691155,0.0,0.0,104.0,52.26130653266332,95.0,47.73869346733669,0.0,0.0,0.0,0.0,5.0,100.0
1,2119,4767,26,0.5454164044472415,0.48476454293628807,24,24,92.3076923076923,2,0,26.788336479966436,73.21166352003357,0.0,4,0.08391021606880637,3,19,15.384615384615385,4,73.07692307692307,19,0.0,0,11.538461538461538,3,8241,37720,44479,0,37720,0,0,0,52230,52230,100.0,0,0.0,0,0.0,20152,10212,50.67487098054784,9940,49.32512901945216,0,0.0,1921,476,24.778761061946902,969,50.442477876106196,476,24.778761061946902,823,0,0.0,823,100.0,0,0.0,199,5,0,0,0,0,0,0,42.59349593495935,8241,7445,0.8372770294867127,0.6188569348380051,15.871860211139424,71.01449275362319,0.0,ModelParams,v3,1779374312.4691155,0.0,0.0,104.0,52.26130653266332,95.0,47.73869346733669,0.0,0.0,0.0,0.0,5.0,100.0
1,2120,4698,27,0.5747126436781609,0.5163107251818821,24,24,88.88888888888889,3,0,27.032779906343123,72.96722009365688,0.0,4,0.08514261387824607,4,19,14.814814814814813,4,70.37037037037037,19,0.0,0,14.814814814814813,4,8153,37791,44638,0,37791,0,0,0,52337,52337,100.0,0,0.0,0,0.0,20198,10238,50.688186949202894,9960,49.31181305079711,0,0.0,1927,477,24.753502854177476,971,50.389206019719765,479,24.85729112610275,828,0,0.0,828,100.0,0,0.0,199,5,0,0,0,0,0,0,42.68257083282227,8153,7368,0.8340488163866061,0.6500674598307371,15.883723782656691,72.05882352941177,0.0,ModelParams,v3,1779374312.4691155,0.0,0.0,104.0,52.26130653266332,95.0,47.73869346733669,0.0,0.0,0.0,0.0,5.0,100.0
1,2121,4647,26,0.5595007531740909,0.4971590909090909,24,24,92.3076923076923,2,0,26.834516892618893,73.1654831073811,0.0,4,0.08607703894986013,4,18,15.384615384615385,4,69.23076923076923,18,0.0,0,15.384615384615385,4,8067,37861,44794,0,37861,0,0,0,52445,52445,100.0,0,0.0,0,0.0,20246,10260,50.67667687444434,9986,49.32332312555566,0,0.0,1931,477,24.702226825479027,973,50.38839979285344,481,24.90937338166753,829,0,0.0,829,100.0,0,0.0,199,5,0,0,0,0,0,0,42.73112681294161,8067,7292,0.8677327383165986,0.6569976447254245,15.904301475145655,71.42857142857143,0.0,ModelParams,v3,1779374312.4691155,0.0,0.0,104.0,52.26130653266332,95.0,47.73869346733669,0.0,0.0,0.0,0.0,5.0,100.0
1,2122,4611,25,0.5421817393190197,0.47698545194371567,23,23,92.0,2,0,27.044025157232703,72.95597484276729,0.0,4,0.08674907829104316,4,17,16.0,4,68.0,17,0.0,0,16.0,4,8012,37941,44929,0,37941,0,0,0,52571,52571,100.0,0,0.0,0,0.0,20286,10276,50.655624568668046,10010,49.344375431331954,0,0.0,1935,477,24.651162790697676,977,50.49095607235142,481,24.857881136950905,832,0,0.0,832,100.0,0,0.0,199,5,0,0,0,0,0,0,42.82800798801797,8012,7243,0.8861707438841737,0.63654518222666,15.838741887169247,67.6056338028169,0.0,ModelParams,v3,1779374312.4691155,0.0,0.0,104.0,52.26130653266332,95.0,47.73869346733669,0.0,0.0,0.0,0.0,5.0,100.0
1,2123,4563,25,0.5478851632697787,0.481811611659841,23,23,92.0,2,0,27.613412228796847,72.38658777120315,0.0,4,0.08766162612316458,4,17,16.0,4,68.0,17,0.0,0,16.0,4,7930,38018,45088,0,38018,0,0,0,52621,52621,100.0,0,0.0,0,0.0,20309,10289,50.66226796001773,10020,49.33773203998227,0,0.0,1938,478,24.664602683178536,978,50.464396284829725,482,24.871001031991742,833,0,0.0,833,100.0,0,0.0,199,5,0,0,0,0,0,0,42.789281210592684,7930,7169,0.9205548549810846,0.6431273644388399,15.851197982345525,65.75342465753424,0.0,ModelParams,v3,1779374312.4691155,0.0,0.0,104.0,52.26130653266332,95.0,47.73869346733669,0.0,0.0,0.0,0.0,5.0,100.0
1,2124,4541,24,0.5285179475886369,0.45982575024201355,22,22,91.66666666666666,2,0,27.703149086104382,72.29685091389561,0.0,4,0.08808632459810614,3,17,16.666666666666664,4,70.83333333333334,17,0.0,0,12.5,3,7854,38095,45241,0,38095,0,0,0,52754,52754,100.0,0,0.0,0,0.0,20351,10311,50.66581494766842,10040,49.33418505233158,0,0.0,1941,478,24.626481195260176,979,50.43791859866048,484,24.935600206079343,836,0,0.0,836,100.0,0,0.0,199,5,0,0,0,0,0,0,42.77973007384772,7854,7105,0.9167303284950344,0.6238859180035651,15.85179526355997,63.888888888888886,0.0,ModelParams,v3,1779374312.4691155,0.0,0.0,104.0,52.26130653266332,95.0,47.73869346733669,0.0,0.0,0.0,0.0,5.0,100.0
1,2125,4480,25,0.5580357142857143,0.49019607843137253,23,23,92.0,2,0,27.098214285714285,72.90178571428572,0.0,4,0.08928571428571429,3,18,16.0,4,72.0,18,0.0,0,12.0,3,7774,38161,45387,0,38161,0,0,0,52796,52796,100.0,0,0.0,0,0.0,20372,10318,50.647948164146875,10054,49.35205183585313,0,0.0,1943,478,24.60113226968605,981,50.48893463715903,484,24.909933093154915,837,0,0.0,837,100.0,0,0.0,199,5,0,0,0,0,0,0,42.81643941342938,7774,7031,0.926164136866478,0.6303061487007975,15.950604579367123,63.888888888888886,0.0,ModelParams,v3,1779374312.4691155,0.0,0.0,104.0,52.26130653266332,95.0,47.73869346733669,0.0,0.0,0.0,0.0,5.0,100.0
0,1950,12698,73,0.5748936840447315,0.6413072125098831,15,15,20.54794520547945,58,0,39.195148842337375,60.80485115766262,0.0,3,0.02362576783745472,20,29,4.10958904109589,3,39.726027397260275,29,1.36986301369863,1,27.397260273972602,20,15243,384,141,0,384,0,0,0,524,524,100.0,0,0.0,0,0.0,167,88,52.69461077844312,79,47.30538922155689,0,0.0,14,4,28.57142857142857,10,71.42857142857143,0,0.0,8,0,0.0,8,100.0,0,0.0,4,0,0,0,0,0,0,0,28.04723479629994,15243,13685,0.9250147608738437,0.5641934002492948,16.361608607229545,14.893617021276595,0.0,ModelParams,v3,1779374313.4901233,0.0,0.0,0.0,0.0,4.0,100.0,,,,,,
0,1951,12843,76,0.5917620493654131,0.660180681028492,16,16,21.052631578947366,60,0,39.2820991980067,60.71790080199331,0.0,3,0.023359028264424198,22,30,3.9473684210526314,3,39.473684210526315,30,1.3157894736842104,1,28.947368421052634,22,15450,727,277,0,727,0,0,0,1002,1002,100.0,0,0.0,0,0.0,340,174,51.17647058823529,166,48.8235294117647,0,0.0,40,9,22.5,27,67.5,4,10.0,17,0,0.0,17,100.0,0,0.0,5,0,0,0,0,0,0,0,28.131326860841423,15450,13870,0.9320388349514563,0.5825242718446602,16.34304207119741,15.277777777777779,0.0,ModelParams,v3,1779374313.4901233,0.0,0.0,0.0,0.0,5.0,100.0,,,,,,
0,1952,13030,73,0.5602455871066769,0.625,15,15,20.54794520547945,58,0,39.577897160399075,60.422102839600925,0.0,3,0.023023791250959325,21,29,4.10958904109589,3,39.726027397260275,29,1.36986301369863,1,28.767123287671232,21,15694,1122,428,0,1122,0,0,0,1308,1308,100.0,0,0.0,0,0.0,446,225,50.44843049327354,221,49.55156950672646,0,0.0,52,11,21.153846153846153,33,63.46153846153846,8,15.384615384615385,23,0,0.0,23,100.0,0,0.0,6,0,0,0,0,0,0,0,28.121192812539825,15694,14093,0.930291831273098,0.5734675672231426,16.382056837007774,15.068493150684931,0.0,ModelParams,v3,1779374313.4901233,0.0,0.0,0.0,0.0,6.0,100.0,,,,,,
0,1953,13214,73,0.5524443771757227,0.6158778368345567,14,14,19.17808219178082,59,0,39.50355683366127,60.49644316633873,0.0,3,0.022703193582563945,22,28,4.10958904109589,3,38.35616438356164,28,1.36986301369863,1,30.136986301369863,22,15931,1496,565,0,1496,0,0,0,1835,1835,100.0,0,0.0,0,0.0,631,321,50.871632329635496,310,49.128367670364504,0,0.0,67,17,25.37313432835821,41,61.19402985074627,9,13.432835820895523,30,0,0.0,30,100.0,0,0.0,7,0,0,0,0,0,0,0,28.18824932521499,15931,14314,0.9101751302491997,0.5649362877408826,16.383152344485595,14.482758620689657,0.0,ModelParams,v3,1779374313.4901233,0.0,0.0,0.0,0.0,7.0,100.0,,,,,,
0,1954,13390,73,0.5451829723674384,0.6082319613397766,13,13,17.80821917808219,60,0,39.559372666168784,60.44062733383122,0.0,3,0.022404779686333084,22,28,4.10958904109589,3,38.35616438356164,28,1.36986301369863,1,30.136986301369863,22,16180,1865,685,0,1865,0,0,0,2371,2371,100.0,0,0.0,0,0.0,855,440,51.461988304093566,415,48.53801169590643,0,0.0,86,23,26.744186046511626,48,55.81395348837209,15,17.441860465116278,41,0,0.0,41,100.0,0,0.0,7,0,0,0,0,0,0,0,28.314585908529047,16180,14534,0.896168108776267,0.5562422744128553,16.409147095179232,14.482758620689657,0.0,ModelParams,v3,1779374313.4901233,0.0,0.0,0.0,0.0,7.0,100.0,,,,,,
0,1955,13580,79,0.5817378497790869,0.6489772447219256,17,17,21.518987341772153,62,0,39.39617083946981,60.60382916053019,0.0,4,0.029455081001472753,24,31,5.063291139240507,4,39.24050632911392,31,1.2658227848101267,1,30.37974683544304,24,16445,2284,839,0,2284,0,0,0,3241,3241,100.0,0,0.0,0,0.0,1169,600,51.32591958939264,569,48.67408041060736,0,0.0,117,29,24.786324786324787,67,57.26495726495726,21,17.94871794871795,54,0,0.0,54,100.0,0,0.0,10,0,0,0,0,0,0,0,28.32149589540894,16445,14775,0.8817269686834904,0.5837640620249316,16.36971723928246,17.93103448275862,0.0,ModelParams,v3,1779374313.4901233,0.0,0.0,0.0,0.0,10.0,100.0,,,,,,
0,1956,13764,83,0.6030223772159257,0.6722825206544629,17,17,20.481927710843372,66,0,39.42167974426039,60.57832025573961,0.0,4,0.029061319383900032,26,33,4.819277108433735,4,39.75903614457831,33,1.2048192771084338,1,31.32530120481928,26,16695,2685,990,0,2685,0,0,0,3514,3514,100.0,0,0.0,0,0.0,1272,657,51.65094339622641,615,48.34905660377358,0,0.0,133,34,25.563909774436087,73,54.88721804511278,26,19.548872180451127,61,0,0.0,61,100.0,0,0.0,12,0,0,0,0,0,0,0,28.375801138065288,16695,15002,0.88649296196466,0.5870020964360587,16.40610961365678,17.56756756756757,0.0,ModelParams,v3,1779374313.4901233,0.0,0.0,1.0,8.333333333333332,11.0,91.66666666666666,,,,,,
0,1957,13965,85,0.6086645184389545,0.6781554172650391,15,15,17.647058823529413,70,0,39.7422126745435,60.257787325456505,0.0,4,0.028643036161833155,26,35,4.705882352941177,4,41.17647058823529,35,1.1764705882352942,1,30.58823529411765,26,16964,3107,1143,0,3107,0,0,0,4358,4358,100.0,0,0.0,0,0.0,1595,813,50.9717868338558,782,49.028213166144205,0,0.0,167,40,23.952095808383234,88,52.69461077844312,39,23.353293413173652,78,0,0.0,78,100.0,0,0.0,18,0,0,0,0,0,0,0,28.376915821740155,16964,15252,0.901909926904032,0.5953784484791322,16.452487620844142,16.33986928104575,0.0,ModelParams,v3,1779374313.4901233,0.0,0.0,3.0,16.666666666666664,15.0,83.33333333333334,,,,,,
0,1958,14196,89,0.6269371653987038,0.6987516683677475,13,13,14.606741573033707,76,0,40.081713158636234,59.918286841363766,0.0,4,0.02817695125387433,26,39,4.49438202247191,4,43.82022471910113,39,1.1235955056179776,1,29.213483146067414,26,17274,3554,1280,0,3554,0,0,0,4917,4917,100.0,0,0.0,0,0.0,1814,911,50.22050716648291,903,49.77949283351709,0,0.0,192,50,26.041666666666668,95,49.47916666666667,47,24.479166666666664,88,0,0.0,88,100.0,0,0.0,22,0,0,0,0,0,0,0,28.383698043302072,17274,15530,0.9030913511635985,0.6194280421442631,16.475628111612828,16.666666666666664,0.0,ModelParams,v3,1779374313.4901233,0.0,0.0,6.0,27.27272727272727,16.0,72.72727272727273,,,,,,
0,1959,14392,91,0.632295719844358,0.7042253521126761,14,14,15.384615384615385,77,0,40.31406336853808,59.68593663146192,0.0,4,0.027793218454697052,27,40,4.395604395604396,4,43.956043956043956,40,1.098901098901099,1,29.67032967032967,27,17560,3984,1424,0,3984,0,0,0,5503,5503,100.0,0,0.0,0,0.0,2036,1026,50.39292730844793,1010,49.60707269155206,0,0.0,217,55,25.34562211981567,107,49.30875576036866,55,25.34562211981567,97,0,0.0,97,100.0,0,0.0,24,0,0,0,0,0,0,0,28.437186788154897,17560,15789,0.9168564920273348,0.6207289293849658,16.509111617312072,16.77018633540373,0.0,ModelParams,v3,1779374313.4901233,0.0,0.0,7.0,29.166666666666668,17.0,70.83333333333334,,,,,,
0,1960,14542,97,0.6670334204373539,0.7352941176470588,14,14,14.432989690721648,83,0,40.235180855453166,59.764819144546834,0.0,4,0.027506532801540366,27,46,4.123711340206185,4,47.42268041237113,46,1.0309278350515463,1,27.835051546391753,27,17799,4397,1598,0,4397,0,0,0,6089,6089,100.0,0,0.0,0,0.0,2247,1132,50.378282153983086,1115,49.621717846016914,0,0.0,235,58,24.680851063829788,114,48.51063829787234,63,26.80851063829787,108,0,0.0,108,100.0,0,0.0,26,0,0,0,0,0,0,0,28.492218663969886,17799,16000,0.9157817854935671,0.6461037136917804,16.54587336367212,16.56441717791411,0.0,ModelParams,v3,1779374313.4901233,0.0,0.0,9.0,34.61538461538461,17.0,65.38461538461539,,,,,,
0,1961,14728,95,0.6450298750678979,0.7106138494103417,14,14,14.736842105263156,81,0,40.03259098316133,59.96740901683868,0.0,4,0.027159152634437803,27,44,4.2105263157894735,4,46.31578947368421,44,1.0526315789473684,1,28.421052631578945,27,18015,4832,1817,0,4832,0,0,0,6682,6682,100.0,0,0.0,0,0.0,2477,1246,50.302785627775535,1231,49.697214372224465,0,0.0,264,65,24.62121212121212,129,48.86363636363637,70,26.515151515151516,117,0,0.0,117,100.0,0,0.0,27,0,0,0,0,0,0,0,28.412545101304467,18015,16202,0.893699694698862,0.6383569247849015,16.580627255065224,17.391304347826086,0.0,ModelParams,v3,1779374313.4901233,0.0,0.0,10.0,37.03703703703704,17.0,62.96296296296296,,,,,,
0,1962,14854,96,0.6462905614649253,0.7121973161406402,15,15,15.625,81,0,39.57183250302948,60.42816749697051,0.0,3,0.020196580045778914,27,46,3.125,3,47.91666666666667,46,1.0416666666666665,1,28.125,27,18210,5210,2000,0,5210,0,0,0,7246,7246,100.0,0,0.0,0,0.0,2651,1325,49.98113919275745,1326,50.01886080724255,0,0.0,283,69,24.381625441696116,141,49.82332155477032,73,25.795053003533567,128,0,0.0,128,100.0,0,0.0,29,0,0,0,0,0,0,0,28.541076331685886,18210,16373,0.8951125755079626,0.642504118616145,16.501922020867653,17.791411042944784,0.0,ModelParams,v3,1779374313.4901233,0.0,0.0,11.0,37.93103448275862,18.0,62.06896551724138,,,,,,
0,1963,15016,99,0.6592967501331912,0.7267873034707802,15,15,15.151515151515152,84,0,39.318060735215774,60.68193926478423,0.0,4,0.02663825253063399,27,48,4.040404040404041,4,48.484848484848484,48,1.0101010101010102,1,27.27272727272727,27,18439,5604,2165,0,5604,0,0,0,7819,7819,100.0,0,0.0,0,0.0,2858,1435,50.20993701889434,1423,49.79006298110567,0,0.0,302,75,24.834437086092713,152,50.331125827814574,75,24.834437086092713,132,0,0.0,132,100.0,0,0.0,34,0,0,0,0,0,0,0,28.650686045881013,18439,16576,0.9002657410922501,0.6507945116329519,16.546450458267802,17.46987951807229,0.0,ModelParams,v3,1779374313.4901233,0.0,0.0,14.0,41.17647058823529,20.0,58.82352941176471,,,,,,
0,1964,15181,104,0.6850668598906527,0.7563518872081069,17,17,16.346153846153847,87,0,39.11468282721823,60.885317172781775,0.0,5,0.03293590672551215,27,52,4.807692307692308,5,50.0,52,0.9615384615384616,1,25.961538461538463,27,18671,6008,2337,0,6008,0,0,0,8361,8361,100.0,0,0.0,0,0.0,3060,1532,50.06535947712418,1528,49.93464052287582,0,0.0,322,83,25.77639751552795,159,49.378881987577635,80,24.84472049689441,145,0,0.0,145,100.0,0,0.0,36,0,0,0,0,0,0,0,28.749879492260725,18671,16766,0.9105029189652402,0.6748433399389427,16.555085426597397,18.235294117647058,0.0,ModelParams,v3,1779374313.4901233,0.0,0.0,16.0,44.44444444444444,20.0,55.55555555555556,,,,,,
0,1965,15324,105,0.6851996867658575,0.7569692117330228,17,17,16.19047619047619,88,0,38.67136517880449,61.328634821195514,0.0,5,0.032628556512659876,28,52,4.761904761904762,5,49.523809523809526,52,0.9523809523809524,1,26.666666666666668,28,18889,6376,2487,0,6376,0,0,0,8908,8908,100.0,0,0.0,0,0.0,3273,1639,50.07638252367859,1634,49.92361747632142,0,0.0,342,89,26.023391812865498,169,49.41520467836257,84,24.561403508771928,152,0,0.0,152,100.0,0,0.0,37,0,0,0,0,0,0,0,28.923818095187677,18889,16952,0.8999947059134946,0.6723489861824342,16.612843453862038,17.647058823529413,0.0,ModelParams,v3,1779374313.4901233,0.0,0.0,17.0,45.94594594594595,20.0,54.054054054054056,,,,,,
0,1966,15452,108,0.6989386487186124,0.7720614762969911,18,18,16.666666666666664,90,0,38.57753041677453,61.42246958322547,0.0,6,0.0388299249288118,28,53,5.555555555555555,6,49.074074074074076,53,1.8518518518518516,2,25.925925925925924,28,19110,6754,2644,0,6754,0,0,0,9432,9432,100.0,0,0.0,0,0.0,3457,1732,50.10124385305178,1725,49.89875614694822,0,0.0,365,91,24.93150684931507,185,50.68493150684932,89,24.383561643835616,161,0,0.0,161,100.0,0,0.0,37,0,0,0,0,0,0,0,29.089220303506018,19110,17157,0.8895866038723181,0.6855049712192569,16.630036630036628,18.235294117647058,0.0,ModelParams,v3,1779374313.4901233,0.0,0.0,17.0,45.94594594594595,20.0,54.054054054054056,,,,,,
0,1967,15594,109,0.6989867897909452,0.7722007722007722,19,19,17.431192660550458,90,0,38.10439912786969,61.89560087213031,0.0,7,0.04488905989483134,27,54,6.422018348623854,7,49.54128440366973,54,1.834862385321101,2,24.770642201834864,27,19332,7129,2797,0,7129,0,0,0,9996,9996,100.0,0,0.0,0,0.0,3656,1831,50.08205689277899,1825,49.91794310722101,0,0.0,389,96,24.67866323907455,195,50.128534704370175,98,25.19280205655527,168,0,0.0,168,100.0,0,0.0,38,0,0,0,0,0,0,0,29.253879577901923,19332,17364,0.8845437616387336,0.6983240223463687,16.666666666666664,18.71345029239766,0.0,ModelParams,v3,1779374313.4901233,0.0,0.0,18.0,47.368421052631575,20.0,52.63157894736842,,,,,,
0,1968,15690,106,0.6755895474824729,0.7461095715199318,18,18,16.9811320754717,88,0,37.76927979604844,62.23072020395156,0.0,7,0.04461440407903123,25,53,6.60377358490566,7,50.0,53,1.8867924528301887,2,23.58490566037736,25,19554,7489,2935,0,7489,0,0,0,10256,10256,100.0,0,0.0,0,0.0,3741,1869,49.95990376904571,1872,50.04009623095429,0,0.0,398,99,24.87437185929648,198,49.74874371859296,101,25.376884422110553,174,0,0.0,174,100.0,0,0.0,38,0,0,0,0,0,0,0,29.51247826531656,19554,17564,0.8745013807916538,0.6852817837782551,16.63598240769152,18.71345029239766,0.0,ModelParams,v3,1779374313.4901233,0.0,0.0,18.0,47.368421052631575,20.0,52.63157894736842,,,,,,
0,1969,15865,108,0.6807437756066814,0.7519325368938862,19,19,17.59259259259259,89,0,37.541758588086985,62.458241411913015,0.0,7,0.0441222817522849,26,54,6.481481481481481,7,50.0,54,1.8518518518518516,2,24.074074074074073,26,19799,7883,3084,0,7883,0,0,0,10793,10793,100.0,0,0.0,0,0.0,3941,1978,50.19030702867292,1963,49.809692971327074,0,0.0,419,104,24.821002386634845,209,49.88066825775656,106,25.29832935560859,187,0,0.0,187,100.0,0,0.0,38,0,0,0,0,0,0,0,29.680892974392645,19799,17783,0.8788322642557704,0.6869033789585333,16.627102378908027,18.96551724137931,0.0,ModelParams,v3,1779374313.4901233,0.0,0.0,18.0,47.368421052631575,20.0,52.63157894736842,,,,,,
0,1970,15988,111,0.6942707030272705,0.7663903016790915,19,19,17.117117117117118,92,0,36.99024268201151,63.00975731798849,0.0,8,0.05003752814610958,27,55,7.207207207207207,8,49.549549549549546,55,1.8018018018018018,2,24.324324324324326,27,20020,8259,3239,0,8259,0,0,0,11335,11335,100.0,0,0.0,0,0.0,4151,2094,50.445675740785354,2057,49.55432425921465,0,0.0,445,111,24.9438202247191,224,50.337078651685395,110,24.719101123595504,190,0,0.0,190,100.0,0,0.0,41,0,0,0,0,0,0,0,29.884165834165834,20020,17990,0.884115884115884,0.6943056943056943,16.65834165834166,18.64406779661017,0.0,ModelParams,v3,1779374313.4901233,0.0,0.0,19.0,46.34146341463415,22.0,53.65853658536586,,,,,,
0,1971,16083,107,0.6652987626686564,0.7199723087573555,16,16,14.953271028037381,91,0,36.64117391034011,63.35882608965989,0.0,8,0.049741963564011685,26,52,7.476635514018691,8,48.598130841121495,52,1.8691588785046727,2,24.299065420560748,26,20231,8637,3406,0,8637,0,0,0,11867,11867,100.0,0,0.0,0,0.0,4345,2192,50.44879171461451,2153,49.5512082853855,0,0.0,467,116,24.839400428265524,237,50.74946466809421,114,24.411134903640257,198,0,0.0,198,100.0,0,0.0,41,0,0,0,0,0,0,0,30.025060550640106,20231,18181,0.8847807819682665,0.6969502249023776,16.588403934555878,18.435754189944134,0.0,ModelParams,v3,1779374313.4901233,0.0,0.0,19.0,46.34146341463415,22.0,53.65853658536586,,,,,,
0,1972,16222,108,0.665762544692393,0.7206094296891086,16,16,14.814814814814813,92,0,36.17926272962643,63.82073727037356,0.0,9,0.05548021205769942,26,52,8.333333333333332,9,48.148148148148145,52,1.8518518518518516,2,24.074074074074073,26,20449,9023,3574,0,9023,0,0,0,12400,12400,100.0,0,0.0,0,0.0,4551,2292,50.36255767963085,2259,49.63744232036915,0,0.0,489,124,25.357873210633947,247,50.511247443762784,118,24.130879345603272,206,0,0.0,206,100.0,0,0.0,46,0,0,0,0,0,0,0,30.17761259719302,20449,18384,0.8753484277959802,0.6944104846202748,16.607169054721503,18.435754189944134,0.0,ModelParams,v3,1779374313.4901233,0.0,0.0,23.0,50.0,23.0,50.0,,,,,,
0,1973,16305,106,0.6501073290401717,0.7032156755649621,15,15,14.150943396226415,91,0,35.5903097209445,64.40969027905551,0.0,9,0.05519779208831647,25,51,8.49056603773585,9,48.113207547169814,51,1.8867924528301887,2,23.58490566037736,25,20675,9403,3728,0,9403,0,0,0,12924,12924,100.0,0,0.0,0,0.0,4748,2399,50.52653748946925,2349,49.47346251053075,0,0.0,517,131,25.338491295938105,263,50.870406189555126,123,23.791102514506772,216,0,0.0,216,100.0,0,0.0,48,0,0,0,0,0,0,0,30.39409915356711,20675,18588,0.8657799274486094,0.6771463119709794,16.667472793228537,17.318435754189945,0.0,ModelParams,v3,1779374313.4901233,0.0,0.0,23.0,47.91666666666667,25.0,52.083333333333336,,,,,,
0,1974,16431,108,0.6572941391272594,0.7110930516050387,15,15,13.88888888888889,93,0,35.049601363276736,64.95039863672328,0.0,9,0.054774511593938285,27,51,8.333333333333332,9,47.22222222222222,51,1.8518518518518516,2,25.0,27,20907,9789,3882,0,9789,0,0,0,13430,13430,100.0,0,0.0,0,0.0,4951,2521,50.919006261361346,2430,49.080993738638654,0,0.0,539,139,25.788497217068645,271,50.278293135435995,129,23.933209647495364,223,0,0.0,223,100.0,0,0.0,48,0,0,0,0,0,0,0,30.58631080499354,20907,18806,0.88008800880088,0.6791983546180705,16.63079351413402,15.760869565217392,0.0,ModelParams,v3,1779374313.4901233,0.0,0.0,23.0,47.91666666666667,25.0,52.083333333333336,,,,,,
0,1975,16517,107,0.6478174002542835,0.7002895427917312,16,16,14.953271028037381,91,0,34.55833383786402,65.44166616213599,0.0,9,0.054489314040079916,26,51,8.411214953271028,9,47.66355140186916,51,1.8691588785046727,2,24.299065420560748,26,21095,10155,4060,0,10155,0,0,0,13950,13950,100.0,0,0.0,0,0.0,5148,2625,50.990675990675996,2523,49.009324009324004,0,0.0,553,142,25.678119349005424,278,50.27124773960217,133,24.050632911392405,235,0,0.0,235,100.0,0,0.0,52,0,0,0,0,0,0,0,30.814079165679072,21095,18978,0.8864659872007584,0.6684048352690211,16.615311685233465,15.508021390374333,0.0,ModelParams,v3,1779374313.4901233,0.0,0.0,26.0,50.0,26.0,50.0,,,,,,
0,1976,16587,109,0.6571411346235003,0.7103129397574215,15,15,13.761467889908257,94,0,33.90607101947308,66.09392898052691,0.0,10,0.06028817748839453,26,51,9.174311926605505,10,46.788990825688074,51,2.7522935779816518,3,23.853211009174313,26,21301,10506,4205,0,10506,0,0,0,14460,14460,100.0,0,0.0,0,0.0,5329,2714,50.92887971476825,2615,49.07112028523175,0,0.0,568,145,25.528169014084508,287,50.52816901408451,136,23.943661971830984,244,0,0.0,244,100.0,0,0.0,54,0,0,0,0,0,0,0,31.088728228721656,21301,19171,0.8872822872165627,0.6807192150603258,16.590770386366838,15.343915343915343,0.0,ModelParams,v3,1779374313.4901233,0.0,0.0,27.0,50.0,27.0,50.0,,,,,,
0,1977,16680,108,0.6474820143884892,0.6993472758758492,16,16,14.814814814814813,92,0,33.747002398081534,66.25299760191847,0.0,9,0.0539568345323741,24,53,8.333333333333332,9,49.074074074074076,53,2.7777777777777777,3,22.22222222222222,24,21514,10887,4373,0,10887,0,0,0,14972,14972,100.0,0,0.0,0,0.0,5539,2822,50.947824517060845,2717,49.052175482939155,0,0.0,579,147,25.38860103626943,292,50.431778929188255,140,24.179620034542314,254,0,0.0,254,100.0,0,0.0,56,0,0,0,0,0,0,0,31.30068792414242,21514,19365,0.8738495863158873,0.6739797341266152,16.598494003904435,15.957446808510639,0.0,ModelParams,v3,1779374313.4901233,0.0,0.0,28.0,50.0,28.0,50.0,,,,,,
0,1978,16791,109,0.6491572866416533,0.7014757461451923,17,17,15.59633027522936,92,0,33.506044905008636,66.49395509499136,0.0,9,0.053600142933714484,24,54,8.256880733944955,9,49.54128440366973,54,2.7522935779816518,3,22.018348623853214,24,21746,11277,4531,0,11277,0,0,0,15486,15486,100.0,0,0.0,0,0.0,5742,2929,51.010101010101,2813,48.98989898989899,0,0.0,606,154,25.412541254125415,301,49.66996699669967,151,24.917491749174918,265,0,0.0,265,100.0,0,0.0,58,0,0,0,0,0,0,0,31.49305619424262,21746,19573,0.8783224501057665,0.6667892945829118,16.609951255403292,15.706806282722512,0.0,ModelParams,v3,1779374313.4901233,0.0,0.0,29.0,50.0,29.0,50.0,,,,,,
0,1979,16938,108,0.6376195536663124,0.6821013969961304,15,15,13.88888888888889,93,0,33.1266973668674,66.8733026331326,0.0,7,0.04132719329318692,23,56,6.481481481481481,7,51.85185185185185,56,2.7777777777777777,3,21.296296296296298,23,21958,11669,4711,0,11669,0,0,0,15992,15992,100.0,0,0.0,0,0.0,5934,3015,50.80889787664308,2919,49.19110212335693,0,0.0,622,159,25.562700964630224,308,49.51768488745981,155,24.919614147909968,274,0,0.0,274,100.0,0,0.0,59,0,0,0,0,0,0,0,31.665224519537297,21958,19769,0.8743965752800802,0.6649057291192276,16.527006102559433,15.104166666666666,0.0,ModelParams,v3,1779374313.4901233,0.0,0.0,29.0,49.152542372881356,30.0,50.847457627118644,,,,,,
0,1980,17046,110,0.6453126833274669,0.6838608831574834,16,16,14.545454545454545,94,0,32.981344596972896,67.01865540302711,0.0,8,0.04693183151472486,24,57,7.2727272727272725,8,51.81818181818182,57,1.8181818181818181,2,21.818181818181817,24,22174,12045,4871,0,12045,0,0,0,16474,16474,100.0,0,0.0,0,0.0,6127,3120,50.922147870083236,3007,49.077852129916764,0,0.0,641,165,25.741029641185648,318,49.609984399375975,158,24.648985959438377,280,0,0.0,280,100.0,0,0.0,61,0,0,0,0,0,0,0,31.888382790655722,22174,19969,0.8658789573374222,0.6719581491837286,16.514837196716876,16.666666666666664,0.0,ModelParams,v3,1779374313.4901233,0.0,0.0,30.0,49.18032786885246,31.0,50.81967213114754,,,,,,
0,1981,17151,111,0.6471925835228267,0.6860397385282506,16,16,14.414414414414415,95,0,32.761938079412275,67.23806192058773,0.0,9,0.05247507433968865,23,58,8.108108108108109,9,52.25225225225225,58,1.8018018018018018,2,20.72072072072072,23,22386,12431,5045,0,12431,0,0,0,16994,16994,100.0,0,0.0,0,0.0,6334,3224,50.89990527312914,3110,49.10009472687086,0,0.0,656,171,26.067073170731707,325,49.542682926829265,160,24.390243902439025,287,0,0.0,287,100.0,0,0.0,64,0,0,0,0,0,0,0,32.097471634057,22386,20157,0.8621459840972037,0.6745287233092112,16.537121415170194,16.580310880829018,0.0,ModelParams,v3,1779374313.4901233,0.0,0.0,33.0,51.5625,31.0,48.4375,,,,,,
0,1982,17268,109,0.6312253880009265,0.6686382924006686,16,16,14.678899082568808,93,0,32.568913597405604,67.4310864025944,0.0,9,0.052119527449617786,22,59,8.256880733944955,9,54.12844036697248,59,1.834862385321101,2,20.18348623853211,22,22578,12813,5235,0,12813,0,0,0,17514,17514,100.0,0,0.0,0,0.0,6524,3325,50.96566523605151,3199,49.0343347639485,0,0.0,670,174,25.970149253731346,333,49.701492537313435,163,24.328358208955223,295,0,0.0,295,100.0,0,0.0,66,0,0,0,0,0,0,0,32.28824519443706,22578,20323,0.8636726016476215,0.6732217202586589,16.53379395872088,16.41025641025641,0.0,ModelParams,v3,1779374313.4901233,0.0,0.0,34.0,51.515151515151516,32.0,48.484848484848484,,,,,,
0,1983,17420,111,0.6371986222732492,0.675761825831952,16,16,14.414414414414415,95,0,32.456946039035586,67.5430539609644,0.0,9,0.051664753157290466,23,60,8.108108108108109,9,54.054054054054056,60,1.8018018018018018,2,20.72072072072072,23,22782,13197,5415,0,13197,0,0,0,18057,18057,100.0,0,0.0,0,0.0,6729,3424,50.88423242680933,3305,49.115767573190666,0,0.0,686,180,26.239067055393583,341,49.70845481049563,165,24.05247813411079,300,0,0.0,300,100.0,0,0.0,69,0,0,0,0,0,0,0,32.48086208410148,22782,20502,0.8691071898867527,0.680361689052761,16.48231059608463,16.666666666666664,0.0,ModelParams,v3,1779374313.4901233,0.0,0.0,35.0,50.72463768115942,34.0,49.275362318840585,,,,,,
0,1984,17567,109,0.6204815847896624,0.6579363573100525,15,15,13.761467889908257,94,0,32.173962543405246,67.82603745659476,0.0,9,0.051232424432173955,24,60,8.256880733944955,9,55.04587155963303,60,2.7522935779816518,3,22.018348623853214,24,23005,13593,5588,0,13593,0,0,0,18368,18368,100.0,0,0.0,0,0.0,6863,3491,50.86696779833891,3372,49.13303220166108,0,0.0,701,183,26.105563480741793,349,49.78601997146933,169,24.10841654778887,304,0,0.0,304,100.0,0,0.0,69,0,0,0,0,0,0,0,32.665029341447514,23005,20690,0.8780699847859161,0.6911540969354488,16.52684199087155,16.831683168316832,0.0,ModelParams,v3,1779374313.4901233,0.0,0.0,35.0,50.72463768115942,34.0,49.275362318840585,,,,,,
0,1985,17735,113,0.637158161826896,0.6772858397090179,14,14,12.389380530973451,99,0,32.18494502396391,67.81505497603608,0.0,10,0.05638567803777841,24,64,8.849557522123893,10,56.63716814159292,64,2.6548672566371683,3,21.238938053097346,24,23226,14023,5797,0,14023,0,0,0,19189,19189,100.0,0,0.0,0,0.0,7180,3658,50.94707520891365,3522,49.05292479108635,0,0.0,732,194,26.50273224043716,362,49.45355191256831,176,24.043715846994534,314,0,0.0,314,100.0,0,0.0,73,0,0,0,0,0,0,0,32.731550848187375,23226,20877,0.865409454921209,0.701799707224662,16.550417635408593,16.417910447761194,0.0,ModelParams,v3,1779374313.4901233,0.0,0.0,37.0,50.68493150684932,36.0,49.31506849315068,,,,,,
0,1986,17849,112,0.6274861336769567,0.6543279117592073,16,16,14.285714285714285,96,0,31.98498515322987,68.01501484677013,0.0,10,0.05602554764972828,24,64,8.928571428571429,10,57.14285714285714,64,2.6785714285714284,3,21.428571428571427,24,23385,14399,6014,0,14399,0,0,0,19717,19717,100.0,0,0.0,0,0.0,7429,3784,50.935522950599,3645,49.06447704940099,0,0.0,751,196,26.098535286284953,374,49.80026631158455,181,24.101198402130493,322,0,0.0,322,100.0,0,0.0,74,0,0,0,0,0,0,0,32.856018815480006,23385,21025,0.8638015822108189,0.7055805003207184,16.566174898439172,17.326732673267326,0.0,ModelParams,v3,1779374313.4901233,0.0,0.0,37.0,50.0,37.0,50.0,,,,,,
0,1987,17999,106,0.5889216067559309,0.612093483368369,16,16,15.09433962264151,90,0,32.04622479026612,67.95377520973386,0.0,9,0.05000277793210734,22,61,8.49056603773585,9,57.54716981132076,61,2.8301886792452833,3,20.754716981132077,22,23618,14843,6225,0,14843,0,0,0,20331,20331,100.0,0,0.0,0,0.0,7649,3883,50.76480585697477,3766,49.23519414302523,0,0.0,767,196,25.554106910039113,388,50.58670143415907,183,23.859191655801826,334,0,0.0,334,100.0,0,0.0,79,0,0,0,0,0,0,0,32.942247438394446,23618,21228,0.8552798712846135,0.6901515793039208,16.57210602083157,16.33663366336634,0.0,ModelParams,v3,1779374313.4901233,0.0,0.0,38.0,48.10126582278481,41.0,51.89873417721519,,,,,,
0,1988,18059,107,0.5925023533971981,0.615839389087326,18,18,16.822429906542055,89,0,32.12248740240323,67.87751259759676,0.0,10,0.05537405171936431,21,61,9.345794392523365,10,57.009345794392516,61,4.672897196261682,5,19.626168224299064,21,23667,15264,6597,0,15264,0,0,0,20740,20740,100.0,0,0.0,0,0.0,7827,3968,50.69630765299604,3859,49.30369234700397,0,0.0,780,204,26.153846153846157,390,50.0,186,23.846153846153847,337,0,0.0,337,100.0,0,0.0,81,0,0,0,0,0,0,0,32.87936789622681,23667,21279,0.857734398107069,0.6844974014450501,16.571597583132633,15.270935960591133,0.0,ModelParams,v3,1779374313.4901233,0.0,0.0,38.0,46.913580246913575,43.0,53.086419753086425,,,,,,
0,1989,18213,109,0.5984736177455664,0.6231671554252199,17,17,15.59633027522936,92,0,32.158348432438366,67.84165156756163,0.0,10,0.05490583649041893,22,64,9.174311926605505,10,58.71559633027523,64,4.587155963302752,5,20.18348623853211,22,23906,15710,6804,0,15710,0,0,0,21471,21471,100.0,0,0.0,0,0.0,8130,4121,50.68880688806888,4009,49.31119311193112,0,0.0,802,209,26.059850374064837,402,50.12468827930174,191,23.815461346633416,346,0,0.0,346,100.0,0,0.0,88,0,0,0,0,0,0,0,32.987785493181626,23906,21481,0.8449761566134025,0.6860202459633565,16.606709612649546,14.85148514851485,0.0,ModelParams,v3,1779374313.4901233,0.0,0.0,44.0,50.0,44.0,50.0,,,,,,
0,1990,18224,111,0.6090869183494293,0.629238194147474,20,20,18.01801801801802,91,0,32.23222124670764,67.76777875329236,0.0,12,0.06584723441615452,22,66,10.81081081081081,12,59.45945945945946,66,4.504504504504505,5,19.81981981981982,22,24064,16093,7029,0,16093,0,0,0,22051,22051,100.0,0,0.0,0,0.0,8337,4230,50.737675422813965,4107,49.26232457718604,0,0.0,816,212,25.98039215686275,410,50.245098039215684,194,23.774509803921568,355,0,0.0,355,100.0,0,0.0,90,0,0,0,0,0,0,0,33.16389627659574,24064,21612,0.8394281914893618,0.6898271276595744,16.526761968085108,16.831683168316832,0.0,ModelParams,v3,1779374313.4901233,0.0,0.0,46.0,51.11111111111111,44.0,48.888888888888886,,,,,,
0,1991,18310,108,0.5898416166029492,0.602226412798832,25,25,23.14814814814815,83,0,32.37028945931185,67.62971054068815,0.0,12,0.06553795740032768,23,66,11.11111111111111,12,61.111111111111114,66,5.555555555555555,6,21.296296296296298,23,24255,16492,7237,0,16492,0,0,0,22646,22646,100.0,0,0.0,0,0.0,8520,4328,50.7981220657277,4192,49.2018779342723,0,0.0,835,215,25.748502994011975,421,50.41916167664671,199,23.832335329341316,363,0,0.0,363,100.0,0,0.0,91,0,0,0,0,0,0,0,33.32834467120181,24255,21775,0.8493094207379922,0.6967635539064111,16.507936507936506,22.330097087378643,0.0,ModelParams,v3,1779374313.4901233,0.0,0.0,47.0,51.64835164835166,44.0,48.35164835164835,,,,,,
0,1992,18398,111,0.6033264485270138,0.6177699715341288,31,31,27.927927927927925,80,0,32.27524730949016,67.72475269050983,0.0,12,0.06522448092183933,24,68,10.81081081081081,12,61.261261261261254,68,5.405405405405405,6,21.62162162162162,24,24416,16877,7461,0,16877,0,0,0,23177,23177,100.0,0,0.0,0,0.0,8760,4449,50.787671232876704,4311,49.21232876712329,0,0.0,859,216,25.145518044237487,436,50.756693830034926,207,24.09778812572759,369,0,0.0,369,100.0,0,0.0,92,0,0,0,0,0,0,0,33.486811926605505,24416,21924,0.8519003931847969,0.7003604193971167,16.493283093053734,26.442307692307693,0.0,ModelParams,v3,1779374313.4901233,0.0,0.0,48.0,52.17391304347826,44.0,47.82608695652174,,,,,,
0,1993,18460,111,0.6013001083423618,0.6093881983830095,37,37,33.33333333333333,74,0,32.00975081256772,67.99024918743228,0.0,12,0.06500541711809318,24,68,10.81081081081081,12,61.261261261261254,68,5.405405405405405,6,21.62162162162162,24,24573,17237,7664,0,17237,0,0,0,23656,23656,100.0,0,0.0,0,0.0,8950,4544,50.77094972067039,4406,49.22905027932961,0,0.0,880,224,25.454545454545453,444,50.45454545454545,212,24.09090909090909,376,0,0.0,376,100.0,0,0.0,94,0,0,0,0,0,0,0,33.7209131974118,24573,22074,0.8505270011801571,0.6999552354209906,16.51812965449884,30.14354066985646,0.0,ModelParams,v3,1779374313.4901233,0.0,0.0,49.0,52.12765957446809,45.0,47.87234042553192,,,,,,
0,1994,18480,107,0.579004329004329,0.5841965791375572,42,42,39.25233644859813,65,0,31.66125541125541,68.33874458874459,0.0,12,0.06493506493506493,23,66,11.214953271028037,12,61.6822429906542,66,5.607476635514018,6,21.49532710280374,23,24673,17568,7895,0,17568,0,0,0,24116,24116,100.0,0,0.0,0,0.0,9127,4626,50.684781417771454,4501,49.31521858222855,0,0.0,899,227,25.25027808676307,456,50.723025583982206,216,24.026696329254726,382,0,0.0,382,100.0,0,0.0,96,0,0,0,0,0,0,0,33.95922668504033,24673,22173,0.8470798038341507,0.6930652940461233,16.580877882705792,32.535885167464116,0.0,ModelParams,v3,1779374313.4901233,0.0,0.0,51.0,53.125,45.0,46.875,,,,,,
0,1995,18435,108,0.5858421480878763,0.5918231777281238,47,47,43.51851851851852,61,0,31.288310279359916,68.7116897206401,0.0,12,0.06509357200976403,22,68,11.11111111111111,12,62.96296296296296,68,5.555555555555555,6,20.37037037037037,22,24706,17865,8159,0,17865,0,0,0,24542,24542,100.0,0,0.0,0,0.0,9286,4708,50.699978462201166,4578,49.30002153779884,0,0.0,909,230,25.302530253025303,463,50.935093509350935,216,23.762376237623762,387,0,0.0,387,100.0,0,0.0,98,0,0,0,0,0,0,0,34.184408645673116,24706,22196,0.854043552173561,0.7042823605601878,16.62753986885777,36.018957345971565,0.0,ModelParams,v3,1779374313.4901233,0.0,0.0,53.0,54.08163265306123,45.0,45.91836734693878,,,,,,
0,1996,18405,104,0.5650638413474599,0.568387955012698,49,49,47.11538461538461,55,0,31.19261070361315,68.80738929638686,0.0,12,0.06519967400162999,20,67,11.538461538461538,12,64.42307692307693,67,4.807692307692308,5,19.230769230769234,20,24809,18223,8414,0,18223,0,0,0,24995,24995,100.0,0,0.0,0,0.0,9491,4813,50.711200084290375,4678,49.28879991570962,0,0.0,929,232,24.97308934337998,476,51.23789020452099,221,23.78902045209903,396,0,0.0,396,100.0,0,0.0,102,0,0,0,0,0,0,0,34.3571687693982,24809,22285,0.8625901890442985,0.7013583780079811,16.63106130839615,39.719626168224295,0.0,ModelParams,v3,1779374313.4901233,0.0,0.0,55.0,53.92156862745098,47.0,46.07843137254902,,,,,,
0,1997,18322,106,0.5785394607575592,0.5766312594840668,53,53,50.0,53,0,30.81541316450169,69.18458683549831,0.0,12,0.0654950332933086,21,68,11.320754716981133,12,64.15094339622641,68,4.716981132075472,5,19.81132075471698,21,24844,18504,8660,0,18504,0,0,0,25272,25272,100.0,0,0.0,0,0.0,9607,4882,50.81711252211929,4725,49.18288747788071,0,0.0,937,234,24.97331910352188,480,51.22732123799359,223,23.799359658484526,403,0,0.0,403,100.0,0,0.0,102,0,0,0,0,0,0,0,34.63347287071325,24844,22320,0.8613749798744164,0.7084205441957816,16.58348092094671,43.925233644859816,0.0,ModelParams,v3,1779374313.4901233,0.0,0.0,55.0,53.92156862745098,47.0,46.07843137254902,,,,,,
0,1998,18272,104,0.5691768826619965,0.5663134819145049,56,56,53.84615384615385,48,0,30.440017513134855,69.55998248686515,0.0,12,0.06567425569176882,20,67,11.538461538461538,12,64.42307692307693,67,4.807692307692308,5,19.230769230769234,20,24885,18801,8916,0,18801,0,0,0,25811,25811,100.0,0,0.0,0,0.0,9793,4969,50.740324721740016,4824,49.25967527825998,0,0.0,954,238,24.947589098532493,491,51.46750524109015,225,23.58490566037736,410,0,0.0,410,100.0,0,0.0,108,0,0,0,0,0,0,0,34.85690174804099,24885,22359,0.8760297367892306,0.7072533654812135,16.568213783403657,45.412844036697244,0.0,ModelParams,v3,1779374313.4901233,0.0,0.0,58.0,53.70370370370371,50.0,46.2962962962963,,,,,,
0,1999,18149,102,0.5620144360570831,0.5579399141630901,65,65,63.725490196078425,37,0,29.852884456443878,70.14711554355611,0.0,12,0.06611934541848036,19,66,11.76470588235294,12,64.70588235294117,66,4.901960784313726,5,18.627450980392158,19,24872,19053,9181,0,19053,0,0,0,26156,26156,100.0,0,0.0,0,0.0,9914,5037,50.806939681258825,4877,49.193060318741175,0,0.0,964,240,24.896265560165975,496,51.45228215767634,228,23.651452282157674,415,0,0.0,415,100.0,0,0.0,110,0,0,0,0,0,0,0,35.16223062077839,24872,22351,0.8805082019942104,0.6995818591186878,16.580894178192345,51.598173515981735,0.0,ModelParams,v3,1779374313.4901233,0.0,0.0,59.0,53.63636363636364,51.0,46.36363636363636,,,,,,
0,2000,17971,101,0.5620165822714374,0.5506744214824898,65,65,64.35643564356435,36,0,28.9355072060542,71.0644927939458,0.0,11,0.061209726782037725,20,65,10.891089108910892,11,64.35643564356435,65,4.9504950495049505,5,19.801980198019802,20,24834,19269,9435,0,19269,0,0,0,26437,26437,100.0,0,0.0,0,0.0,10028,5106,50.917431192660544,4922,49.08256880733945,0,0.0,973,243,24.9743062692703,500,51.3874614594039,230,23.638232271325794,422,0,0.0,422,100.0,0,0.0,111,0,0,0,0,0,0,0,35.54042844487396,24834,22320,0.8738020455826689,0.688572118869292,16.63445276636869,52.53456221198156,0.0,ModelParams,v3,1779374313.4901233,0.0,0.0,59.0,53.153153153153156,52.0,46.846846846846844,,,,,,
0,2001,17825,100,0.5610098176718092,0.5365275438268139,67,67,67.0,33,0,28.224403927068725,71.77559607293128,0.0,11,0.061711079943899017,21,63,11.0,11,63.0,63,5.0,5,21.0,21,24782,19478,9696,0,19478,0,0,0,26728,26728,100.0,0,0.0,0,0.0,10127,5150,50.854152266219025,4977,49.14584773378098,0,0.0,984,247,25.101626016260166,506,51.42276422764228,231,23.47560975609756,425,0,0.0,425,100.0,0,0.0,114,0,0,0,0,0,0,0,35.918247114841414,24782,22273,0.8796707287547414,0.7061576951012832,16.641110483415382,55.04587155963303,0.0,ModelParams,v3,1779374313.4901233,0.0,0.0,61.0,53.50877192982456,53.0,46.49122807017544,,,,,,
0,2002,17644,98,0.5554296077986851,0.5295341360398411,68,68,69.38775510204081,30,0,27.15937429154387,72.84062570845613,0.0,11,0.062344139650872814,21,61,11.224489795918368,11,62.244897959183675,61,5.1020408163265305,5,21.428571428571427,21,24711,19679,9968,0,19679,0,0,0,27011,27011,100.0,0,0.0,0,0.0,10250,5206,50.79024390243902,5044,49.20975609756098,0,0.0,994,252,25.352112676056336,510,51.30784708249497,232,23.340040241448694,428,0,0.0,428,100.0,0,0.0,115,0,0,0,0,0,0,0,36.280158633806806,24711,22197,0.8660110881793532,0.6960462951721905,16.664643276273726,57.943925233644855,0.0,ModelParams,v3,1779374313.4901233,0.0,0.0,62.0,53.91304347826087,53.0,46.08695652173913,,,,,,
0,2003,17487,96,0.5489792417224223,0.5218276695939926,69,69,71.875,27,0,26.253788528621264,73.74621147137874,0.0,11,0.0629038714473609,19,61,11.458333333333332,11,63.541666666666664,61,5.208333333333334,5,19.791666666666664,19,24623,19899,10276,0,19899,0,0,0,27306,27306,100.0,0,0.0,0,0.0,10347,5252,50.75867401179086,5095,49.24132598820915,0,0.0,1000,254,25.4,511,51.1,235,23.5,436,0,0.0,436,100.0,0,0.0,116,0,0,0,0,0,0,0,36.555415668277625,24623,22108,0.8650448767412581,0.6863501604191203,16.634853592169925,59.154929577464785,0.0,ModelParams,v3,1779374313.4901233,0.0,0.0,62.0,53.44827586206896,54.0,46.55172413793103,,,,,,
0,2004,17375,95,0.5467625899280576,0.5185991420705551,70,70,73.68421052631578,25,0,25.341007194244604,74.6589928057554,0.0,11,0.06330935251798561,18,61,11.578947368421053,11,64.21052631578948,61,5.263157894736842,5,18.947368421052634,18,24591,20159,10568,0,20159,0,0,0,27615,27615,100.0,0,0.0,0,0.0,10496,5332,50.800304878048784,5164,49.19969512195122,0,0.0,1014,257,25.345167652859963,520,51.28205128205128,237,23.37278106508876,439,0,0.0,439,100.0,0,0.0,119,0,0,0,0,0,0,0,36.78744256028629,24591,22079,0.8661705502012932,0.6669106583709488,16.63210117522671,58.68544600938967,0.0,ModelParams,v3,1779374313.4901233,0.0,0.0,62.0,52.10084033613446,57.0,47.89915966386555,,,,,,
0,2005,17176,95,0.5530973451327433,0.5245774237419856,69,69,72.63157894736842,26,0,24.73218444340941,75.26781555659059,0.0,10,0.058220773171867725,18,62,10.526315789473683,10,65.26315789473685,62,5.263157894736842,5,18.947368421052634,18,24527,20384,10857,0,20384,0,0,0,27927,27927,100.0,0,0.0,0,0.0,10605,5395,50.87223008015087,5210,49.12776991984913,0,0.0,1025,260,25.365853658536587,524,51.1219512195122,241,23.51219512195122,443,0,0.0,443,100.0,0,0.0,120,0,0,0,0,0,0,0,37.109715823378316,24527,22023,0.8643535695356138,0.6849594324621846,16.60211195825009,61.32075471698113,0.0,ModelParams,v3,1779374313.4901233,0.0,0.0,62.0,51.66666666666667,58.0,48.333333333333336,,,,,,
0,2006,16986,92,0.5416225126574826,0.5043888379405215,68,68,73.91304347826086,24,0,23.96090898386907,76.03909101613094,0.0,8,0.047097609796302835,18,61,8.695652173913043,8,66.30434782608695,61,5.434782608695652,5,19.565217391304348,18,24421,20597,11176,0,20597,0,0,0,28249,28249,100.0,0,0.0,0,0.0,10724,5458,50.895188362551295,5266,49.10481163744871,0,0.0,1028,261,25.389105058365757,524,50.97276264591439,243,23.638132295719842,445,0,0.0,445,100.0,0,0.0,121,0,0,0,0,0,0,0,37.375005118545516,24421,21922,0.8722001556037836,0.687932517095942,16.608656484173455,61.03286384976526,0.0,ModelParams,v3,1779374313.4901233,0.0,0.0,63.0,52.066115702479344,58.0,47.93388429752066,,,,,,
0,2007,16815,90,0.535236396074933,0.5031446540880503,66,66,73.33333333333333,24,0,23.389830508474578,76.61016949152543,0.0,9,0.05352363960749331,19,58,10.0,9,64.44444444444444,58,4.444444444444445,4,21.11111111111111,19,24351,20847,11496,0,20847,0,0,0,28587,28587,100.0,0,0.0,0,0.0,10849,5521,50.88948290164992,5328,49.11051709835007,0,0.0,1039,263,25.312800769971126,530,51.01058710298364,246,23.676612127045235,450,0,0.0,450,100.0,0,0.0,126,0,0,0,0,0,0,0,37.579154860170014,24351,21868,0.8706007966818611,0.6816968502320233,16.570161389675988,60.84905660377359,0.0,ModelParams,v3,1779374313.4901233,0.0,0.0,66.0,52.38095238095239,60.0,47.61904761904761,,,,,,
0,2008,16598,90,0.5422340040968792,0.5166051660516605,67,67,74.44444444444444,23,0,22.91842390649476,77.08157609350525,0.0,11,0.06627304494517412,20,55,12.222222222222221,11,61.111111111111114,55,4.444444444444445,4,22.22222222222222,20,24281,21076,11795,0,21076,0,0,0,28910,28910,100.0,0,0.0,0,0.0,10974,5586,50.9021323127392,5388,49.0978676872608,0,0.0,1049,267,25.452812202097235,532,50.71496663489037,250,23.83222116301239,454,0,0.0,454,100.0,0,0.0,126,0,0,0,0,0,0,0,37.872534080144966,24281,21799,0.8607553230921297,0.6918990156912812,16.56027346484906,63.63636363636363,0.0,ModelParams,v3,1779374313.4901233,0.0,0.0,66.0,52.38095238095239,60.0,47.61904761904761,,,,,,
0,2009,16443,92,0.559508605485617,0.5344699276097693,70,70,76.08695652173914,22,0,22.824302134646963,77.17569786535303,0.0,10,0.060816152770175755,22,56,10.869565217391305,10,60.86956521739131,56,4.3478260869565215,4,23.91304347826087,22,24254,21355,12101,0,21355,0,0,0,29250,29250,100.0,0,0.0,0,0.0,11102,5657,50.954782921996035,5445,49.04521707800396,0,0.0,1058,267,25.23629489603025,539,50.94517958412098,252,23.81852551984877,458,0,0.0,458,100.0,0,0.0,128,0,0,0,0,0,0,0,38.05438278222149,24254,21788,0.8740826255463017,0.705038344190649,16.58283169786427,65.56603773584906,0.0,ModelParams,v3,1779374313.4901233,0.0,0.0,66.0,51.5625,62.0,48.4375,,,,,,
0,2010,16310,91,0.5579399141630901,0.5320963230779726,71,71,78.02197802197803,20,0,22.857142857142858,77.14285714285715,0.0,10,0.06131207847946045,21,56,10.989010989010989,10,61.53846153846154,56,4.395604395604396,4,23.076923076923077,21,24221,21624,12403,0,21624,0,0,0,29465,29465,100.0,0,0.0,0,0.0,11190,5699,50.92940125111707,5491,49.07059874888293,0,0.0,1070,272,25.42056074766355,544,50.8411214953271,254,23.738317757009344,460,0,0.0,460,100.0,0,0.0,128,0,0,0,0,0,0,0,38.26609140828207,24221,21750,0.8587589282027993,0.6977416291647743,16.57239585483671,67.3076923076923,0.0,ModelParams,v3,1779374313.4901233,0.0,0.0,66.0,51.5625,62.0,48.4375,,,,,,
0,2011,16117,93,0.5770304647266861,0.5526388505111909,73,73,78.49462365591397,20,0,22.318049264751505,77.68195073524849,0.0,10,0.06204628652975119,22,57,10.75268817204301,10,61.29032258064516,57,4.301075268817205,4,23.655913978494624,22,24097,21852,12755,0,21852,0,0,0,29971,29971,100.0,0,0.0,0,0.0,11389,5787,50.812187198173675,5602,49.187812801826325,0,0.0,1087,278,25.57497700091996,553,50.873965041398336,256,23.551057957681692,469,0,0.0,469,100.0,0,0.0,129,0,0,0,0,0,0,0,38.47952027223306,24097,21630,0.8590280947835829,0.7054820102087397,16.541478192306098,69.08212560386472,0.0,ModelParams,v3,1779374313.4901233,0.0,0.0,66.0,51.162790697674424,63.0,48.837209302325576,,,,,,
0,2012,16026,90,0.5615874204417821,0.5344995140913509,74,74,82.22222222222221,16,0,22.45725695744415,77.54274304255586,0.0,9,0.05615874204417821,22,55,10.0,9,61.111111111111114,55,4.444444444444445,4,24.444444444444443,22,24075,22133,13058,0,22133,0,0,0,30351,30351,100.0,0,0.0,0,0.0,11541,5863,50.801490338792135,5678,49.198509661207865,0,0.0,1094,282,25.776965265082268,556,50.822669104204756,256,23.40036563071298,471,0,0.0,471,100.0,0,0.0,129,0,0,0,0,0,0,0,38.64868120456906,24075,21616,0.8515057113187955,0.7019730010384216,16.519210799584634,70.24390243902438,0.0,ModelParams,v3,1779374313.4901233,0.0,0.0,66.0,51.162790697674424,63.0,48.837209302325576,,,,,,
0,2013,15914,87,0.5466884504210129,0.5240723918663964,70,70,80.45977011494253,17,0,22.495915546060072,77.50408445393992,0.0,8,0.050270202337564414,20,56,9.195402298850574,8,64.36781609195403,56,3.4482758620689653,3,22.988505747126435,20,24017,22412,13395,0,22412,0,0,0,30738,30738,100.0,0,0.0,0,0.0,11673,5936,50.85239441446072,5737,49.14760558553928,0,0.0,1109,287,25.87917042380523,561,50.586113615870154,261,23.53471596032462,475,0,0.0,475,100.0,0,0.0,135,1,0,0,0,0,0,0,38.79393762751384,24017,21572,0.853562060207353,0.6953408002664779,16.504975642253402,69.26829268292683,0.0,ModelParams,v3,1779374313.4901233,0.0,0.0,69.0,51.11111111111111,66.0,48.888888888888886,0.0,0.0,0.0,0.0,1.0,100.0
0,2014,15810,86,0.5439595192915876,0.5270184807813928,70,70,81.3953488372093,16,0,22.89057558507274,77.10942441492726,0.0,9,0.056925996204933584,19,55,10.465116279069768,9,63.95348837209303,55,3.488372093023256,3,22.093023255813954,19,23991,22702,13711,0,22702,0,0,0,31158,31158,100.0,0,0.0,0,0.0,11835,6016,50.83227714406422,5819,49.167722855935786,0,0.0,1121,290,25.869759143621767,566,50.490633363068696,265,23.639607493309544,481,0,0.0,481,100.0,0,0.0,136,2,0,0,0,0,0,0,38.93084906840065,23991,21548,0.8628235588345629,0.700262598474428,16.53536742945271,69.08212560386472,0.0,ModelParams,v3,1779374313.4901233,0.0,0.0,69.0,50.73529411764706,67.0,49.26470588235294,0.0,0.0,0.0,0.0,2.0,100.0
0,2015,15705,84,0.5348615090735435,0.5231900452488687,69,69,82.14285714285714,15,0,23.342884431709646,76.65711556829035,0.0,9,0.05730659025787965,18,54,10.714285714285714,9,64.28571428571429,54,3.571428571428571,3,21.428571428571427,18,23942,22971,14029,0,22971,0,0,0,31518,31518,100.0,0,0.0,0,0.0,11966,6088,50.87748621093097,5878,49.122513789069025,0,0.0,1134,297,26.190476190476193,570,50.264550264550266,267,23.544973544973544,488,0,0.0,488,100.0,0,0.0,139,2,0,0,0,0,0,0,39.13173502631359,23942,21507,0.8604126639378498,0.6891654832511904,16.560855400551333,68.44660194174757,0.0,ModelParams,v3,1779374313.4901233,0.0,0.0,70.0,50.35971223021583,69.0,49.64028776978417,0.0,0.0,0.0,0.0,2.0,100.0
0,2016,15585,84,0.5389797882579404,0.5272908650420407,68,68,80.95238095238095,16,0,23.958934873275588,76.04106512672442,0.0,9,0.057747834456207896,18,55,10.714285714285714,9,65.47619047619048,55,2.380952380952381,2,21.428571428571427,18,23868,23251,14383,0,23251,0,0,0,31878,31878,100.0,0,0.0,0,0.0,12143,6174,50.8441077163798,5969,49.1558922836202,0,0.0,1147,300,26.155187445510027,575,50.13077593722755,272,23.714036617262423,492,0,0.0,492,100.0,0,0.0,142,2,0,0,0,0,0,0,39.25465057817999,23868,21434,0.8588905647729177,0.6787330316742082,16.637338696162228,67.31707317073172,0.0,ModelParams,v3,1779374313.4901233,0.0,0.0,72.0,50.70422535211267,70.0,49.29577464788733,0.0,0.0,0.0,0.0,2.0,100.0
0,2017,15476,81,0.523391057120703,0.5096913137114142,71,71,87.65432098765432,10,0,24.573533212716463,75.42646678728353,0.0,10,0.06461617989144482,16,53,12.345679012345679,10,65.4320987654321,53,2.4691358024691357,2,19.753086419753085,16,23775,23524,14749,0,23524,0,0,0,32253,32253,100.0,0,0.0,0,0.0,12285,6255,50.91575091575091,6030,49.08424908424908,0,0.0,1157,304,26.27484874675886,579,50.043215211754536,274,23.681936041486605,498,0,0.0,498,100.0,0,0.0,143,2,0,0,0,0,0,0,39.35491062039958,23775,21340,0.8454258675078864,0.6771819137749737,16.706624605678233,71.64179104477611,0.0,ModelParams,v3,1779374313.4901233,0.0,0.0,72.0,50.349650349650354,71.0,49.65034965034965,0.0,0.0,0.0,0.0,2.0,100.0
0,2018,15399,82,0.5325021105266576,0.5195180027419006,72,72,87.8048780487805,10,0,24.982141697512823,75.01785830248717,0.0,10,0.06493928177154361,17,53,12.195121951219512,10,64.63414634146342,53,2.4390243902439024,2,20.73170731707317,17,23710,23791,15081,0,23791,0,0,0,32592,32592,100.0,0,0.0,0,0.0,12444,6341,50.95628415300546,6103,49.04371584699454,0,0.0,1171,307,26.216908625106743,588,50.2134927412468,276,23.569598633646454,504,0,0.0,504,100.0,0,0.0,146,2,0,0,0,0,0,0,39.50619991564741,23710,21290,0.8393083087304934,0.6706031210459722,16.710248840151834,71.35678391959799,0.0,ModelParams,v3,1779374313.4901233,0.0,0.0,73.0,50.0,73.0,50.0,0.0,0.0,0.0,0.0,2.0,100.0
0,2019,15304,79,0.5162049137480397,0.5010893246187363,69,69,87.34177215189874,10,0,25.26790381599582,74.73209618400418,0.0,10,0.06534239414532149,17,50,12.658227848101266,10,63.29113924050633,50,2.5316455696202533,2,21.518987341772153,17,23689,24068,15379,0,24068,0,0,0,32982,32982,100.0,0,0.0,0,0.0,12575,6405,50.934393638170974,6170,49.065606361829026,0,0.0,1179,307,26.03901611535199,593,50.296861747243426,279,23.66412213740458,508,0,0.0,508,100.0,0,0.0,147,2,0,0,0,0,0,0,39.68854742707586,23689,21269,0.8527164506733083,0.6627548651272743,16.665963105238717,69.3069306930693,0.0,ModelParams,v3,1779374313.4901233,0.0,0.0,74.0,50.34013605442177,73.0,49.65986394557823,0.0,0.0,0.0,0.0,2.0,100.0
0,2020,15173,78,0.5140710472549924,0.49849717762627377,70,70,89.74358974358975,8,0,25.716733671653596,74.28326632834641,0.0,9,0.059315890067883736,17,50,11.538461538461538,9,64.1025641025641,50,2.564102564102564,2,21.794871794871796,17,23551,24327,15776,0,24327,0,0,0,33303,33303,100.0,0,0.0,0,0.0,12697,6465,50.91753957627786,6232,49.08246042372214,0,0.0,1190,309,25.966386554621852,599,50.33613445378151,282,23.697478991596636,515,0,0.0,515,100.0,0,0.0,149,2,0,0,0,0,0,0,39.78875631608,23551,21144,0.8534669440788076,0.6708844635047344,16.68718950363042,71.14427860696517,0.0,ModelParams,v3,1779374313.4901233,0.0,0.0,75.0,50.33557046979866,74.0,49.664429530201346,0.0,0.0,0.0,0.0,2.0,100.0
0,2021,15062,75,0.49794184039304207,0.49512267218445166,67,67,89.33333333333333,8,0,26.20501925375116,73.79498074624884,0.0,8,0.05311379630859116,16,49,10.666666666666668,8,65.33333333333333,49,2.666666666666667,2,21.333333333333336,16,23417,24586,16169,0,24586,0,0,0,33507,33507,100.0,0,0.0,0,0.0,12781,6505,50.8958610437368,6276,49.104138956263206,0,0.0,1199,311,25.938281901584652,602,50.20850708924104,286,23.853211009174313,517,0,0.0,517,100.0,0,0.0,149,2,0,0,0,0,0,0,39.87175983260025,23417,21015,0.8626211726523466,0.657641884101294,16.658837596617843,68.8118811881188,0.0,ModelParams,v3,1779374313.4901233,0.0,0.0,75.0,50.33557046979866,74.0,49.664429530201346,0.0,0.0,0.0,0.0,2.0,100.0
0,2022,14910,72,0.482897384305835,0.4923535994032078,65,65,90.27777777777779,7,0,26.291079812206576,73.70892018779342,0.0,8,0.05365526492287055,15,48,11.11111111111111,8,66.66666666666666,48,1.3888888888888888,1,20.833333333333336,15,23332,24810,16478,0,24810,0,0,0,33989,33989,100.0,0,0.0,0,0.0,12974,6600,50.87097271466009,6374,49.12902728533991,0,0.0,1213,316,26.051112943116237,608,50.12366034624897,289,23.82522671063479,522,0,0.0,522,100.0,0,0.0,150,2,0,0,0,0,0,0,40.10324875707183,23332,20943,0.8571918395336876,0.6514657980456027,16.6209497685582,68.5,0.0,ModelParams,v3,1779374313.4901233,0.0,0.0,76.0,50.66666666666667,74.0,49.333333333333336,0.0,0.0,0.0,0.0,2.0,100.0
0,2023,14845,73,0.49174806332098353,0.49419692998876824,67,67,91.78082191780823,6,0,26.871000336813744,73.12899966318625,0.0,8,0.05389019872010778,15,49,10.95890410958904,8,67.12328767123287,49,1.36986301369863,1,20.54794520547945,15,23339,25106,16767,0,25106,0,0,0,34343,34343,100.0,0,0.0,0,0.0,13134,6685,50.89843155169789,6449,49.10156844830212,0,0.0,1231,323,26.238830219333874,615,49.959382615759544,293,23.801787164906578,528,0,0.0,528,100.0,0,0.0,151,2,0,0,0,0,0,0,40.20960623848494,23339,20965,0.8526500706971165,0.6427010583144094,16.650242084065297,68.34170854271356,0.0,ModelParams,v3,1779374313.4901233,0.0,0.0,77.0,50.993377483443716,74.0,49.00662251655629,0.0,0.0,0.0,0.0,2.0,100.0
0,2024,14716,76,0.5164446860559935,0.5140610825521621,67,67,88.1578947368421,9,0,26.936667572709975,73.06333242729004,0.0,7,0.04756727371568361,16,52,9.210526315789473,7,68.42105263157895,52,1.3157894736842104,1,21.052631578947366,16,23219,25359,17140,0,25359,0,0,0,34704,34704,100.0,0,0.0,0,0.0,13276,6751,50.85115998794818,6525,49.14884001205183,0,0.0,1246,328,26.324237560192614,622,49.919743178170144,296,23.756019261637242,532,0,0.0,532,100.0,0,0.0,152,2,0,0,0,0,0,0,40.30035746586847,23219,20855,0.8398294500193807,0.6589431069382834,16.667384469615403,70.25641025641025,0.0,ModelParams,v3,1779374313.4901233,0.0,0.0,78.0,51.31578947368421,74.0,48.68421052631579,0.0,0.0,0.0,0.0,2.0,100.0
0,2025,14561,77,0.5288098344893895,0.5197981959944963,70,70,90.9090909090909,7,0,26.852551335759905,73.14744866424009,0.0,8,0.05494128150539112,16,52,10.38961038961039,8,67.53246753246754,52,1.2987012987012987,1,20.77922077922078,16,23064,25576,17512,0,25576,0,0,0,35019,35019,100.0,0,0.0,0,0.0,13404,6817,50.85795284989555,6587,49.142047150104446,0,0.0,1257,329,26.173428798727127,627,49.88066825775656,301,23.94590294351631,538,0,0.0,538,100.0,0,0.0,154,2,0,0,0,0,0,0,40.471253902185225,23064,20728,0.8368019424210891,0.6546999653139091,16.67967395074575,72.02072538860104,0.0,ModelParams,v3,1779374313.4901233,0.0,0.0,79.0,51.298701298701296,75.0,48.701298701298704,0.0,0.0,0.0,0.0,2.0,100.0
0,2026,14429,78,0.5405780026335851,0.5324484913959411,70,70,89.74358974358975,8,0,26.966525746759995,73.03347425324,0.0,8,0.05544389770600873,17,52,10.256410256410255,8,66.66666666666666,52,1.282051282051282,1,21.794871794871796,17,22889,25789,17900,0,25789,0,0,0,35344,35344,100.0,0,0.0,0,0.0,13525,6880,50.86876155268022,6645,49.13123844731978,0,0.0,1262,331,26.22820919175911,627,49.68304278922345,304,24.088748019017434,542,0,0.0,542,100.0,0,0.0,155,2,0,0,0,0,0,0,40.59679321945039,22889,20577,0.8344619686312202,0.6728122679016122,16.684870461793874,73.29842931937172,0.0,ModelParams,v3,1779374313.4901233,0.0,0.0,79.0,50.967741935483865,76.0,49.03225806451613,0.0,0.0,0.0,0.0,2.0,100.0
0,2027,14274,74,0.518425108589043,0.50682261208577,66,66,89.1891891891892,8,0,26.824996497127646,73.17500350287236,0.0,8,0.05604595768530195,16,49,10.81081081081081,8,66.21621621621621,49,1.3513513513513513,1,21.62162162162162,16,22755,26006,18251,0,26006,0,0,0,35784,35784,100.0,0,0.0,0,0.0,13705,6967,50.835461510397664,6738,49.164538489602336,0,0.0,1274,335,26.295133437990582,632,49.60753532182103,307,24.09733124018838,547,0,0.0,547,100.0,0,0.0,158,2,0,0,0,0,0,0,40.76405185673478,22755,20450,0.8481652384091409,0.6767743353109207,16.686442540101076,73.05699481865285,0.0,ModelParams,v3,1779374313.4901233,0.0,0.0,82.0,51.89873417721519,76.0,48.10126582278481,0.0,0.0,0.0,0.0,2.0,100.0
0,2028,14119,69,0.4887031659465968,0.48118640056795775,61,61,88.40579710144928,8,0,26.765351653799847,73.23464834620016,0.0,8,0.05666123663148948,15,45,11.594202898550725,8,65.21739130434783,45,1.4492753623188406,1,21.73913043478261,15,22620,26238,18618,0,26238,0,0,0,35982,35982,100.0,0,0.0,0,0.0,13788,7003,50.790542500725266,6785,49.209457499274734,0,0.0,1281,336,26.229508196721312,637,49.72677595628415,308,24.043715846994534,553,0,0.0,553,100.0,0,0.0,159,2,0,0,0,0,0,0,40.88633952254642,22620,20325,0.8399646330680812,0.667550839964633,16.69319186560566,73.15789473684211,0.0,ModelParams,v3,1779374313.4901233,0.0,0.0,83.0,52.20125786163522,76.0,47.79874213836478,0.0,0.0,0.0,0.0,2.0,100.0
0,2029,13914,67,0.48152939485410373,0.47287008094894606,59,59,88.05970149253731,8,0,26.462555699295677,73.53744430070432,0.0,8,0.057496047146758655,15,43,11.940298507462686,8,64.17910447761194,43,1.4925373134328357,1,22.388059701492537,15,22442,26425,18983,0,26425,0,0,0,36340,36340,100.0,0,0.0,0,0.0,13935,7085,50.843200574094006,6850,49.156799425905994,0,0.0,1290,337,26.124031007751935,643,49.84496124031008,310,24.031007751937985,562,0,0.0,562,100.0,0,0.0,159,3,0,0,0,0,0,0,41.09295071740487,22442,20161,0.8243472061313608,0.6371981106853222,16.70528473398093,70.8108108108108,0.0,ModelParams,v3,1779374313.4901233,0.0,0.0,83.0,52.20125786163522,76.0,47.79874213836478,0.0,0.0,0.0,0.0,3.0,100.0
0,2030,13757,65,0.47248673402631386,0.46194991490396303,57,57,87.6923076923077,8,0,26.40837391873228,73.59162608126772,0.0,8,0.05815221341862324,14,42,12.307692307692308,8,64.61538461538461,42,1.5384615384615385,1,21.53846153846154,14,22319,26643,19324,0,26643,0,0,0,36651,36651,100.0,0,0.0,0,0.0,14043,7142,50.85807875810012,6901,49.14192124189988,0,0.0,1297,338,26.060138781804167,645,49.73014649190439,314,24.20971472629144,567,0,0.0,567,100.0,0,0.0,160,3,0,0,0,0,0,0,41.272100004480485,22319,20055,0.8288901832519378,0.6183072718311753,16.618128052332093,68.10810810810811,0.0,ModelParams,v3,1779374313.4901233,0.0,0.0,84.0,52.5,76.0,47.5,0.0,0.0,0.0,0.0,3.0,100.0
0,2031,13604,64,0.4704498676859747,0.4589035483077932,55,55,85.9375,9,0,26.345192590414584,73.65480740958542,0.0,7,0.051455454278153484,13,43,10.9375,7,67.1875,43,1.5625,1,20.3125,13,22175,26876,19701,0,26876,0,0,0,36947,36947,100.0,0,0.0,0,0.0,14153,7196,50.84434395534516,6957,49.15565604465485,0,0.0,1309,342,26.12681436210848,652,49.809014514896866,315,24.06417112299465,572,0,0.0,572,100.0,0,0.0,161,3,0,0,0,0,0,0,41.354227733934614,22175,19920,0.8252536640360767,0.608793686583991,16.61781285231116,67.21311475409836,0.0,ModelParams,v3,1779374313.4901233,0.0,0.0,85.0,52.79503105590062,76.0,47.20496894409938,0.0,0.0,0.0,0.0,3.0,100.0
0,2032,13439,65,0.4836669395044274,0.47279362972793626,55,55,84.61538461538461,10,0,26.214748121139962,73.78525187886004,0.0,6,0.044646179031177916,14,44,9.230769230769232,6,67.6923076923077,44,1.5384615384615385,1,21.53846153846154,14,22032,27086,20054,0,27086,0,0,0,37234,37234,100.0,0,0.0,0,0.0,14255,7248,50.84531743247983,7007,49.15468256752017,0,0.0,1319,344,26.080363912054587,657,49.81046247156937,318,24.109173616376044,575,0,0.0,575,100.0,0,0.0,161,3,0,0,0,0,0,0,41.498139070442996,22032,19793,0.8124546114742193,0.6036673928830792,16.68028322440087,66.4804469273743,0.0,ModelParams,v3,1779374313.4901233,0.0,0.0,85.0,52.79503105590062,76.0,47.20496894409938,0.0,0.0,0.0,0.0,3.0,100.0
0,2033,13211,64,0.4844447808644311,0.4810532534391088,53,53,82.8125,11,0,25.842101279237,74.157898720763,0.0,6,0.045416698206040426,13,44,9.375,6,68.75,44,1.5625,1,20.3125,13,21812,27248,20436,0,27248,0,0,0,37362,37362,100.0,0,0.0,0,0.0,14316,7275,50.81726739312658,7041,49.18273260687343,0,0.0,1322,344,26.021180030257185,660,49.92435703479576,318,24.05446293494705,577,0,0.0,577,100.0,0,0.0,162,3,0,0,0,0,0,0,41.70653768567761,21812,19600,0.8068952869979826,0.6143407298734641,16.605538235833485,68.18181818181817,0.0,ModelParams,v3,1779374313.4901233,0.0,0.0,86.0,53.086419753086425,76.0,46.913580246913575,0.0,0.0,0.0,0.0,3.0,100.0
0,2034,13003,59,0.45374144428208874,0.4452817263230005,50,50,84.7457627118644,9,0,25.57871260478351,74.42128739521648,0.0,5,0.03845266476966854,12,42,8.47457627118644,5,71.1864406779661,42,0.0,0,20.33898305084746,12,21601,27436,20835,0,27436,0,0,0,37718,37718,100.0,0,0.0,0,0.0,14453,7337,50.764547152840244,7116,49.23545284715976,0,0.0,1336,348,26.047904191616766,668,50.0,320,23.952095808383234,581,0,0.0,581,100.0,0,0.0,162,3,0,0,0,0,0,0,41.82570251377251,21601,19415,0.7916300171288366,0.5925651590204157,16.559418545437712,67.83625730994152,0.0,ModelParams,v3,1779374313.4901233,0.0,0.0,86.0,53.086419753086425,76.0,46.913580246913575,0.0,0.0,0.0,0.0,3.0,100.0
0,2035,12757,57,0.44681351414909465,0.44510385756676557,48,48,84.21052631578947,9,0,25.49188680724308,74.50811319275692,0.0,4,0.03135533432625225,12,41,7.017543859649122,4,71.9298245614035,41,0.0,0,21.052631578947366,12,21401,27620,21219,0,27620,0,0,0,37983,37983,100.0,0,0.0,0,0.0,14540,7379,50.7496561210454,7161,49.2503438789546,0,0.0,1342,350,26.08047690014903,671,50.0,321,23.91952309985097,587,0,0.0,587,100.0,0,0.0,163,3,0,0,0,0,0,0,41.97972057380496,21401,19228,0.7803373674127377,0.5747394981542918,16.569319190692024,66.46706586826348,0.0,ModelParams,v3,1779374313.4901233,0.0,0.0,87.0,53.37423312883436,76.0,46.62576687116564,0.0,0.0,0.0,0.0,3.0,100.0
0,2036,12579,54,0.42928690674934417,0.4247411733474914,45,45,83.33333333333334,9,0,25.296128468081726,74.70387153191828,0.0,4,0.031799030129581046,11,39,7.4074074074074066,4,72.22222222222221,39,0.0,0,20.37037037037037,11,21214,27810,21596,0,27810,0,0,0,38234,38234,100.0,0,0.0,0,0.0,14660,7430,50.68212824010914,7230,49.317871759890856,0,0.0,1352,354,26.183431952662723,676,50.0,322,23.816568047337277,597,0,0.0,597,100.0,0,0.0,163,3,0,0,0,0,0,0,42.1230790987084,21214,19072,0.7777882530404451,0.5703780522296596,16.578674460262093,66.06060606060606,0.0,ModelParams,v3,1779374313.4901233,0.0,0.0,87.0,53.37423312883436,76.0,46.62576687116564,0.0,0.0,0.0,0.0,3.0,100.0
0,2037,12321,53,0.43015988961934915,0.42430260900965966,44,44,83.01886792452831,9,0,25.631036441847254,74.36896355815274,0.0,4,0.032464897329762196,10,39,7.547169811320755,4,73.58490566037736,39,0.0,0,18.867924528301888,10,20992,28008,22016,0,28008,0,0,0,38492,38492,100.0,0,0.0,0,0.0,14755,7478,50.681125042358524,7277,49.318874957641476,0,0.0,1358,354,26.06774668630339,680,50.07363770250368,324,23.85861561119293,599,0,0.0,599,100.0,0,0.0,165,4,0,0,0,0,0,0,42.189167301829265,20992,18879,0.78125,0.5716463414634146,16.57298018292683,65.85365853658537,0.0,ModelParams,v3,1779374313.4901233,0.0,0.0,88.0,53.333333333333336,77.0,46.666666666666664,0.0,0.0,0.0,0.0,4.0,100.0
0,2038,12111,51,0.4211047807778053,0.4224058769513315,42,42,82.35294117647058,9,0,25.21674510775328,74.78325489224672,0.0,3,0.024770869457517955,10,38,5.88235294117647,3,74.50980392156863,38,0.0,0,19.607843137254903,10,20817,28199,22382,0,28199,0,0,0,38872,38872,100.0,0,0.0,0,0.0,14890,7553,50.72531900604432,7337,49.27468099395568,0,0.0,1375,357,25.96363636363636,690,50.18181818181818,328,23.854545454545452,603,0,0.0,603,100.0,0,0.0,166,4,0,0,0,0,0,0,42.303982322140556,20817,18732,0.7686025844261901,0.5476293414036605,16.597012057453043,63.74999999999999,0.0,ModelParams,v3,1779374313.4901233,0.0,0.0,89.0,53.6144578313253,77.0,46.3855421686747,0.0,0.0,0.0,0.0,4.0,100.0
0,2039,11843,52,0.43907793633369924,0.44098329893038096,43,43,82.6923076923077,9,0,25.0949928227645,74.90500717723549,0.0,3,0.025331419403867263,10,39,5.769230769230769,3,75.0,39,0.0,0,19.230769230769234,10,20628,28362,22734,0,28362,0,0,0,38988,38988,100.0,0,0.0,0,0.0,14935,7574,50.71309005691329,7361,49.28690994308671,0,0.0,1376,357,25.944767441860467,690,50.145348837209305,329,23.90988372093023,603,0,0.0,603,100.0,0,0.0,167,4,0,0,0,0,0,0,42.479687802986234,20628,18557,0.765949195268567,0.547799108008532,16.637579988365328,64.55696202531645,0.0,ModelParams,v3,1779374313.4901233,0.0,0.0,90.0,53.89221556886228,77.0,46.10778443113773,0.0,0.0,0.0,0.0,4.0,100.0
0,2040,11683,50,0.4279722673970727,0.42743161094224924,41,41,82.0,9,0,25.353077120602585,74.64692287939741,0.0,3,0.02567833604382436,9,38,6.0,3,76.0,38,0.0,0,18.0,9,20443,28572,23129,0,28572,0,0,0,39257,39257,100.0,0,0.0,0,0.0,15043,7614,50.61490394203284,7429,49.38509605796716,0,0.0,1385,361,26.06498194945848,693,50.03610108303249,331,23.898916967509027,608,0,0.0,608,100.0,0,0.0,169,4,0,0,0,0,0,0,42.500366873746515,20443,18395,0.7777723426111627,0.5478647947952844,16.680526341535,63.52201257861635,0.0,ModelParams,v3,1779374313.4901233,0.0,0.0,90.0,53.25443786982249,79.0,46.74556213017752,0.0,0.0,0.0,0.0,4.0,100.0
0,2041,11512,49,0.42564280750521194,0.43340075122796884,40,40,81.63265306122449,9,0,25.608061153578877,74.39193884642113,0.0,3,0.026059763724808893,8,38,6.122448979591836,3,77.55102040816327,38,0.0,0,16.3265306122449,8,20275,28771,23496,0,28771,0,0,0,39528,39528,100.0,0,0.0,0,0.0,15145,7669,50.637173984813465,7476,49.36282601518653,0,0.0,1394,361,25.896700143472025,699,50.14347202295553,334,23.959827833572454,613,0,0.0,613,100.0,0,0.0,169,5,0,0,0,0,0,0,42.57533908754624,20275,18240,0.7842170160295932,0.5474722564734895,16.71023427866831,62.893081761006286,0.0,ModelParams,v3,1779374313.4901233,0.0,0.0,90.0,53.25443786982249,79.0,46.74556213017752,0.0,0.0,0.0,0.0,5.0,100.0
0,2042,11362,49,0.4312621017426509,0.448780487804878,40,40,81.63265306122449,9,0,25.902129906706566,74.09787009329344,0.0,3,0.026403802147509238,9,37,6.122448979591836,3,75.51020408163265,37,0.0,0,18.367346938775512,9,20095,28979,23884,0,28979,0,0,0,39957,39957,100.0,0,0.0,0,0.0,15283,7735,50.61179087875417,7548,49.38820912124583,0,0.0,1408,364,25.85227272727273,709,50.35511363636363,335,23.792613636363637,618,0,0.0,618,100.0,0,0.0,170,5,0,0,0,0,0,0,42.57143568051754,20095,18078,0.7763125155511321,0.5324707638716099,16.720577258024385,61.53846153846154,0.0,ModelParams,v3,1779374313.4901233,0.0,0.0,90.0,52.94117647058824,80.0,47.05882352941176,0.0,0.0,0.0,0.0,5.0,100.0
0,2043,11207,47,0.41938074417774607,0.4351696172485412,40,40,85.1063829787234,7,0,25.930222182564467,74.06977781743554,0.0,3,0.026768983670919958,9,35,6.382978723404255,3,74.46808510638297,35,0.0,0,19.148936170212767,9,19886,29169,24283,0,29169,0,0,0,40223,40223,100.0,0,0.0,0,0.0,15398,7795,50.62345759189505,7603,49.37654240810495,0,0.0,1420,366,25.774647887323944,717,50.49295774647887,337,23.73239436619718,621,0,0.0,621,100.0,0,0.0,171,5,0,0,0,0,0,0,42.5647691843508,19886,17897,0.7744141607160817,0.5330383184149653,16.65493311877703,62.33766233766234,0.0,ModelParams,v3,1779374313.4901233,0.0,0.0,91.0,53.216374269005854,80.0,46.783625730994146,0.0,0.0,0.0,0.0,5.0,100.0
0,2044,11094,48,0.4326663061114116,0.45977011494252873,41,41,85.41666666666666,7,0,26.40165855417343,73.59834144582658,0.0,4,0.0360555255092843,9,35,8.333333333333332,4,72.91666666666666,35,0.0,0,18.75,9,19694,29379,24685,0,29379,0,0,0,40483,40483,100.0,0,0.0,0,0.0,15505,7858,50.680425669138984,7647,49.31957433086101,0,0.0,1430,369,25.804195804195807,723,50.55944055944056,338,23.636363636363637,626,0,0.0,626,100.0,0,0.0,174,5,0,0,0,0,0,0,42.52467756677161,19694,17732,0.7768863613283233,0.5331573067939473,16.74621712196608,62.091503267973856,0.0,ModelParams,v3,1779374313.4901233,0.0,0.0,92.0,52.87356321839081,82.0,47.12643678160919,0.0,0.0,0.0,0.0,5.0,100.0
0,2045,11020,51,0.46279491833030856,0.4927099044746103,45,45,88.23529411764706,6,0,26.397459165154263,73.60254083484573,0.0,4,0.03629764065335753,10,37,7.8431372549019605,4,72.54901960784314,37,0.0,0,19.607843137254903,10,19531,29574,25043,0,29574,0,0,0,40724,40724,100.0,0,0.0,0,0.0,15599,7902,50.65709340342329,7697,49.342906596576704,0,0.0,1442,372,25.79750346740638,729,50.55478502080444,341,23.647711511789183,628,0,0.0,628,100.0,0,0.0,174,5,0,0,0,0,0,0,42.549639035379656,19531,17592,0.7680098305258307,0.5376068813680814,16.773334698684142,64.66666666666666,0.0,ModelParams,v3,1779374313.4901233,0.0,0.0,92.0,52.87356321839081,82.0,47.12643678160919,0.0,0.0,0.0,0.0,5.0,100.0
0,2046,10859,51,0.46965650612395243,0.5003573981415297,44,44,86.27450980392157,7,0,26.337600147343217,73.66239985265678,0.0,4,0.03683580440187863,11,36,7.8431372549019605,4,70.58823529411765,36,0.0,0,21.568627450980394,11,19310,29758,25448,0,29758,0,0,0,40965,40965,100.0,0,0.0,0,0.0,15693,7945,50.62766838717899,7748,49.372331612821,0,0.0,1453,377,25.946317962835515,733,50.44735030970406,343,23.60633172746043,632,0,0.0,632,100.0,0,0.0,174,5,0,0,0,0,0,0,42.557017089590886,19310,17387,0.7612635939927499,0.5126877265665458,16.85137234593475,61.224489795918366,0.0,ModelParams,v3,1779374313.4901233,0.0,0.0,92.0,52.87356321839081,82.0,47.12643678160919,0.0,0.0,0.0,0.0,5.0,100.0
0,2047,10778,51,0.47318611987381703,0.49362402303578773,46,46,90.19607843137256,5,0,26.294303210243086,73.70569678975691,0.0,4,0.037112636852848394,9,38,7.8431372549019605,4,74.50980392156863,38,0.0,0,17.647058823529413,9,19092,29945,25853,0,29945,0,0,0,41248,41248,100.0,0,0.0,0,0.0,15795,7997,50.62994618550174,7798,49.37005381449826,0,0.0,1462,380,25.99179206566348,736,50.341997264021884,346,23.666210670314637,635,0,0.0,635,100.0,0,0.0,174,5,0,0,0,0,0,0,42.52477477477478,19092,17189,0.7594804106432014,0.502828409805154,16.771422585376076,61.37931034482759,0.0,ModelParams,v3,1779374313.4901233,0.0,0.0,92.0,52.87356321839081,82.0,47.12643678160919,0.0,0.0,0.0,0.0,5.0,100.0
0,2048,10675,54,0.5058548009367682,0.5297600498597694,50,50,92.5925925925926,4,0,26.557377049180324,73.44262295081967,0.0,5,0.046838407494145196,10,39,9.25925925925926,5,72.22222222222221,39,0.0,0,18.51851851851852,10,18892,30110,26218,0,30110,0,0,0,41480,41480,100.0,0,0.0,0,0.0,15877,8043,50.6581847956163,7834,49.3418152043837,0,0.0,1470,383,26.05442176870748,739,50.27210884353741,348,23.6734693877551,640,0,0.0,640,100.0,0,0.0,175,5,0,0,0,0,0,0,42.57479356341309,18892,17016,0.7622273978403556,0.5187380901969088,16.790175735761167,63.888888888888886,0.0,ModelParams,v3,1779374313.4901233,0.0,0.0,93.0,53.142857142857146,82.0,46.85714285714286,0.0,0.0,0.0,0.0,5.0,100.0
0,2049,10621,54,0.5084267018171547,0.5326370757180157,50,50,92.5925925925926,4,0,26.61707937105734,73.38292062894266,0.0,5,0.047076546464551366,11,38,9.25925925925926,5,70.37037037037037,38,0.0,0,20.37037037037037,11,18735,30290,26555,0,30290,0,0,0,41724,41724,100.0,0,0.0,0,0.0,15973,8090,50.6479684467539,7883,49.3520315532461,0,0.0,1482,385,25.978407557354927,747,50.40485829959515,350,23.616734143049932,646,0,0.0,646,100.0,0,0.0,176,5,0,0,0,0,0,0,42.611369095276224,18735,16880,0.773952495329597,0.5230851347744863,16.77074993327996,63.44827586206897,0.0,ModelParams,v3,1779374313.4901233,0.0,0.0,93.0,52.84090909090909,83.0,47.159090909090914,0.0,0.0,0.0,0.0,5.0,100.0
0,2050,10585,54,0.5101558809636279,0.5346472376559388,50,50,92.5925925925926,4,0,26.707605101558812,73.29239489844119,0.0,5,0.04723665564478035,11,38,9.25925925925926,5,70.37037037037037,38,0.0,0,20.37037037037037,11,18545,30476,26931,0,30476,0,0,0,41941,41941,100.0,0,0.0,0,0.0,16057,8131,50.63835087500779,7926,49.36164912499221,0,0.0,1496,385,25.735294117647058,757,50.601604278074866,354,23.663101604278076,651,0,0.0,651,100.0,0,0.0,177,5,0,0,0,0,0,0,42.57152871393907,18545,16712,0.76570504179024,0.5176597465624158,16.840118630358585,63.38028169014085,0.0,ModelParams,v3,1779374313.4901233,0.0,0.0,94.0,53.10734463276836,83.0,46.89265536723164,0.0,0.0,0.0,0.0,5.0,100.0
0,2051,10548,52,0.4929844520288207,0.5155181483429774,48,48,92.3076923076923,4,0,26.649601820250286,73.35039817974972,0.0,4,0.037921880925293895,11,37,7.6923076923076925,4,71.15384615384616,37,0.0,0,21.153846153846153,11,18382,30649,27267,0,30649,0,0,0,42191,42191,100.0,0,0.0,0,0.0,16141,8174,50.64122421163497,7967,49.35877578836504,0,0.0,1505,387,25.71428571428571,762,50.631229235880404,356,23.654485049833887,653,0,0.0,653,100.0,0,0.0,177,5,0,0,0,0,0,0,42.64568599717114,18382,16571,0.7616146230007617,0.5059297138505059,16.793602437166793,62.857142857142854,0.0,ModelParams,v3,1779374313.4901233,0.0,0.0,94.0,53.10734463276836,83.0,46.89265536723164,0.0,0.0,0.0,0.0,5.0,100.0
0,2052,10521,52,0.49424959604600327,0.51698670605613,48,48,92.3076923076923,4,0,26.584925387320595,73.4150746126794,0.0,4,0.038019199695846405,12,36,7.6923076923076925,4,69.23076923076923,36,0.0,0,23.076923076923077,12,18208,30835,27627,0,30835,0,0,0,42415,42415,100.0,0,0.0,0,0.0,16245,8223,50.61865189289012,8022,49.38134810710988,0,0.0,1518,390,25.691699604743086,768,50.59288537549407,360,23.715415019762844,658,0,0.0,658,100.0,0,0.0,177,5,0,0,0,0,0,0,42.64685852372583,18208,16399,0.757908611599297,0.499780316344464,16.844244288224957,62.31884057971014,0.0,ModelParams,v3,1779374313.4901233,0.0,0.0,94.0,53.10734463276836,83.0,46.89265536723164,0.0,0.0,0.0,0.0,5.0,100.0
0,2053,10452,53,0.507079984691925,0.5199490662139219,50,50,94.33962264150944,3,0,26.415996938385,73.584003061615,0.0,4,0.03827018752391887,12,37,7.547169811320755,4,69.81132075471697,37,0.0,0,22.641509433962266,12,18046,30988,27942,0,30988,0,0,0,42652,42652,100.0,0,0.0,0,0.0,16328,8272,50.66144047035767,8056,49.33855952964233,0,0.0,1522,393,25.821287779237846,769,50.52562417871223,360,23.653088042049937,659,0,0.0,659,100.0,0,0.0,177,5,0,0,0,0,0,0,42.77895378477225,18046,16263,0.7591710074254683,0.4876426909010307,16.74055192286379,61.31386861313869,0.0,ModelParams,v3,1779374313.4901233,0.0,0.0,94.0,53.10734463276836,83.0,46.89265536723164,0.0,0.0,0.0,0.0,5.0,100.0
0,2054,10369,49,0.47256244575176004,0.4812834224598931,46,46,93.87755102040816,3,0,26.74317677693124,73.25682322306876,0.0,4,0.03857652618381715,12,33,8.16326530612245,4,67.3469387755102,33,0.0,0,24.489795918367346,12,17908,31166,28258,0,31166,0,0,0,42871,42871,100.0,0,0.0,0,0.0,16421,8321,50.67291882345777,8100,49.32708117654223,0,0.0,1531,394,25.734813847158723,774,50.55519268451992,363,23.709993468321358,663,0,0.0,663,100.0,0,0.0,177,5,0,0,0,0,0,0,42.860955997319635,17908,16145,0.7650212195666741,0.485816394907304,16.82488273397364,60.58394160583942,0.0,ModelParams,v3,1779374313.4901233,0.0,0.0,94.0,53.10734463276836,83.0,46.89265536723164,0.0,0.0,0.0,0.0,5.0,100.0
0,2055,10289,48,0.46651764019826997,0.47424013796076736,44,44,91.66666666666666,4,0,26.445718728739433,73.55428127126056,0.0,4,0.0388764700165225,11,33,8.333333333333332,4,68.75,33,0.0,0,22.916666666666664,11,17670,31321,28651,0,31321,0,0,0,43185,43185,100.0,0,0.0,0,0.0,16533,8384,50.710699812496216,8149,49.289300187503784,0,0.0,1544,395,25.582901554404145,782,50.64766839378238,367,23.769430051813472,669,0,0.0,669,100.0,0,0.0,178,5,0,0,0,0,0,0,42.863780418788906,17670,15923,0.7696661007357103,0.4867006225240521,16.79683078664403,59.55882352941176,0.0,ModelParams,v3,1779374313.4901233,0.0,0.0,94.0,52.80898876404494,84.0,47.19101123595505,0.0,0.0,0.0,0.0,5.0,100.0
0,2056,10253,46,0.4486491758509704,0.4546930821695355,42,42,91.30434782608695,4,0,26.421535160440847,73.57846483955916,0.0,2,0.019506485906563932,11,33,4.3478260869565215,2,71.73913043478261,33,0.0,0,23.91304347826087,11,17510,31509,28999,0,31509,0,0,0,43306,43306,100.0,0,0.0,0,0.0,16588,8409,50.69327224499638,8179,49.306727755003614,0,0.0,1549,396,25.564880568108457,785,50.67785668173015,368,23.757262750161395,675,0,0.0,675,100.0,0,0.0,179,5,0,0,0,0,0,0,42.83906339234723,17510,15768,0.7709880068532268,0.48543689320388345,16.90462592804112,59.25925925925925,0.0,ModelParams,v3,1779374313.4901233,0.0,0.0,94.0,52.513966480446925,85.0,47.486033519553075,0.0,0.0,0.0,0.0,5.0,100.0
0,2057,10164,45,0.4427390791027155,0.4478427089022392,42,42,93.33333333333333,3,0,26.16096025186934,73.83903974813066,0.0,2,0.01967729240456513,10,33,4.444444444444445,2,73.33333333333333,33,0.0,0,22.22222222222222,10,17337,31668,29331,0,31668,0,0,0,43575,43575,100.0,0,0.0,0,0.0,16690,8454,50.65308568004794,8236,49.34691431995207,0,0.0,1559,397,25.465041693393204,791,50.737652341244385,371,23.797305965362412,678,0,0.0,678,100.0,0,0.0,180,5,0,0,0,0,0,0,42.88815827421122,17337,15612,0.7729134221606968,0.49604891272999946,16.946415181403935,60.447761194029844,0.0,ModelParams,v3,1779374313.4901233,0.0,0.0,95.0,52.77777777777778,85.0,47.22222222222222,0.0,0.0,0.0,0.0,5.0,100.0
0,2058,10114,47,0.4647023927229583,0.47200878155872666,42,42,89.36170212765957,5,0,26.240854261419816,73.75914573858019,0.0,2,0.019774569903104607,11,34,4.25531914893617,2,72.3404255319149,34,0.0,0,23.404255319148938,11,17182,31850,29668,0,31850,0,0,0,43732,43732,100.0,0,0.0,0,0.0,16767,8490,50.635176239040966,8277,49.36482376095903,0,0.0,1572,399,25.38167938931298,796,50.63613231552163,377,23.982188295165393,680,0,0.0,680,100.0,0,0.0,180,5,0,0,0,0,0,0,42.858340123384934,17182,15478,0.77406588290071,0.5179839366779188,16.953788848795252,62.40601503759399,0.0,ModelParams,v3,1779374313.4901233,0.0,0.0,95.0,52.77777777777778,85.0,47.22222222222222,0.0,0.0,0.0,0.0,5.0,100.0
0,2059,9998,46,0.4600920184036807,0.4667185242804756,42,42,91.30434782608695,4,0,25.89517903580716,74.10482096419284,0.0,3,0.030006001200240048,12,31,6.521739130434782,3,67.3913043478261,31,0.0,0,26.08695652173913,12,16987,31992,30005,0,31992,0,0,0,44115,44115,100.0,0,0.0,0,0.0,16902,8568,50.69222577209798,8334,49.30777422790202,0,0.0,1586,401,25.283732660781844,806,50.81967213114754,379,23.896595208070618,684,0,0.0,684,100.0,0,0.0,181,5,0,0,0,0,0,0,42.89368340495673,16987,15305,0.7652911049626184,0.5239300641667157,16.95414140224878,64.61538461538461,0.0,ModelParams,v3,1779374313.4901233,0.0,0.0,95.0,52.48618784530387,86.0,47.51381215469613,0.0,0.0,0.0,0.0,5.0,100.0
0,2060,9908,46,0.4642712959224869,0.45933228769885726,40,40,86.95652173913044,6,0,25.867985466289866,74.13201453371013,0.0,3,0.030278562777553492,12,31,6.521739130434782,3,67.3913043478261,31,0.0,0,26.08695652173913,12,16810,32165,30355,0,32165,0,0,0,44326,44326,100.0,0,0.0,0,0.0,16983,8606,50.67420361538009,8377,49.32579638461991,0,0.0,1593,402,25.235404896421848,810,50.847457627118644,381,23.91713747645951,689,0,0.0,689,100.0,0,0.0,181,5,0,0,0,0,0,0,42.84651992861392,16810,15141,0.74360499702558,0.529446757882213,16.942296252230815,65.60000000000001,0.0,ModelParams,v3,1779374313.4901233,0.0,0.0,95.0,52.48618784530387,86.0,47.51381215469613,0.0,0.0,0.0,0.0,5.0,100.0
0,2061,9810,44,0.44852191641182465,0.4411764705882353,39,39,88.63636363636364,5,0,25.657492354740064,74.34250764525994,0.0,3,0.03058103975535168,11,30,6.8181818181818175,3,68.18181818181817,30,0.0,0,25.0,11,16617,32306,30689,0,32306,0,0,0,44505,44505,100.0,0,0.0,0,0.0,17071,8654,50.69415968601723,8417,49.30584031398278,0,0.0,1602,404,25.21847690387016,813,50.749063670411985,385,24.032459425717853,694,0,0.0,694,100.0,0,0.0,182,5,0,0,0,0,0,0,42.91304086176807,16617,14967,0.7402058133237047,0.5235602094240838,16.976590238911957,65.85365853658537,0.0,ModelParams,v3,1779374313.4901233,0.0,0.0,95.0,52.197802197802204,87.0,47.8021978021978,0.0,0.0,0.0,0.0,5.0,100.0
0,2062,9692,42,0.4333470903838217,0.4353803849679193,38,38,90.47619047619048,4,0,25.650020635575732,74.34997936442427,0.0,3,0.030953363598844406,11,28,7.142857142857142,3,66.66666666666666,28,0.0,0,26.190476190476193,11,16412,32461,31049,0,32461,0,0,0,44688,44688,100.0,0,0.0,0,0.0,17149,8686,50.65018368417984,8463,49.34981631582016,0,0.0,1611,405,25.139664804469277,819,50.83798882681564,387,24.022346368715084,700,0,0.0,700,100.0,0,0.0,182,5,0,0,0,0,0,0,42.86113819156714,16412,14768,0.7433585181574458,0.5240068242749207,17.01803558371923,64.75409836065575,0.0,ModelParams,v3,1779374313.4901233,0.0,0.0,95.0,52.197802197802204,87.0,47.8021978021978,0.0,0.0,0.0,0.0,5.0,100.0
0,2063,9576,41,0.42815371762740184,0.42893577556225365,37,37,90.2439024390244,4,0,25.877192982456144,74.12280701754386,0.0,3,0.03132832080200501,10,28,7.317073170731707,3,68.29268292682927,28,0.0,0,24.390243902439025,10,16208,32615,31407,0,32615,0,0,0,44792,44792,100.0,0,0.0,0,0.0,17193,8706,50.63688710521724,8487,49.36311289478276,0,0.0,1616,405,25.06188118811881,821,50.80445544554455,390,24.133663366336634,701,0,0.0,701,100.0,0,0.0,182,5,0,0,0,0,0,0,42.80188795656466,16208,14595,0.7403751233958539,0.4997532082922014,16.997778874629812,61.66666666666667,0.0,ModelParams,v3,1779374313.4901233,0.0,0.0,95.0,52.197802197802204,87.0,47.8021978021978,0.0,0.0,0.0,0.0,5.0,100.0
0,2064,9439,41,0.434368047462655,0.43462939034417947,39,39,95.1219512195122,2,0,25.987922449412014,74.01207755058799,0.0,3,0.031783027863121094,10,28,7.317073170731707,3,68.29268292682927,28,0.0,0,24.390243902439025,10,16019,32767,31748,0,32767,0,0,0,45086,45086,100.0,0,0.0,0,0.0,17317,8767,50.62655194317722,8550,49.37344805682278,0,0.0,1623,406,25.01540357362908,826,50.893407270486755,391,24.091189155884166,710,0,0.0,710,100.0,0,0.0,183,5,0,0,0,0,0,0,42.78806417379362,16019,14425,0.7241400836506648,0.4744366065297459,16.96735127036644,62.06896551724138,0.0,ModelParams,v3,1779374313.4901233,0.0,0.0,95.0,51.91256830601093,88.0,48.08743169398907,0.0,0.0,0.0,0.0,5.0,100.0
0,2065,9316,41,0.44010304851867754,0.42836744407425037,38,38,92.6829268292683,3,0,25.90167453842851,74.09832546157149,0.0,3,0.0322026620867325,11,27,7.317073170731707,3,65.85365853658537,27,0.0,0,26.82926829268293,11,15826,32914,32088,0,32914,0,0,0,45366,45366,100.0,0,0.0,0,0.0,17437,8828,50.6279749956988,8609,49.3720250043012,0,0.0,1634,408,24.96940024479804,831,50.856793145654834,395,24.173806609547125,714,0,0.0,714,100.0,0,0.0,186,5,0,0,0,0,0,0,42.75464425628712,15826,14246,0.732971060280551,0.48654113484140027,16.9847087071907,62.93103448275862,0.0,ModelParams,v3,1779374313.4901233,0.0,0.0,97.0,52.1505376344086,89.0,47.8494623655914,0.0,0.0,0.0,0.0,5.0,100.0
0,2066,9178,40,0.43582479843103067,0.4348876540227108,38,38,95.0,2,0,25.789932447156243,74.21006755284377,0.0,3,0.03268685988232731,10,27,7.5,3,67.5,27,0.0,0,25.0,10,15619,33040,32421,0,33040,0,0,0,45539,45539,100.0,0,0.0,0,0.0,17516,8866,50.61657912765472,8650,49.38342087234528,0,0.0,1641,409,24.923826934795855,834,50.822669104204756,398,24.25350396099939,716,0,0.0,716,100.0,0,0.0,186,5,0,0,0,0,0,0,42.76816697611883,15619,14060,0.7362827325693067,0.5057942249823932,16.940905307638133,66.08695652173913,0.0,ModelParams,v3,1779374313.4901233,0.0,0.0,97.0,52.1505376344086,89.0,47.8494623655914,0.0,0.0,0.0,0.0,5.0,100.0
0,2067,9066,40,0.4412089124200309,0.4401516077760117,38,38,95.0,2,0,25.6893889256563,74.3106110743437,0.0,3,0.03309066843150232,10,27,7.5,3,67.5,27,0.0,0,25.0,10,15442,33185,32743,0,33185,0,0,0,45725,45725,100.0,0,0.0,0,0.0,17585,8903,50.62837645720785,8682,49.37162354279215,0,0.0,1646,410,24.908869987849332,838,50.911300121506684,398,24.179829890643987,722,0,0.0,722,100.0,0,0.0,186,5,0,0,0,0,0,0,42.72115011008937,15442,13901,0.7447221862453051,0.4986400725294651,16.895479860121746,64.34782608695652,0.0,ModelParams,v3,1779374313.4901233,0.0,0.0,97.0,52.1505376344086,89.0,47.8494623655914,0.0,0.0,0.0,0.0,5.0,100.0
0,2068,8956,41,0.4577936578829835,0.45763760049474334,38,38,92.6829268292683,3,0,25.926753014738722,74.07324698526128,0.0,3,0.033497096918267084,11,27,7.317073170731707,3,65.85365853658537,27,0.0,0,26.82926829268293,11,15279,33329,33050,0,33329,0,0,0,45905,45905,100.0,0,0.0,0,0.0,17656,8939,50.62868146805618,8717,49.371318531943814,0,0.0,1661,412,24.804334738109574,845,50.87296809151114,404,24.32269717037929,724,0,0.0,724,100.0,0,0.0,188,5,0,0,0,0,0,0,42.69847503108842,15279,13753,0.7526670593625238,0.5105046141763204,16.87283199162249,64.34782608695652,0.0,ModelParams,v3,1779374313.4901233,0.0,0.0,97.0,51.59574468085106,91.0,48.40425531914894,0.0,0.0,0.0,0.0,5.0,100.0
0,2069,8809,42,0.4767851061414462,0.47822803926503904,38,38,90.47619047619048,4,0,25.712339652627996,74.28766034737201,0.0,3,0.0340560790101033,11,28,7.142857142857142,3,66.66666666666666,28,0.0,0,26.190476190476193,11,15082,33448,33366,0,33448,0,0,0,46053,46053,100.0,0,0.0,0,0.0,17728,8975,50.626128158844764,8753,49.373871841155236,0,0.0,1666,414,24.849939975990395,846,50.780312124849935,406,24.369747899159663,725,0,0.0,725,100.0,0,0.0,188,5,0,0,0,0,0,0,42.73803209123459,15082,13581,0.7227158201829996,0.4972815276488529,16.927463201166955,64.22018348623854,0.0,ModelParams,v3,1779374313.4901233,0.0,0.0,97.0,51.59574468085106,91.0,48.40425531914894,0.0,0.0,0.0,0.0,5.0,100.0
0,2070,8690,42,0.48331415420023016,0.47187858691493434,39,39,92.85714285714286,3,0,25.7307249712313,74.2692750287687,0.0,3,0.03452243958573072,11,28,7.142857142857142,3,66.66666666666666,28,0.0,0,26.190476190476193,11,14885,33579,33694,0,33579,0,0,0,46233,46233,100.0,0,0.0,0,0.0,17799,9011,50.626439687622906,8788,49.3735603123771,0,0.0,1675,416,24.83582089552239,848,50.626865671641795,411,24.537313432835823,729,0,0.0,729,100.0,0,0.0,188,5,0,0,0,0,0,0,42.6954652334565,14885,13414,0.7255626469600268,0.5038629492777964,16.902922405105812,65.74074074074075,0.0,ModelParams,v3,1779374313.4901233,0.0,0.0,97.0,51.59574468085106,91.0,48.40425531914894,0.0,0.0,0.0,0.0,5.0,100.0
0,2071,8569,42,0.49013887268059286,0.4777275661717237,39,39,92.85714285714286,3,0,25.41720154043646,74.58279845956355,0.0,3,0.0350099194771852,11,28,7.142857142857142,3,66.66666666666666,28,0.0,0,26.190476190476193,11,14704,33709,34005,0,33709,0,0,0,46405,46405,100.0,0,0.0,0,0.0,17872,9046,50.6154879140555,8826,49.38451208594449,0,0.0,1680,419,24.94047619047619,848,50.476190476190474,413,24.583333333333332,729,0,0.0,729,100.0,0,0.0,188,5,0,0,0,0,0,0,42.674646354733405,14704,13257,0.7276931447225246,0.5168661588683352,16.88656147986942,67.28971962616822,0.0,ModelParams,v3,1779374313.4901233,0.0,0.0,97.0,51.59574468085106,91.0,48.40425531914894,0.0,0.0,0.0,0.0,5.0,100.0
0,2072,8483,40,0.4715312978898974,0.45691906005221933,37,37,92.5,3,0,25.333018979134742,74.66698102086526,0.0,3,0.035364847341742306,11,26,7.5,3,65.0,26,0.0,0,27.500000000000004,11,14516,33839,34323,0,33839,0,0,0,46651,46651,100.0,0,0.0,0,0.0,17970,9097,50.623260990539784,8873,49.376739009460216,0,0.0,1688,420,24.881516587677723,855,50.65165876777251,413,24.46682464454976,735,0,0.0,735,100.0,0,0.0,189,5,0,0,0,0,0,0,42.63784789198126,14516,13085,0.7302287131441167,0.5166712593000827,16.864149903554697,66.98113207547169,0.0,ModelParams,v3,1779374313.4901233,0.0,0.0,98.0,51.85185185185185,91.0,48.148148148148145,0.0,0.0,0.0,0.0,5.0,100.0
0,2073,8362,41,0.49031332217172924,0.47732696897374705,37,37,90.2439024390244,4,0,25.412580722315237,74.58741927768476,0.0,3,0.03587658454915092,12,26,7.317073170731707,3,63.41463414634146,26,0.0,0,29.268292682926827,12,14359,33999,34640,0,33999,0,0,0,46836,46836,100.0,0,0.0,0,0.0,18041,9138,50.651294274153315,8903,49.34870572584668,0,0.0,1694,420,24.793388429752067,861,50.82644628099173,413,24.380165289256198,738,0,0.0,738,100.0,0,0.0,191,5,0,0,0,0,0,0,42.49495090187339,14359,12947,0.7451772407549272,0.5292847691343409,16.811755693293403,66.35514018691589,0.0,ModelParams,v3,1779374313.4901233,0.0,0.0,99.0,51.832460732984295,92.0,48.167539267015705,0.0,0.0,0.0,0.0,5.0,100.0
0,2074,8287,42,0.5068179075660673,0.49504950495049505,37,37,88.09523809523809,5,0,25.835646192832147,74.16435380716784,0.0,3,0.03620127911186195,11,28,7.142857142857142,3,66.66666666666666,28,0.0,0,26.190476190476193,11,14212,34157,34945,0,34157,0,0,0,47008,47008,100.0,0,0.0,0,0.0,18124,9177,50.63451776649747,8947,49.36548223350254,0,0.0,1697,421,24.808485562757806,862,50.795521508544496,414,24.3959929286977,742,0,0.0,742,100.0,0,0.0,191,5,0,0,0,0,0,0,42.37419082465522,14212,12802,0.7528848860118209,0.541795665634675,16.88010132282578,66.35514018691589,0.0,ModelParams,v3,1779374313.4901233,0.0,0.0,99.0,51.832460732984295,92.0,48.167539267015705,0.0,0.0,0.0,0.0,5.0,100.0
0,2075,8179,43,0.5257366426213473,0.50183100501831,39,39,90.69767441860465,4,0,25.52879325100868,74.47120674899132,0.0,3,0.03667930064800098,11,29,6.976744186046512,3,67.44186046511628,29,0.0,0,25.581395348837212,11,14005,34276,35271,0,34276,0,0,0,47191,47191,100.0,0,0.0,0,0.0,18180,9201,50.61056105610561,8979,49.38943894389439,0,0.0,1704,422,24.76525821596244,867,50.88028169014085,415,24.354460093896712,744,0,0.0,744,100.0,0,0.0,191,5,0,0,0,0,0,0,42.320028561228135,14005,12610,0.7568725455194573,0.5640842556229918,16.73687968582649,69.81132075471697,0.0,ModelParams,v3,1779374313.4901233,0.0,0.0,99.0,51.832460732984295,92.0,48.167539267015705,0.0,0.0,0.0,0.0,5.0,100.0
0,2076,8104,43,0.5306021717670286,0.5071271929824561,40,40,93.02325581395348,3,0,25.604639684106612,74.39536031589338,0.0,3,0.037018756169792694,11,29,6.976744186046512,3,67.44186046511628,29,0.0,0,25.581395348837212,11,13820,34403,35583,0,34403,0,0,0,47373,47373,100.0,0,0.0,0,0.0,18243,9232,50.605711779860776,9011,49.39428822013923,0,0.0,1712,425,24.824766355140188,870,50.8177570093458,417,24.35747663551402,745,0,0.0,745,100.0,0,0.0,191,5,0,0,0,0,0,0,42.199782923299566,13820,12449,0.759768451519537,0.5426917510853835,16.83068017366136,67.61904761904762,0.0,ModelParams,v3,1779374313.4901233,0.0,0.0,99.0,51.832460732984295,92.0,48.167539267015705,0.0,0.0,0.0,0.0,5.0,100.0
0,2077,8037,42,0.5225830533781262,0.5110497237569062,39,39,92.85714285714286,3,0,25.755879059350505,74.2441209406495,0.0,3,0.03732736095558044,13,26,7.142857142857142,3,61.904761904761905,26,0.0,0,30.952380952380953,13,13665,34555,35890,0,34555,0,0,0,47565,47565,100.0,0,0.0,0,0.0,18331,9276,50.602803993235504,9055,49.397196006764496,0,0.0,1716,427,24.883449883449885,870,50.6993006993007,419,24.41724941724942,749,0,0.0,749,100.0,0,0.0,191,5,0,0,0,0,0,0,42.07047200878156,13665,12315,0.7317965605561654,0.5488474204171241,16.93377241126967,71.0,0.0,ModelParams,v3,1779374313.4901233,0.0,0.0,99.0,51.832460732984295,92.0,48.167539267015705,0.0,0.0,0.0,0.0,5.0,100.0
0,2078,7957,42,0.5278371245444262,0.5155357391667827,39,39,92.85714285714286,3,0,25.8514515520925,74.1485484479075,0.0,3,0.037702651753173305,13,26,7.142857142857142,3,61.904761904761905,26,0.0,0,30.952380952380953,13,13530,34697,36167,0,34697,0,0,0,47812,47812,100.0,0,0.0,0,0.0,18413,9317,50.60011948080161,9096,49.39988051919839,0,0.0,1726,431,24.97103128621089,873,50.57937427578215,422,24.44959443800695,755,0,0.0,755,100.0,0,0.0,191,5,0,0,0,0,0,0,42.02926829268293,13530,12196,0.7317073170731708,0.532150776053215,16.910569105691057,68.68686868686868,0.0,ModelParams,v3,1779374313.4901233,0.0,0.0,99.0,51.832460732984295,92.0,48.167539267015705,0.0,0.0,0.0,0.0,5.0,100.0
0,2079,7902,42,0.5315110098709187,0.5192253718776312,39,39,92.85714285714286,3,0,25.82890407491774,74.17109592508226,0.0,3,0.037965072133637055,13,26,7.142857142857142,3,61.904761904761905,26,0.0,0,30.952380952380953,13,13383,34831,36448,0,34831,0,0,0,47984,47984,100.0,0,0.0,0,0.0,18469,9345,50.59829985380908,9124,49.40170014619091,0,0.0,1732,432,24.94226327944573,878,50.69284064665127,422,24.364896073903004,756,0,0.0,756,100.0,0,0.0,191,5,0,0,0,0,0,0,41.98438317268176,13383,12053,0.7322722857356347,0.5305237988492864,16.909512067548384,68.36734693877551,0.0,ModelParams,v3,1779374313.4901233,0.0,0.0,99.0,51.832460732984295,92.0,48.167539267015705,0.0,0.0,0.0,0.0,5.0,100.0
0,2080,7828,42,0.5365355135411344,0.5245994612221749,39,39,92.85714285714286,3,0,25.84312723556464,74.15687276443535,0.0,3,0.03832396525293817,13,26,7.142857142857142,3,61.904761904761905,26,0.0,0,30.952380952380953,13,13292,34961,36669,0,34961,0,0,0,48148,48148,100.0,0,0.0,0,0.0,18533,9372,50.56925484271299,9161,49.43074515728701,0,0.0,1736,433,24.942396313364053,880,50.69124423963134,423,24.36635944700461,763,0,0.0,763,100.0,0,0.0,191,5,0,0,0,0,0,0,42.069891664158895,13292,11961,0.7222389407162202,0.5341558832380379,16.85976527234427,69.79166666666666,0.0,ModelParams,v3,1779374313.4901233,0.0,0.0,99.0,51.832460732984295,92.0,48.167539267015705,0.0,0.0,0.0,0.0,5.0,100.0
0,2081,7730,41,0.5304010349288487,0.517167073696308,38,38,92.6829268292683,3,0,26.22250970245796,73.77749029754204,0.0,3,0.03880983182406209,13,25,7.317073170731707,3,60.97560975609756,25,0.0,0,31.70731707317073,13,13153,35089,36936,0,35089,0,0,0,48324,48324,100.0,0,0.0,0,0.0,18597,9409,50.59418185728881,9188,49.40581814271119,0,0.0,1743,434,24.899598393574294,884,50.71715433161216,425,24.38324727481354,766,0,0.0,766,100.0,0,0.0,191,5,0,0,0,0,0,0,42.04090321599635,13153,11831,0.6918573709419904,0.5169923211434654,16.878278719683724,70.32967032967034,0.0,ModelParams,v3,1779374313.4901233,0.0,0.0,99.0,51.832460732984295,92.0,48.167539267015705,0.0,0.0,0.0,0.0,5.0,100.0
0,2082,7663,44,0.5741876549654182,0.5511240029006526,40,40,90.9090909090909,4,0,26.321284092392013,73.67871590760798,0.0,3,0.0391491582930967,16,25,6.8181818181818175,3,56.81818181818182,25,0.0,0,36.36363636363637,16,13059,35220,37161,0,35220,0,0,0,48485,48485,100.0,0,0.0,0,0.0,18671,9448,50.602538696374054,9223,49.397461303625946,0,0.0,1748,436,24.94279176201373,885,50.629290617848966,427,24.4279176201373,768,0,0.0,768,100.0,0,0.0,192,5,0,0,0,0,0,0,42.06501263496439,13059,11740,0.6891798759476223,0.5360287924037063,16.82364652729918,72.22222222222221,0.0,ModelParams,v3,1779374313.4901233,0.0,0.0,99.0,51.5625,93.0,48.4375,0.0,0.0,0.0,0.0,5.0,100.0
0,2083,7630,45,0.5897771952817824,0.5685960052485786,40,40,88.88888888888889,5,0,26.277850589777195,73.7221494102228,0.0,3,0.039318479685452164,17,25,6.666666666666667,3,55.55555555555556,25,0.0,0,37.77777777777778,17,12935,35353,37418,0,35353,0,0,0,48701,48701,100.0,0,0.0,0,0.0,18760,9495,50.61300639658849,9265,49.38699360341152,0,0.0,1760,436,24.772727272727273,892,50.68181818181819,432,24.545454545454547,768,0,0.0,768,100.0,0,0.0,194,5,0,0,0,0,0,0,42.0254348666409,12935,11635,0.6957866254348666,0.525705450328566,16.78391959798995,68.88888888888889,0.0,ModelParams,v3,1779374313.4901233,0.0,0.0,101.0,52.0618556701031,93.0,47.93814432989691,0.0,0.0,0.0,0.0,5.0,100.0
0,2084,7575,44,0.5808580858085809,0.5580848876487002,40,40,90.9090909090909,4,0,26.679867986798676,73.32013201320132,0.0,3,0.039603960396039604,17,24,6.8181818181818175,3,54.54545454545454,24,0.0,0,38.63636363636363,17,12817,35484,37667,0,35484,0,0,0,48867,48867,100.0,0,0.0,0,0.0,18827,9523,50.581611515376856,9304,49.41838848462315,0,0.0,1764,437,24.773242630385486,893,50.62358276643991,434,24.6031746031746,769,0,0.0,769,100.0,0,0.0,195,5,0,0,0,0,0,0,41.99048139190138,12817,11529,0.6865881251462901,0.5149410938597175,16.790200514941095,68.18181818181817,0.0,ModelParams,v3,1779374313.4901233,0.0,0.0,101.0,51.7948717948718,94.0,48.205128205128204,0.0,0.0,0.0,0.0,5.0,100.0
0,2085,7510,43,0.5725699067909454,0.5477424130273871,39,39,90.69767441860465,4,0,26.724367509986685,73.27563249001332,0.0,3,0.03994673768308921,17,23,6.976744186046512,3,53.48837209302325,23,0.0,0,39.53488372093023,17,12697,35602,37905,0,35602,0,0,0,49010,49010,100.0,0,0.0,0,0.0,18888,9547,50.54531977975434,9341,49.454680220245656,0,0.0,1771,438,24.731789949181255,899,50.76228119706381,434,24.50592885375494,771,0,0.0,771,100.0,0,0.0,196,5,0,0,0,0,0,0,42.08356304638891,12697,11417,0.6852012286366859,0.5119319524297078,16.80711979207687,67.81609195402298,0.0,ModelParams,v3,1779374313.4901233,0.0,0.0,101.0,51.53061224489795,95.0,48.46938775510204,0.0,0.0,0.0,0.0,5.0,100.0
0,2086,7434,46,0.6187785848802798,0.597460791635549,40,40,86.95652173913044,6,0,26.741996233521657,73.25800376647834,0.0,3,0.04035512510088781,17,26,6.521739130434782,3,56.52173913043478,26,0.0,0,36.95652173913043,17,12581,35713,38132,0,35713,0,0,0,49143,49143,100.0,0,0.0,0,0.0,18948,9575,50.5330377876293,9373,49.466962212370696,0,0.0,1782,443,24.859708193041527,901,50.56116722783389,438,24.579124579124578,774,0,0.0,774,100.0,0,0.0,196,5,0,0,0,0,0,0,42.18917415149829,12581,11325,0.7074159446784833,0.5563945632302679,16.81106430331452,69.66292134831461,0.0,ModelParams,v3,1779374313.4901233,0.0,0.0,101.0,51.53061224489795,95.0,48.46938775510204,0.0,0.0,0.0,0.0,5.0,100.0
0,2087,7352,45,0.6120783460282916,0.5885904014488379,39,39,86.66666666666667,6,0,26.754624591947767,73.24537540805223,0.0,2,0.02720348204570185,17,26,4.444444444444445,2,57.77777777777777,26,0.0,0,37.77777777777778,17,12469,35822,38353,0,35822,0,0,0,49286,49286,100.0,0,0.0,0,0.0,19001,9598,50.513130887848014,9403,49.48686911215199,0,0.0,1789,446,24.930128563443265,904,50.531022917831194,439,24.538848518725544,775,0,0.0,775,100.0,0,0.0,196,5,0,0,0,0,0,0,42.310850910257436,12469,11226,0.7137701499719304,0.5613922527869115,16.82572780495629,69.66292134831461,0.0,ModelParams,v3,1779374313.4901233,0.0,0.0,101.0,51.53061224489795,95.0,48.46938775510204,0.0,0.0,0.0,0.0,5.0,100.0
0,2088,7275,44,0.604810996563574,0.5800641123492597,40,40,90.9090909090909,4,0,26.39175257731959,73.60824742268042,0.0,3,0.041237113402061855,17,24,6.8181818181818175,3,54.54545454545454,24,0.0,0,38.63636363636363,17,12341,35935,38594,0,35935,0,0,0,49427,49427,100.0,0,0.0,0,0.0,19065,9633,50.52714398111723,9432,49.47285601888277,0,0.0,1794,447,24.91638795986622,907,50.55741360089186,440,24.526198439241917,778,0,0.0,778,100.0,0,0.0,196,5,0,0,0,0,0,0,42.34762174864274,12341,11108,0.704967182562191,0.5672149744753261,16.870593955108987,74.71264367816092,0.0,ModelParams,v3,1779374313.4901233,0.0,0.0,101.0,51.53061224489795,95.0,48.46938775510204,0.0,0.0,0.0,0.0,5.0,100.0
0,2089,7216,44,0.6097560975609756,0.5853357979051139,39,39,88.63636363636364,5,0,25.873059866962304,74.12694013303769,0.0,3,0.041574279379157426,18,23,6.8181818181818175,3,52.27272727272727,23,0.0,0,40.909090909090914,18,12217,36040,38823,0,36040,0,0,0,49645,49645,100.0,0,0.0,0,0.0,19132,9666,50.5226845076312,9466,49.47731549236881,0,0.0,1804,448,24.833702882483372,912,50.554323725055426,444,24.6119733924612,780,0,0.0,780,100.0,0,0.0,196,5,0,0,0,0,0,0,42.4636162724073,12217,10998,0.712122452320537,0.5811574036179095,16.894491282638946,74.71264367816092,0.0,ModelParams,v3,1779374313.4901233,0.0,0.0,101.0,51.53061224489795,95.0,48.46938775510204,0.0,0.0,0.0,0.0,5.0,100.0
0,2090,7110,43,0.6047819971870605,0.5791203631241195,38,38,88.37209302325581,5,0,25.921237693389592,74.07876230661041,0.0,3,0.04219409282700422,18,22,6.976744186046512,3,51.162790697674424,22,0.0,0,41.86046511627907,18,12084,36133,39049,0,36133,0,0,0,49768,49768,100.0,0,0.0,0,0.0,19190,9699,50.541948931735284,9491,49.458051068264716,0,0.0,1806,448,24.8062015503876,913,50.55370985603543,445,24.640088593576966,781,0,0.0,781,100.0,0,0.0,196,5,0,0,0,0,0,0,42.556603773584904,12084,10871,0.7199602780536246,0.5875537901357166,16.906653426017876,74.71264367816092,0.0,ModelParams,v3,1779374313.4901233,0.0,0.0,101.0,51.53061224489795,95.0,48.46938775510204,0.0,0.0,0.0,0.0,5.0,100.0
0,2091,7024,42,0.5979498861047836,0.5539727761949984,35,35,83.33333333333334,7,0,26.067767653758544,73.93223234624145,0.0,3,0.042710706150341685,17,22,7.142857142857142,3,52.38095238095239,22,0.0,0,40.476190476190474,17,11984,36247,39263,0,36247,0,0,0,49923,49923,100.0,0,0.0,0,0.0,19234,9725,50.56150566704793,9509,49.43849433295207,0,0.0,1814,449,24.75192943770673,917,50.55126791620728,448,24.696802646085995,785,0,0.0,785,100.0,0,0.0,197,5,0,0,0,0,0,0,42.629756341789054,11984,10787,0.7176234979973298,0.592456608811749,16.880841121495326,73.25581395348837,0.0,ModelParams,v3,1779374313.4901233,0.0,0.0,102.0,51.776649746192895,95.0,48.223350253807105,0.0,0.0,0.0,0.0,5.0,100.0
0,2092,6934,41,0.5912892991058553,0.5612572161642078,34,34,82.92682926829268,7,0,25.728295356215746,74.27170464378425,0.0,2,0.028843380444188056,18,21,4.878048780487805,2,51.21951219512195,21,0.0,0,43.90243902439025,18,11865,36348,39483,0,36348,0,0,0,50039,50039,100.0,0,0.0,0,0.0,19284,9760,50.61190624351794,9524,49.38809375648206,0,0.0,1819,452,24.848818031885653,918,50.467289719626166,449,24.683892248488178,787,0,0.0,787,100.0,0,0.0,197,5,0,0,0,0,0,0,42.71411715128529,11865,10687,0.6995364517488412,0.5815423514538559,16.8141592920354,73.49397590361446,0.0,ModelParams,v3,1779374313.4901233,0.0,0.0,102.0,51.776649746192895,95.0,48.223350253807105,0.0,0.0,0.0,0.0,5.0,100.0
0,2093,6847,40,0.5841974587410544,0.5527556494878881,33,33,82.5,7,0,25.32495983642471,74.67504016357529,0.0,2,0.02920987293705272,17,21,5.0,2,52.5,21,0.0,0,42.5,17,11720,36439,39719,0,36439,0,0,0,50183,50183,100.0,0,0.0,0,0.0,19332,9778,50.579350300020685,9554,49.42064969997931,0,0.0,1828,454,24.835886214442013,922,50.43763676148797,452,24.72647702407002,789,0,0.0,789,100.0,0,0.0,197,5,0,0,0,0,0,0,42.803071672354946,11720,10553,0.7167235494880546,0.5887372013651877,16.81740614334471,72.61904761904762,0.0,ModelParams,v3,1779374313.4901233,0.0,0.0,102.0,51.776649746192895,95.0,48.223350253807105,0.0,0.0,0.0,0.0,5.0,100.0
0,2094,6762,42,0.6211180124223602,0.59239756458779,36,36,85.71428571428571,6,0,25.3918958887903,74.60810411120971,0.0,2,0.02957704821058858,18,22,4.761904761904762,2,52.38095238095239,22,0.0,0,42.857142857142854,18,11627,36557,39930,0,36557,0,0,0,50377,50377,100.0,0,0.0,0,0.0,19410,9814,50.56156620298815,9596,49.43843379701185,0,0.0,1838,458,24.918389553862895,925,50.32644178454843,455,24.755168661588684,794,0,0.0,794,100.0,0,0.0,199,5,0,0,0,0,0,0,42.85198245463146,11627,10469,0.7224563515954244,0.6106476305151802,16.78850950374129,76.19047619047619,0.0,ModelParams,v3,1779374313.4901233,0.0,0.0,104.0,52.26130653266332,95.0,47.73869346733669,0.0,0.0,0.0,0.0,5.0,100.0
0,2095,6673,42,0.6294020680353664,0.6002000666888962,36,36,85.71428571428571,6,0,25.251011539037915,74.74898846096208,0.0,2,0.02997152704930316,17,23,4.761904761904762,2,54.761904761904766,23,0.0,0,40.476190476190474,17,11505,36656,40151,0,36656,0,0,0,50442,50442,100.0,0,0.0,0,0.0,19441,9832,50.573530168201216,9609,49.42646983179878,0,0.0,1840,458,24.891304347826086,926,50.32608695652174,456,24.782608695652176,795,0,0.0,795,100.0,0,0.0,199,5,0,0,0,0,0,0,42.90247718383311,11505,10361,0.7127335940895263,0.6084311169056932,16.81877444589309,76.82926829268293,0.0,ModelParams,v3,1779374313.4901233,0.0,0.0,104.0,52.26130653266332,95.0,47.73869346733669,0.0,0.0,0.0,0.0,5.0,100.0
0,2096,6593,43,0.652206886091309,0.6074924063449206,35,35,81.3953488372093,8,0,25.041710905505838,74.95828909449416,0.0,2,0.03033520400424693,19,22,4.651162790697675,2,51.162790697674424,22,0.0,0,44.18604651162791,19,11376,36750,40374,0,36750,0,0,0,50623,50623,100.0,0,0.0,0,0.0,19518,9872,50.57895276155344,9646,49.42104723844656,0,0.0,1846,460,24.918743228602384,927,50.21668472372698,459,24.864572047670638,796,0,0.0,796,100.0,0,0.0,199,5,0,0,0,0,0,0,42.96351969057665,11376,10253,0.7208157524613221,0.6329113924050633,16.76336146272855,78.04878048780488,0.0,ModelParams,v3,1779374313.4901233,0.0,0.0,104.0,52.26130653266332,95.0,47.73869346733669,0.0,0.0,0.0,0.0,5.0,100.0
0,2097,6508,43,0.6607252612169637,0.6152794394120663,36,36,83.72093023255815,7,0,24.769514443761526,75.23048555623848,0.0,2,0.030731407498463426,19,22,4.651162790697675,2,51.162790697674424,22,0.0,0,44.18604651162791,19,11252,36845,40593,0,36845,0,0,0,50749,50749,100.0,0,0.0,0,0.0,19561,9893,50.575123971167116,9668,49.424876028832884,0,0.0,1850,460,24.864864864864867,931,50.32432432432432,459,24.81081081081081,800,0,0.0,800,100.0,0,0.0,199,5,0,0,0,0,0,0,43.03128332740846,11252,10143,0.7376466405972272,0.6132243156772129,16.779239246356205,74.69879518072288,0.0,ModelParams,v3,1779374313.4901233,0.0,0.0,104.0,52.26130653266332,95.0,47.73869346733669,0.0,0.0,0.0,0.0,5.0,100.0
0,2098,6473,40,0.6179514908079716,0.6012712592338086,35,35,87.5,5,0,24.841649930480457,75.15835006951954,0.0,2,0.030897574540398577,18,20,5.0,2,50.0,20,0.0,0,45.0,18,11135,36972,40837,0,36972,0,0,0,50880,50880,100.0,0,0.0,0,0.0,19613,9922,50.58889512058329,9691,49.41110487941671,0,0.0,1859,463,24.905863367401828,935,50.29585798816568,461,24.79827864443249,800,0,0.0,800,100.0,0,0.0,199,5,0,0,0,0,0,0,42.899146834306244,11135,10035,0.7274360125729682,0.6106870229007634,16.766951055231253,77.77777777777779,0.0,ModelParams,v3,1779374313.4901233,0.0,0.0,104.0,52.26130653266332,95.0,47.73869346733669,0.0,0.0,0.0,0.0,5.0,100.0
0,2099,6374,39,0.6118606840288673,0.5935754189944134,33,33,84.61538461538461,6,0,24.41167241920301,75.58832758079699,0.0,2,0.031377470975839344,18,19,5.128205128205128,2,48.717948717948715,19,0.0,0,46.15384615384615,18,10977,37055,41078,0,37055,0,0,0,51065,51065,100.0,0,0.0,0,0.0,19689,9967,50.62217481842654,9722,49.37782518157346,0,0.0,1869,463,24.772605671482076,943,50.45478865703584,463,24.772605671482076,801,0,0.0,801,100.0,0,0.0,199,5,0,0,0,0,0,0,42.91527739819623,10977,9880,0.7561264462057029,0.6285870456408855,16.734991345540674,75.90361445783132,0.0,ModelParams,v3,1779374313.4901233,0.0,0.0,104.0,52.26130653266332,95.0,47.73869346733669,0.0,0.0,0.0,0.0,5.0,100.0
0,2100,6319,37,0.5855356860262699,0.5633802816901409,32,32,86.48648648648648,5,0,24.750751701218547,75.24924829878145,0.0,2,0.031650577623041624,18,17,5.405405405405405,2,45.94594594594595,17,0.0,0,48.64864864864865,18,10865,37180,41315,0,37180,0,0,0,51218,51218,100.0,0,0.0,0,0.0,19736,9992,50.62829347385488,9744,49.37170652614512,0,0.0,1876,464,24.733475479744136,948,50.53304904051173,464,24.733475479744136,801,0,0.0,801,100.0,0,0.0,199,5,0,0,0,0,0,0,42.765853658536585,10865,9782,0.7179015186378279,0.616658996778647,16.65899677864703,78.2051282051282,0.0,ModelParams,v3,1779374313.4901233,0.0,0.0,104.0,52.26130653266332,95.0,47.73869346733669,0.0,0.0,0.0,0.0,5.0,100.0
0,2101,6236,36,0.5772931366260423,0.5707151774567505,32,32,88.88888888888889,4,0,24.807568954457988,75.19243104554202,0.0,2,0.032071840923669014,17,17,5.555555555555555,2,47.22222222222222,17,0.0,0,47.22222222222222,17,10700,37278,41578,0,37278,0,0,0,51284,51284,100.0,0,0.0,0,0.0,19766,10009,50.637458261661436,9757,49.362541738338564,0,0.0,1877,464,24.720298348428344,948,50.50612679808204,465,24.77357485348961,802,0,0.0,802,100.0,0,0.0,199,5,0,0,0,0,0,0,42.67392523364486,10700,9635,0.7196261682242991,0.6074766355140186,16.728971962616825,77.92207792207793,0.0,ModelParams,v3,1779374313.4901233,0.0,0.0,104.0,52.26130653266332,95.0,47.73869346733669,0.0,0.0,0.0,0.0,5.0,100.0
0,2102,6159,35,0.5682740704659848,0.541907514450867,31,31,88.57142857142857,4,0,25.00405910050333,74.99594089949667,0.0,1,0.01623640201331385,16,18,2.857142857142857,1,51.42857142857142,18,0.0,0,45.714285714285715,16,10581,37384,41803,0,37384,0,0,0,51413,51413,100.0,0,0.0,0,0.0,19817,10036,50.64338699096736,9781,49.35661300903264,0,0.0,1882,464,24.654622741764083,953,50.63761955366631,465,24.70775770456961,804,0,0.0,804,100.0,0,0.0,199,5,0,0,0,0,0,0,42.620451753142426,10581,9524,0.7182685946507892,0.6048577639164541,16.57688309233532,77.63157894736842,0.0,ModelParams,v3,1779374313.4901233,0.0,0.0,104.0,52.26130653266332,95.0,47.73869346733669,0.0,0.0,0.0,0.0,5.0,100.0
0,2103,6106,35,0.5732066819521782,0.5470459518599562,31,31,88.57142857142857,4,0,25.122830003275464,74.87716999672453,0.0,1,0.016377333770062234,16,18,2.857142857142857,1,51.42857142857142,18,0.0,0,45.714285714285715,16,10494,37489,41995,0,37489,0,0,0,51546,51546,100.0,0,0.0,0,0.0,19874,10070,50.66921606118547,9804,49.330783938814534,0,0.0,1889,466,24.66913710958179,956,50.608787718369506,467,24.7220751720487,808,0,0.0,808,100.0,0,0.0,199,5,0,0,0,0,0,0,42.68543929864685,10494,9444,0.7051648561082523,0.6003430531732418,16.733371450352582,78.37837837837837,0.0,ModelParams,v3,1779374313.4901233,0.0,0.0,104.0,52.26130653266332,95.0,47.73869346733669,0.0,0.0,0.0,0.0,5.0,100.0
0,2104,6030,35,0.5804311774461027,0.5538120731031937,30,30,85.71428571428571,5,0,25.157545605306797,74.8424543946932,0.0,2,0.03316749585406302,15,18,5.714285714285714,2,51.42857142857142,18,0.0,0,42.857142857142854,15,10380,37576,42196,0,37576,0,0,0,51681,51681,100.0,0,0.0,0,0.0,19919,10091,50.66017370349917,9828,49.339826296500824,0,0.0,1896,468,24.68354430379747,961,50.68565400843882,467,24.63080168776371,809,0,0.0,809,100.0,0,0.0,199,5,0,0,0,0,0,0,42.70616570327553,10380,9345,0.7032755298651252,0.5876685934489403,16.666666666666664,75.34246575342466,0.0,ModelParams,v3,1779374313.4901233,0.0,0.0,104.0,52.26130653266332,95.0,47.73869346733669,0.0,0.0,0.0,0.0,5.0,100.0
0,2105,5978,35,0.5854800936768151,0.5586592178770949,31,31,88.57142857142857,4,0,25.309468049514887,74.69053195048512,0.0,3,0.050184008029441285,15,17,8.571428571428571,3,48.57142857142857,17,0.0,0,42.857142857142854,15,10271,37667,42396,0,37667,0,0,0,51801,51801,100.0,0,0.0,0,0.0,19969,10113,50.64349742100256,9856,49.35650257899745,0,0.0,1901,470,24.723829563387692,962,50.60494476591268,469,24.67122567069963,812,0,0.0,812,100.0,0,0.0,199,5,0,0,0,0,0,0,42.73537143413494,10271,9246,0.6912666731574335,0.5939051698958232,16.590400155778408,80.28169014084507,0.0,ModelParams,v3,1779374313.4901233,0.0,0.0,104.0,52.26130653266332,95.0,47.73869346733669,0.0,0.0,0.0,0.0,5.0,100.0
0,2106,5897,34,0.5765643547566559,0.5658242172764995,30,30,88.23529411764706,4,0,25.453620484992367,74.54637951500763,0.0,3,0.05087332541970493,13,18,8.823529411764707,3,52.94117647058824,18,0.0,0,38.23529411764706,13,10163,37767,42604,0,37767,0,0,0,51924,51924,100.0,0,0.0,0,0.0,20032,10147,50.65395367412141,9885,49.346046325878596,0,0.0,1909,474,24.829753797799896,964,50.497642744892616,471,24.672603457307492,814,0,0.0,814,100.0,0,0.0,199,5,0,0,0,0,0,0,42.68099970481157,10163,9145,0.708452228672636,0.5805372429400767,16.619108530945585,76.38888888888889,0.0,ModelParams,v3,1779374313.4901233,0.0,0.0,104.0,52.26130653266332,95.0,47.73869346733669,0.0,0.0,0.0,0.0,5.0,100.0
0,2107,5845,34,0.58169375534645,0.5707762557077625,30,30,88.23529411764706,4,0,25.731394354148847,74.26860564585115,0.0,3,0.05132591958939265,13,18,8.823529411764707,3,52.94117647058824,18,0.0,0,38.23529411764706,13,10061,37870,42809,0,37870,0,0,0,52058,52058,100.0,0,0.0,0,0.0,20080,10171,50.65239043824701,9909,49.34760956175299,0,0.0,1915,475,24.804177545691903,967,50.49608355091384,473,24.699738903394255,818,0,0.0,818,100.0,0,0.0,199,5,0,0,0,0,0,0,42.65997415763841,10061,9055,0.6957558890766325,0.5764834509492098,16.63850511877547,77.14285714285715,0.0,ModelParams,v3,1779374313.4901233,0.0,0.0,104.0,52.26130653266332,95.0,47.73869346733669,0.0,0.0,0.0,0.0,5.0,100.0
0,2108,5775,32,0.5541125541125541,0.5383580080753702,30,30,93.75,2,0,26.26839826839827,73.73160173160174,0.0,3,0.05194805194805195,12,17,9.375,3,53.125,17,0.0,0,37.5,12,9945,37972,43027,0,37972,0,0,0,52175,52175,100.0,0,0.0,0,0.0,20130,10200,50.670640834575266,9930,49.32935916542474,0,0.0,1918,476,24.817518248175183,968,50.46923879040668,474,24.713242961418143,822,0,0.0,822,100.0,0,0.0,199,5,0,0,0,0,0,0,42.61035696329814,9945,8949,0.693815987933635,0.5731523378582202,16.59125188536953,79.71014492753623,0.0,ModelParams,v3,1779374313.4901233,0.0,0.0,104.0,52.26130653266332,95.0,47.73869346733669,0.0,0.0,0.0,0.0,5.0,100.0
0,2109,5741,32,0.5573941821982233,0.522344747533372,30,30,93.75,2,0,25.988503744992165,74.01149625500784,0.0,3,0.05225570458108344,12,17,9.375,3,53.125,17,0.0,0,37.5,12,9834,38065,43231,0,38065,0,0,0,52337,52337,100.0,0,0.0,0,0.0,20198,10238,50.688186949202894,9960,49.31181305079711,0,0.0,1927,477,24.753502854177476,971,50.389206019719765,479,24.85729112610275,828,0,0.0,828,100.0,0,0.0,199,5,0,0,0,0,0,0,42.536302623550945,9834,8853,0.7016473459426479,0.569452918446207,16.432784218019115,78.26086956521739,0.0,ModelParams,v3,1779374313.4901233,0.0,0.0,104.0,52.26130653266332,95.0,47.73869346733669,0.0,0.0,0.0,0.0,5.0,100.0
0,2110,5670,32,0.5643738977072311,0.5288932419196866,30,30,93.75,2,0,26.26102292768959,73.7389770723104,0.0,3,0.052910052910052914,12,17,9.375,3,53.125,17,0.0,0,37.5,12,9732,38156,43424,0,38156,0,0,0,52445,52445,100.0,0,0.0,0,0.0,20246,10260,50.67667687444434,9986,49.32332312555566,0,0.0,1931,477,24.702226825479027,973,50.38839979285344,481,24.90937338166753,829,0,0.0,829,100.0,0,0.0,199,5,0,0,0,0,0,0,42.543567612001645,9732,8761,0.7090012330456227,0.5445951500205507,16.52281134401973,73.91304347826086,0.0,ModelParams,v3,1779374313.4901233,0.0,0.0,104.0,52.26130653266332,95.0,47.73869346733669,0.0,0.0,0.0,0.0,5.0,100.0
0,2111,5615,33,0.5877114870881568,0.554016620498615,32,32,96.96969696969697,1,0,26.536064113980412,73.4639358860196,0.0,3,0.053428317008014245,12,18,9.090909090909092,3,54.54545454545454,18,0.0,0,36.36363636363637,12,9622,38249,43627,0,38249,0,0,0,52621,52621,100.0,0,0.0,0,0.0,20309,10289,50.66226796001773,10020,49.33773203998227,0,0.0,1938,478,24.664602683178536,978,50.464396284829725,482,24.871001031991742,833,0,0.0,833,100.0,0,0.0,199,5,0,0,0,0,0,0,42.5359592600291,9622,8659,0.717106630638121,0.5612138848472251,16.514238204115568,76.81159420289855,0.0,ModelParams,v3,1779374313.4901233,0.0,0.0,104.0,52.26130653266332,95.0,47.73869346733669,0.0,0.0,0.0,0.0,5.0,100.0
0,2112,5557,32,0.5758502789274789,0.5398920215956808,31,31,96.875,1,0,26.99298182472557,73.00701817527442,0.0,3,0.053985963649451144,12,17,9.375,3,53.125,17,0.0,0,37.5,12,9522,38353,43831,0,38353,0,0,0,52754,52754,100.0,0,0.0,0,0.0,20351,10311,50.66581494766842,10040,49.33418505233158,0,0.0,1941,478,24.626481195260176,979,50.43791859866048,484,24.935600206079343,836,0,0.0,836,100.0,0,0.0,199,5,0,0,0,0,0,0,42.44223902541483,9522,8569,0.7246376811594203,0.5671077504725899,16.48813274522159,76.81159420289855,0.0,ModelParams,v3,1779374313.4901233,0.0,0.0,104.0,52.26130653266332,95.0,47.73869346733669,0.0,0.0,0.0,0.0,5.0,100.0
0,2113,5499,33,0.6001091107474086,0.5658852061438965,31,31,93.93939393939394,2,0,26.532096744862706,73.4679032551373,0.0,3,0.05455537370430987,13,17,9.090909090909092,3,51.515151515151516,17,0.0,0,39.39393939393939,13,9424,38441,44017,0,38441,0,0,0,52856,52856,100.0,0,0.0,0,0.0,20395,10332,50.659475361608244,10063,49.34052463839176,0,0.0,1946,478,24.563206577595068,983,50.51387461459404,485,24.922918807810895,838,0,0.0,838,100.0,0,0.0,200,5,0,0,0,0,0,0,42.448535653650254,9424,8495,0.7321731748726655,0.5836162988115451,16.479202037351442,76.81159420289855,0.0,ModelParams,v3,1779374313.4901233,0.0,0.0,104.0,52.0,96.0,48.0,0.0,0.0,0.0,0.0,5.0,100.0
0,2114,5447,32,0.5874793464292271,0.5511328842620943,31,31,96.875,1,0,26.968973747016705,73.0310262529833,0.0,3,0.05507618872774004,11,18,9.375,3,56.25,18,0.0,0,34.375,11,9328,38534,44206,0,38534,0,0,0,52919,52919,100.0,0,0.0,0,0.0,20423,10346,50.65857121872399,10077,49.341428781276015,0,0.0,1948,478,24.53798767967146,984,50.513347022587276,486,24.948665297741275,838,0,0.0,838,100.0,0,0.0,200,5,0,0,0,0,0,0,42.40769725557461,9328,8412,0.7289879931389366,0.589622641509434,16.477272727272727,79.41176470588235,0.0,ModelParams,v3,1779374313.4901233,0.0,0.0,104.0,52.0,96.0,48.0,0.0,0.0,0.0,0.0,5.0,100.0
0,2115,5381,29,0.5389332837762497,0.5159958720330238,27,27,93.10344827586206,2,0,26.407730905036235,73.59226909496375,0.0,3,0.05575171901133618,11,15,10.344827586206897,3,51.724137931034484,15,0.0,0,37.93103448275862,11,9222,38610,44388,0,38610,0,0,0,52968,52968,100.0,0,0.0,0,0.0,20448,10356,50.64553990610329,10092,49.35446009389671,0,0.0,1949,479,24.576706003078503,984,50.48742945100051,486,24.935864545920985,839,0,0.0,839,100.0,0,0.0,200,5,0,0,0,0,0,0,42.46117978746476,9222,8321,0.7048362611147256,0.5421817393190197,16.44979397093906,73.84615384615385,0.0,ModelParams,v3,1779374313.4901233,0.0,0.0,104.0,52.0,96.0,48.0,0.0,0.0,0.0,0.0,5.0,100.0
0,2116,5338,29,0.5432746346946422,0.5198585984612185,27,27,93.10344827586206,2,0,26.414387411015362,73.58561258898465,0.0,4,0.07493443237167478,11,14,13.793103448275861,4,48.275862068965516,14,0.0,0,37.93103448275862,11,9130,38695,44565,0,38695,0,0,0,53023,53023,100.0,0,0.0,0,0.0,20471,10369,50.65214205461385,10102,49.34785794538616,0,0.0,1955,480,24.55242966751918,985,50.38363171355499,490,25.063938618925828,840,0,0.0,840,100.0,0,0.0,200,5,0,0,0,0,0,0,42.477327491785324,9130,8238,0.7009857612267251,0.547645125958379,16.538882803943046,75.0,0.0,ModelParams,v3,1779374313.4901233,0.0,0.0,104.0,52.0,96.0,48.0,0.0,0.0,0.0,0.0,5.0,100.0
0,2117,5280,29,0.5492424242424242,0.5257623554153523,26,26,89.65517241379311,3,0,26.022727272727273,73.97727272727272,0.0,4,0.07575757575757576,11,14,13.793103448275861,4,48.275862068965516,14,0.0,0,37.93103448275862,11,9037,38765,44728,0,38765,0,0,0,53071,53071,100.0,0,0.0,0,0.0,20493,10376,50.631923095691214,10117,49.368076904308786,0,0.0,1955,480,24.55242966751918,985,50.38363171355499,490,25.063938618925828,840,0,0.0,840,100.0,0,0.0,200,5,0,0,0,0,0,0,42.56644904282395,9037,8148,0.69713400464756,0.5643465751908819,16.465641252628085,76.19047619047619,0.0,ModelParams,v3,1779374313.4901233,0.0,0.0,104.0,52.0,96.0,48.0,0.0,0.0,0.0,0.0,5.0,100.0
0,2118,5231,28,0.5352705027719366,0.5092297899427116,25,25,89.28571428571429,3,0,25.96061938443892,74.03938061556107,0.0,4,0.07646721468170523,11,13,14.285714285714285,4,46.42857142857143,13,0.0,0,39.285714285714285,11,8957,38853,44896,0,38853,0,0,0,53132,53132,100.0,0,0.0,0,0.0,20516,10387,50.62877753948138,10129,49.371222460518624,0,0.0,1956,480,24.539877300613497,986,50.40899795501023,490,25.05112474437628,843,0,0.0,843,100.0,0,0.0,200,5,0,0,0,0,0,0,42.566372669420566,8957,8076,0.7145249525510774,0.5582226191805292,16.47873171820922,73.4375,0.0,ModelParams,v3,1779374313.4901233,0.0,0.0,104.0,52.0,96.0,48.0,0.0,0.0,0.0,0.0,5.0,100.0
0,2119,5200,30,0.576923076923077,0.5551996583386718,26,26,86.66666666666667,4,0,26.211538461538463,73.78846153846153,0.0,4,0.07692307692307693,11,15,13.333333333333334,4,50.0,15,0.0,0,36.666666666666664,11,8888,38947,45059,0,38947,0,0,0,53201,53201,100.0,0,0.0,0,0.0,20540,10403,50.64751703992211,10137,49.3524829600779,0,0.0,1956,480,24.539877300613497,986,50.40899795501023,490,25.05112474437628,844,0,0.0,844,100.0,0,0.0,200,5,0,0,0,0,0,0,42.60497299729973,8888,8006,0.7088208820882088,0.5738073807380738,16.426642664266428,74.60317460317461,0.0,ModelParams,v3,1779374313.4901233,0.0,0.0,104.0,52.0,96.0,48.0,0.0,0.0,0.0,0.0,5.0,100.0
0,2120,5145,27,0.5247813411078718,0.517799352750809,23,23,85.18518518518519,4,0,26.29737609329446,73.70262390670554,0.0,4,0.07774538386783285,8,15,14.814814814814813,4,55.55555555555556,15,0.0,0,29.629629629629626,8,8813,39027,45214,0,39027,0,0,0,53260,53260,100.0,0,0.0,0,0.0,20560,10410,50.63229571984436,10150,49.36770428015564,0,0.0,1956,480,24.539877300613497,986,50.40899795501023,490,25.05112474437628,845,0,0.0,845,100.0,0,0.0,200,5,0,0,0,0,0,0,42.71791671394531,8813,7939,0.6808124361738341,0.5559968228752978,16.464314081470555,75.0,0.0,ModelParams,v3,1779374313.4901233,0.0,0.0,104.0,52.0,96.0,48.0,0.0,0.0,0.0,0.0,5.0,100.0
0,2121,5106,26,0.509204857030944,0.5013077593722756,23,23,88.46153846153845,3,0,26.067371719545633,73.93262828045437,0.0,4,0.07833920877399138,6,16,15.384615384615385,4,61.53846153846154,16,0.0,0,23.076923076923077,6,8741,39104,45363,0,39104,0,0,0,53312,53312,100.0,0,0.0,0,0.0,20580,10422,50.641399416909614,10158,49.35860058309038,0,0.0,1959,481,24.553343542623786,988,50.43389484430833,490,25.01276161306789,847,0,0.0,847,100.0,0,0.0,200,5,0,0,0,0,0,0,42.802882965335776,8741,7874,0.686420318041414,0.5491362544331312,16.462647294359915,75.0,0.0,ModelParams,v3,1779374313.4901233,0.0,0.0,104.0,52.0,96.0,48.0,0.0,0.0,0.0,0.0,5.0,100.0
0,2122,5062,25,0.49387593836428295,0.48362277423609584,23,23,92.0,2,0,26.076649545634133,73.92335045436586,0.0,3,0.05926511260371395,6,16,12.0,3,64.0,16,0.0,0,24.0,6,8660,39200,45540,0,39200,0,0,0,53383,53383,100.0,0,0.0,0,0.0,20604,10434,50.64065230052417,10170,49.35934769947583,0,0.0,1960,482,24.591836734693878,988,50.40816326530613,490,25.0,847,0,0.0,847,100.0,0,0.0,200,5,0,0,0,0,0,0,42.76385681293303,8660,7805,0.6812933025404158,0.5427251732101617,16.443418013856814,76.27118644067797,0.0,ModelParams,v3,1779374313.4901233,0.0,0.0,104.0,52.0,96.0,48.0,0.0,0.0,0.0,0.0,5.0,100.0
0,2123,4982,24,0.4817342432757929,0.4467277194549922,22,22,91.66666666666666,2,0,25.893215576073864,74.10678442392613,0.0,4,0.08028904054596547,5,15,16.666666666666664,4,62.5,15,0.0,0,20.833333333333336,5,8574,39273,45699,0,39273,0,0,0,53439,53439,100.0,0,0.0,0,0.0,20617,10443,50.652374254256195,10174,49.347625745743805,0,0.0,1963,483,24.60519612837494,989,50.382068262862965,491,25.0127356087621,848,0,0.0,848,100.0,0,0.0,200,5,0,0,0,0,0,0,42.827735012829486,8574,7728,0.6764637275484021,0.5598320503848845,16.29344529974341,79.3103448275862,0.0,ModelParams,v3,1779374313.4901233,0.0,0.0,104.0,52.0,96.0,48.0,0.0,0.0,0.0,0.0,5.0,100.0
0,2124,4908,25,0.5093724531377343,0.47532820280669985,22,22,88.0,3,0,25.855745721271393,74.14425427872861,0.0,4,0.08149959250203749,5,16,16.0,4,64.0,16,0.0,0,20.0,5,8480,39347,45867,0,39347,0,0,0,53493,53493,100.0,0,0.0,0,0.0,20636,10450,50.639658848614076,10186,49.36034115138593,0,0.0,1964,483,24.592668024439917,989,50.35641547861507,492,25.050916496945007,848,0,0.0,848,100.0,0,0.0,200,5,0,0,0,0,0,0,42.8814858490566,8480,7642,0.6721698113207547,0.5778301886792453,16.22641509433962,80.7017543859649,0.0,ModelParams,v3,1779374313.4901233,0.0,0.0,104.0,52.0,96.0,48.0,0.0,0.0,0.0,0.0,5.0,100.0
0,2125,4870,24,0.49281314168377827,0.45589240939138365,22,22,91.66666666666666,2,0,25.74948665297741,74.25051334702259,0.0,4,0.08213552361396304,4,16,16.666666666666664,4,66.66666666666666,16,0.0,0,16.666666666666664,4,8384,39424,46040,0,39424,0,0,0,53549,53549,100.0,0,0.0,0,0.0,20654,10459,50.639101384719666,10195,49.360898615280334,0,0.0,1964,483,24.592668024439917,989,50.35641547861507,492,25.050916496945007,851,0,0.0,851,100.0,0,0.0,200,5,0,0,0,0,0,0,42.88788167938932,8384,7552,0.6798664122137404,0.5963740458015268,16.233301526717558,82.45614035087719,0.0,ModelParams,v3,1779374313.4901233,0.0,0.0,104.0,52.0,96.0,48.0,0.0,0.0,0.0,0.0,5.0,100.0
