year,n_runs,total_population_median,total_population_ci_low,total_population_ci_high,total_population_q25,total_population_q75,total_affected_median,total_affected_ci_low,total_affected_ci_high,total_affected_q25,total_affected_q75,prevalence_total_pct_median,prevalence_total_pct_ci_low,prevalence_total_pct_ci_high,prevalence_total_pct_q25,prevalence_total_pct_q75,on_colchicine_median,on_colchicine_ci_low,on_colchicine_ci_high,on_colchicine_q25,on_colchicine_q75,diagnosed_median,diagnosed_ci_low,diagnosed_ci_high,diagnosed_q25,diagnosed_q75,undiagnosed_symptomatic_median,undiagnosed_symptomatic_ci_low,undiagnosed_symptomatic_ci_high,undiagnosed_symptomatic_q25,undiagnosed_symptomatic_q75,prevented_births_total_median,prevented_births_total_ci_low,prevented_births_total_ci_high,prevented_births_total_q25,prevented_births_total_q75,m694v_homo_in_affected_pct_median,m694v_homo_in_affected_pct_ci_low,m694v_homo_in_affected_pct_ci_high,m694v_homo_in_affected_pct_q25,m694v_homo_in_affected_pct_q75,compound_in_affected_pct_median,compound_in_affected_pct_ci_low,compound_in_affected_pct_ci_high,compound_in_affected_pct_q25,compound_in_affected_pct_q75,hetero_in_affected_pct_median,hetero_in_affected_pct_ci_low,hetero_in_affected_pct_ci_high,hetero_in_affected_pct_q25,hetero_in_affected_pct_q75,other_homo_in_affected_pct_median,other_homo_in_affected_pct_ci_low,other_homo_in_affected_pct_ci_high,other_homo_in_affected_pct_q25,other_homo_in_affected_pct_q75,m694v_homo_absolute_median,m694v_homo_absolute_ci_low,m694v_homo_absolute_ci_high,m694v_homo_absolute_q25,m694v_homo_absolute_q75,m694v_homo_prevalence_pct_median,m694v_homo_prevalence_pct_ci_low,m694v_homo_prevalence_pct_ci_high,m694v_homo_prevalence_pct_q25,m694v_homo_prevalence_pct_q75,total_carriers_absolute_median,total_carriers_absolute_ci_low,total_carriers_absolute_ci_high,total_carriers_absolute_q25,total_carriers_absolute_q75
1950,20,50718.5,50651.975,50825.05,50693.75,50743.0,210.0,185.425,229.67499999999998,193.5,221.75,0.4974711045790996,0.438987144765834,0.5426844641073056,0.45667834744283403,0.525090880737789,45.5,34.475,54.099999999999994,37.75,49.0,45.5,34.475,54.099999999999994,37.75,49.0,160.0,140.95,190.77499999999998,154.0,173.0,0.0,0.0,0.0,0.0,0.0,8.91973125884017,6.356880219369314,12.876696832579183,8.194495581737849,9.517261620070439,46.651785714285715,42.64291766347687,52.18419128768781,44.76360544217687,48.251611740679934,24.76051455159201,19.886138613861387,28.642348884976528,23.24543189368771,25.530757326627334,1.3829583837868844,0.0,2.204483695652174,0.9322956239604082,1.7980013106159896,19.0,13.475,26.67499999999999,16.0,20.25,0.04503449841300946,0.031918502566700424,0.06322534091670275,0.037875831299282854,0.048007241653139965,51.0,39.0,58.62499999999999,48.0,55.25
1951,20,51384.0,51309.475,51491.1,51353.5,51414.75,211.0,188.475,235.14999999999998,200.0,223.25,0.49413968880437353,0.44223310135845095,0.5493639840799059,0.4665836724471366,0.5241810788861134,45.0,33.95,55.0,39.5,49.0,45.0,33.95,55.0,39.5,49.0,166.5,146.425,194.2,154.25,177.0,0.0,0.0,0.0,0.0,0.0,8.759590792838875,6.8869731800766285,13.000280269058294,7.9740923044352705,10.192688534292413,47.01412622465254,43.673286230392826,52.67905304165418,44.92239764516992,48.760680900430586,24.253839466821212,20.621998702141468,28.07577775544052,23.128799392097264,25.981932443047917,1.3483214155859895,0.470574523820095,2.2150411280846063,0.927787382895742,1.7625870163509794,20.0,13.95,27.14999999999999,16.0,21.25,0.04678151176184178,0.0326043681340836,0.0636045068445219,0.03750146588967274,0.0497312447099373,52.0,41.475,59.574999999999996,49.5,56.0
1952,20,52229.5,52138.8,52329.625,52182.75,52274.5,215.5,194.425,241.2,202.5,225.5,0.49751337289623343,0.4487179487179487,0.5548261142545917,0.46815416639274626,0.5198747430961258,45.5,34.95,55.525,38.75,49.0,45.5,34.95,55.525,38.75,49.0,167.5,154.0,198.525,161.0,176.75,0.0,0.0,0.0,0.0,0.0,8.715631171198542,6.489451476793249,12.485795454545451,7.246598847898026,9.939600840336134,47.26245210727969,43.613356179145654,52.19514157014157,45.635743284097785,49.440298507462686,24.67616580310881,20.334801762114537,27.82567114853547,23.31458464443046,26.341113841113845,1.3161945812807883,0.46164772727272724,2.2129221732745963,0.862845138055222,1.8391562294001318,20.0,13.475,27.14999999999999,15.0,21.0,0.0460079171051573,0.031001649705744847,0.06267073666300832,0.03468457125321642,0.04853675062594585,54.0,41.475,61.0,49.25,56.0
1953,20,53067.5,52968.55,53239.35,53029.75,53134.5,216.5,195.375,243.05,206.25,228.25,0.4941559860148731,0.44318794156855235,0.5510108885269319,0.4667845555720299,0.520197981516656,46.0,37.0,56.62499999999999,40.0,48.25,46.0,37.0,56.62499999999999,40.0,48.25,169.5,152.475,200.575,162.75,179.5,0.0,0.0,0.0,0.0,0.0,8.671679197994987,6.623729247421927,12.548926767676765,7.163039811066126,9.88666532806818,48.20040710584752,44.041666666666664,52.91159334904425,45.78570511173902,49.83183856502242,24.3981141554276,20.449594731509624,28.082815734989648,23.04931910195068,26.15975033738192,1.2557797393862966,0.46269873624133717,2.5883118089751926,0.9335839598997494,1.6043996000363603,19.5,13.475,27.14999999999999,16.0,22.0,0.04427265275302395,0.03050791738799745,0.061668719707172436,0.036461317583337774,0.05007548905836122,54.0,42.475,61.525,48.0,56.5
1954,20,53976.5,53818.3,54144.1,53902.0,54054.75,222.5,201.75,252.05,210.75,236.25,0.49772504978031207,0.44993657920334995,0.5619655996291765,0.4702793792764706,0.5305023878183981,46.5,37.0,55.67499999999999,42.25,49.25,46.5,37.0,55.67499999999999,42.25,49.25,174.5,159.0,207.67499999999998,168.75,185.0,0.0,0.0,0.0,0.0,0.0,9.266900871763415,5.914563868657888,12.660270788303901,7.106596654855235,9.964454976303317,48.269633619768285,44.25039661554733,52.810577545734176,46.380733392240344,50.22865001453521,24.551554547360794,20.924678505817514,27.168423364075537,22.939987000794396,26.268257439662577,1.3245097657011424,0.4608294930875576,2.497146710935879,0.9264177153129596,1.5658607932547537,20.5,11.95,28.099999999999994,17.5,22.25,0.04583132214709283,0.026648737799773562,0.06279435785300394,0.039158584301360794,0.049984384361676355,56.0,44.425,62.0,51.75,57.0
1955,20,54870.5,54707.625,55073.825,54818.75,54991.25,226.5,204.075,258.525,217.5,237.5,0.5021786214345246,0.4487222861819968,0.5683577475257171,0.4784332938687147,0.5234174930374196,47.0,38.0,58.14999999999999,42.75,51.25,47.0,38.0,58.14999999999999,42.75,51.25,177.0,158.95,213.2,173.0,189.0,0.0,0.0,0.0,0.0,0.0,8.93017322144039,5.845489604292421,13.049269005847952,7.186169686169687,9.435506131945266,48.84236928419834,44.701349527665315,53.47914576194172,46.859234141096685,51.37186293436293,23.895717473699126,20.578457680030866,27.392709107261563,22.88605442176871,25.873046498167085,1.3186876883839553,0.44826546003016593,2.4829600778967866,0.9101396003597544,1.5753096110238967,20.0,11.95,29.574999999999996,17.75,23.0,0.04406751919552396,0.026274830648415196,0.06515524144239815,0.03908820239745038,0.05075900106690805,55.0,44.475,63.574999999999996,52.0,58.25
1956,20,55809.5,55628.125,56045.5,55736.25,55926.0,235.0,210.075,261.675,221.75,239.25,0.5090635059132076,0.4551084780231577,0.5664146982460606,0.47992113479195264,0.5209125827608503,47.5,38.9,57.62499999999999,43.75,50.5,47.5,38.9,57.62499999999999,43.75,50.5,183.5,167.375,213.77499999999998,175.75,195.5,0.0,0.0,0.0,0.0,0.0,8.77815687137721,5.682619501762904,12.5323217570053,7.023917222661993,9.929163973281621,49.857960479592265,45.45405982905982,53.91720020085994,48.3266863187099,51.937749263048374,23.76798057164207,20.536030868703723,26.881496881496883,22.730486425339365,25.639946598560485,1.2658227848101267,0.43736345866390713,2.516613924050633,0.7204096213384139,1.7269282387305598,20.0,12.0,29.525,16.75,23.0,0.04344650572676835,0.025996326330698177,0.06413038123432063,0.03648295299525214,0.04996964331526251,55.5,46.425,64.57499999999999,52.0,59.25
1957,20,56761.5,56529.45,56929.6,56659.25,56883.25,235.5,214.6,265.575,227.75,245.5,0.5052178818032058,0.4588267492475028,0.5674187516293374,0.48511334478566603,0.524189712278651,48.0,37.9,59.05,44.75,52.25,48.0,37.9,59.05,44.75,52.25,185.0,172.9,217.67499999999998,178.75,196.5,0.0,0.0,0.0,0.0,0.0,8.471159103335154,5.9729936793717675,13.262905162064826,7.465627255117932,10.222672064777328,50.342011884913006,45.747078984265464,54.519489247311824,48.78365634442541,52.01498127340824,23.66780986097282,20.24629446640316,26.97936432637571,22.616293480955136,25.083333333333336,1.016612311455361,0.42080745341614906,2.666191832858499,0.7159498207885304,1.3527927047712098,21.0,12.95,32.0,17.0,24.25,0.044866522347641366,0.027628532435951716,0.0684733770863781,0.03643428618157887,0.051952668786275386,55.5,47.95,65.525,53.0,60.25
1958,20,57743.5,57483.075,57933.225,57634.5,57813.75,239.0,218.375,272.15,233.25,246.25,0.505793915907645,0.4599998315229044,0.5728119208208997,0.4919615324891247,0.5177834446158194,49.5,39.475,60.525,46.75,53.25,49.5,39.475,60.525,46.75,53.25,190.5,175.425,221.2,181.0,196.5,0.0,0.0,0.0,0.0,0.0,9.011764705882353,6.067885487528344,13.010204081632653,7.417899067276661,10.52282116860122,51.02857382269147,45.72704081632653,54.47636363636364,49.103872318158025,51.721451819401814,23.76207729468599,20.38882575757576,26.99185924369748,22.919937205651493,24.623206445861157,0.9802371541501977,0.41575899031811897,2.6003861003860997,0.8122448979591836,1.3332856734343723,22.5,13.95,31.525,17.75,25.0,0.047313106268126404,0.029290879158332343,0.06650957466760421,0.03730530223506384,0.05274653000910486,55.5,49.475,66.0,54.0,62.0
1959,20,58669.0,58455.8,58858.65,58576.75,58788.75,244.5,225.85,278.05,238.5,252.5,0.5075938777912524,0.468886414594271,0.5781328683741689,0.49552940986126026,0.5248473381078739,50.0,40.425,62.0,48.0,51.25,50.0,40.425,62.0,48.0,51.25,194.5,180.425,225.575,187.0,200.25,0.0,0.0,0.0,0.0,0.0,9.271771160640151,6.332517463777179,12.730204081632653,7.735470793632006,10.811154193645535,50.42591515469914,46.11366872330327,54.682647999765194,48.65179282868526,52.34094301033663,23.667787649115763,20.48047236801482,27.30111105902208,22.472710014238253,24.411434977578477,0.8403509701110463,0.4080867652938825,2.5687945890855177,0.764163002711093,1.6775368705564369,23.0,15.0,31.525,19.0,25.25,0.047917167680813263,0.031007922569917683,0.06556266675613764,0.03955399760039187,0.05273627904150481,58.0,49.425,69.0,54.75,62.75
1960,20,59443.5,59275.0,59731.625,59393.0,59569.5,247.5,229.475,278.525,241.75,256.25,0.5076309943114341,0.4709261774912371,0.5729651090895794,0.49644536244586135,0.5285472654893908,50.0,41.95,61.525,48.75,52.25,50.0,41.95,61.525,48.75,52.25,196.0,185.475,225.1,190.5,198.5,0.0,0.0,0.0,0.0,0.0,8.934767522553782,6.070793421608677,12.282774266731485,7.68455334987593,10.148128198222462,51.43835733442662,47.154535703340485,55.10373060822457,49.193548387096776,52.90343627664201,23.459164292497626,19.793388429752067,27.27352150537634,22.2163807415606,25.161664963300193,0.8267992278651839,0.18627450980392157,2.578008684863523,0.6463300607760636,1.6814945007157225,23.0,14.425,30.525,19.75,24.0,0.04729747190185381,0.0294727310162643,0.06283739290984053,0.04059555109621082,0.049456002494262304,58.5,47.9,69.0,56.75,61.0
1961,20,60196.5,60020.475,60553.925,60130.0,60329.0,249.5,232.85,280.575,246.5,256.5,0.5078786132485793,0.472888257901893,0.5712910620748431,0.49957396939041493,0.5225520049085303,51.0,42.475,61.0,48.25,54.25,51.0,42.475,61.0,48.25,54.25,198.5,189.425,225.625,194.75,204.0,0.0,0.0,0.0,0.0,0.0,8.80698365983016,5.638148667601683,12.059400392266738,7.5152400304800615,9.928385416666668,52.182745504840945,47.11154273029967,55.70306155595257,50.0,53.77597047566976,23.25721153846154,19.407630522088354,27.35610083623268,22.386264216972876,24.97654699621144,1.1787864752200092,0.0,2.557326536822884,0.7816211080882669,1.6592724046140195,23.0,13.425,30.525,19.75,25.0,0.046656190774158585,0.027126047526752368,0.06217555768033746,0.04005981102067784,0.05087634504732278,59.5,48.325,70.0,57.0,60.5
1962,20,60960.5,60715.625,61348.55,60902.0,61075.25,254.5,237.325,287.05,249.75,260.5,0.5122804494604558,0.4762361555857208,0.5788742799505959,0.5030148001503612,0.5213381647041893,51.5,41.0,62.574999999999996,46.5,56.0,51.5,41.0,62.574999999999996,46.5,56.0,203.0,188.95,231.05,198.0,208.75,0.0,0.0,0.0,0.0,0.0,8.95315404275093,5.669871794871795,12.367216959440814,7.661661048115231,9.606655940384453,52.2195102107233,47.87756932289933,55.70106132075471,50.59055118110236,54.3689041881813,22.754581673306774,19.47803117230828,27.215942454492072,22.26648815868147,24.531153004214723,1.1718928816662852,0.0,2.472941092364884,0.7960222601656864,1.6,23.5,13.95,31.525,20.5,24.0,0.04730493439863488,0.027921547853975485,0.06359788801890484,0.04130737812437684,0.04854264098987736,59.0,48.8,71.05,56.5,62.5
1963,20,61713.5,61474.325,62088.05,61649.5,61862.0,258.5,238.8,285.15,251.75,261.0,0.5136475705979759,0.4741034159320213,0.5692386382952961,0.5025447921390103,0.5218669305465472,53.0,43.0,63.525,47.25,55.5,53.0,43.0,63.525,47.25,55.5,205.5,190.95,229.05,199.5,209.25,0.0,0.0,0.0,0.0,0.0,9.004360911491922,5.687556916963325,12.379160315040647,7.868089764641488,10.02734626344333,52.08913405130899,48.169820496949335,56.00964591933947,50.59299481610239,53.81520791832669,22.684795813475375,19.572131951045627,27.475044896737504,21.862599206349206,25.20099464543909,1.2906152069932377,0.0,2.5136112796082313,0.8089592848119717,1.5841771254901342,23.5,13.95,31.14999999999999,20.75,25.5,0.04687060641276479,0.02764163878790623,0.06223007226807926,0.04138828338892847,0.051044730549657746,59.5,50.8,71.0,56.0,63.5
1964,20,62451.5,62205.775,62898.625,62409.75,62593.0,259.5,240.8,288.675,257.5,264.0,0.5125973333175675,0.47388400652796403,0.5716022017266149,0.5062324851837703,0.5231594331399573,50.5,44.0,64.0,48.75,57.0,50.5,44.0,64.0,48.75,57.0,208.5,193.0,235.05,202.75,213.0,0.0,0.0,0.0,0.0,0.0,8.826303534058418,5.641464249059186,12.143162393162392,7.7213303529093,9.73938223938224,52.86384533031047,48.64344280074617,56.94444444444444,50.91624591624591,54.75511497374615,22.57750821183657,19.849005557180465,27.1743762993763,21.629946960424316,24.277210884353742,1.4622106597291706,0.0,2.486334649255997,0.7905505952380952,1.5596160944998154,23.0,13.95,31.14999999999999,21.5,25.25,0.045503115503157734,0.027375113037228158,0.0616679148223194,0.042534475011609126,0.050189784564017334,60.0,51.9,70.525,56.0,61.25
1965,20,63242.5,62978.95,63677.4,63147.5,63325.75,266.0,238.8,288.625,259.25,270.25,0.521439299717049,0.4655777939431337,0.5668116083672909,0.5036490351410758,0.5301887751211999,51.5,43.475,63.525,48.0,57.25,51.5,43.475,63.525,48.0,57.25,211.0,190.325,234.0,202.75,219.25,0.0,0.0,0.0,0.0,0.0,8.60717879906072,5.8308756460930375,11.64141414141414,7.901519262072707,10.15080958687572,52.50290135396518,48.312965639162094,57.10285273903376,51.26510095463378,54.38492063492063,22.732744783306583,20.215698653198654,26.85393258426966,21.68555129081445,24.031955938268844,1.5037593984962405,0.0,2.565179469976518,0.7897906244209746,1.779353605196302,23.5,14.95,30.099999999999994,21.75,27.0,0.04620012252603106,0.02906233933530801,0.05904521264404801,0.04267053950489763,0.05289605962428931,60.0,53.475,71.57499999999999,57.0,63.5
1966,20,63977.5,63732.975,64474.4,63922.5,64103.75,266.0,245.275,290.875,261.25,274.25,0.5173798700030544,0.47450303075067124,0.5665191843986102,0.5027896941586891,0.5332713234272289,52.0,43.0,66.525,47.0,59.5,52.0,43.0,66.525,47.0,59.5,214.5,195.9,234.25,206.25,220.5,0.0,0.0,0.0,0.0,0.0,8.8339222614841,5.962156726109404,11.516519400691509,7.784548788702876,10.267942583732058,52.85031450229462,48.68309447206786,57.80766028907293,50.90285966981132,54.55968992248062,22.713868613138686,20.70071770334928,26.936941410129094,21.697540800911366,23.934775261912808,1.3132102272727273,0.0,2.713373199238923,0.7744455418874023,1.7812927187846586,25.0,15.0,31.049999999999997,21.75,28.0,0.04832522005140651,0.028892394141753774,0.06025380219311707,0.042196870657473434,0.05430937571644945,62.0,54.475,71.525,57.75,64.25
1967,20,64713.0,64470.65,65226.825,64656.5,64854.5,269.0,247.075,294.72499999999997,265.75,278.5,0.5180751646209264,0.4736334449224963,0.5692293245360409,0.508245810497814,0.5372770981134758,54.5,43.475,64.525,48.0,59.25,54.5,43.475,64.525,48.0,59.25,219.0,195.8,235.14999999999998,209.5,226.5,0.0,0.0,0.0,0.0,0.0,9.167807792854475,5.9416978639066285,11.295334893243638,8.323141816003595,10.37008762612852,52.58041958041959,48.421866941722534,57.298510185466704,51.12571540792278,54.477303090148695,23.174825174825173,21.05146465228924,27.366457187745482,21.630102749236322,24.315944733752747,1.4661654135338344,0.0,2.8683635858726095,0.7562158112711492,1.8335611756664387,25.5,15.0,30.0,22.75,28.0,0.049078401823458254,0.028651014926303186,0.0576420765953556,0.04388365730771748,0.05367508327145269,62.5,56.475,73.05,59.0,66.0
1968,20,65478.0,65230.325,65961.7,65398.5,65677.0,276.0,252.5,296.825,267.5,281.25,0.5261955624322969,0.4801196669935702,0.566511639980375,0.5101980293444556,0.5370965444176055,57.0,45.0,65.525,50.0,58.25,57.0,45.0,65.525,50.0,58.25,222.5,200.8,239.34999999999997,211.0,227.25,0.0,0.0,0.0,0.0,0.0,9.544567338972023,6.18211747100636,11.867516032007263,8.333333333333332,10.270541757678721,52.37225542201034,48.34117812133272,57.509057971014485,51.08117483811286,54.54434034208519,22.86559275106972,20.4566357555488,27.541974295870933,21.528146574614976,24.72152603731551,1.2777815080910493,0.0,2.8461920119077138,0.9901385927505331,1.7657342657342658,26.0,16.0,31.525,23.75,28.25,0.04983929602357404,0.030316832495314167,0.0601022784311483,0.04534299135596606,0.05397726052275313,61.5,57.0,74.57499999999999,60.0,67.0
1969,20,66238.0,66023.1,66723.75,66142.0,66399.0,280.0,254.55,299.775,272.0,283.5,0.530778172129469,0.48019148893382096,0.5671897874072562,0.5115176437453876,0.5395418495648093,55.0,47.0,66.1,51.0,60.25,55.0,47.0,66.1,51.0,60.25,223.0,201.375,244.29999999999998,214.25,231.25,0.0,0.0,0.0,0.0,0.0,9.819190834228428,6.096895787139689,11.943169968717413,8.473363123110268,10.184017013913921,52.594726062468,48.224381625441694,58.142424242424234,51.00861910874748,54.53077507598784,22.9282622139765,20.310996563573884,27.42390897171755,21.52375761220961,25.2847858854926,1.1278195488721803,0.0,2.962128314223215,0.9719554360353437,1.5573728134769915,27.5,15.9,33.05,24.75,29.0,0.051848196742430186,0.029887781628603633,0.06251888035478997,0.04686229914614205,0.05484867369078355,64.0,58.0,75.57499999999999,60.0,68.75
1970,20,66995.5,66726.975,67466.55,66900.25,67108.5,282.5,257.8,303.4,274.25,289.5,0.5329615663419688,0.48532250814872563,0.5707231552917462,0.5156796738314012,0.5437984949058141,55.5,48.0,67.525,50.75,61.5,55.5,48.0,67.525,50.75,61.5,225.0,206.475,248.29999999999998,214.25,232.0,0.0,0.0,0.0,0.0,0.0,9.347160702732294,6.16490982981966,12.63403909396593,8.294786096256685,10.56773773339123,52.21896809571287,48.14983573216521,57.7362672663026,51.07504160173274,54.79833604630133,22.99495777899277,19.22685151799236,28.195292620865136,21.644914820501572,25.34227447347628,1.1239896722047598,0.0,2.9636675081139554,1.0526315789473684,1.7219387755102042,26.5,16.425,36.05,23.75,29.25,0.0499199289207098,0.0307152939121372,0.0677637619752566,0.04447964674171679,0.05509634492137909,64.5,55.425,77.57499999999999,62.5,70.5
1971,20,67746.5,67461.075,68191.5,67632.0,67822.0,284.5,264.475,305.72499999999997,280.0,296.0,0.5322886596599146,0.4951018814806498,0.5716558263836813,0.5178734170575495,0.5504905033728515,56.5,48.95,69.57499999999999,53.75,63.5,56.5,48.95,69.57499999999999,53.75,63.5,228.0,209.475,248.625,218.5,234.25,0.0,0.0,0.0,0.0,0.0,9.434828682444365,6.421701445055538,12.43679691418472,8.345983595055555,10.316845084286944,52.478728728728726,48.1477028990521,57.77620730270907,51.3865267074143,54.40028430275913,23.398631840796018,19.108527131782946,27.903578862552877,22.465924579736484,25.409929835265405,1.0970718010429201,0.0,3.087907495123989,1.0428520625889046,1.6891095874272521,27.5,17.475,36.05,23.75,30.25,0.05131516956964377,0.032467175935862055,0.0672859730882365,0.04418945347277672,0.056290719749113385,67.0,55.95,77.57499999999999,64.0,73.0
1972,20,68459.0,68140.9,68900.7,68340.25,68566.75,289.0,261.375,310.525,279.75,298.75,0.5360184900305027,0.4869064601415484,0.5776315718118072,0.5171720688013105,0.553287229054575,56.0,47.95,69.525,54.0,63.5,56.0,47.95,69.525,54.0,63.5,228.5,207.375,251.575,219.5,242.5,0.0,0.0,0.0,0.0,0.0,8.983319730080815,6.39793473605311,12.232029802604396,8.293706293706293,10.152763151296323,53.21037549519929,48.54575511945393,58.231097761299104,51.50565790704199,54.22647616921532,23.662305436498983,19.74937080536913,28.126730971253934,22.164215951925048,25.772727272727273,1.1246051246051247,0.32203609584068044,3.054267345480933,0.9462062569114971,1.7710627031561288,26.5,17.475,36.05,22.0,29.25,0.04904056394704076,0.03226203207936311,0.06683258690635246,0.04105457854734764,0.054404489869090744,69.0,58.475,79.05,64.0,71.5
1973,20,69181.0,68866.3,69608.775,68999.25,69289.25,291.5,262.9,311.575,281.5,298.75,0.5367158794016226,0.4838045124051831,0.5759644737165769,0.5174612787147115,0.5504954778479794,57.5,47.95,73.14999999999999,53.0,66.25,57.5,47.95,73.14999999999999,53.0,66.25,232.5,207.475,250.525,218.75,243.25,0.0,0.0,0.0,0.0,0.0,9.02703186537773,6.102662454873646,12.20709068776628,8.12851552946931,10.370920628525383,53.68206235190492,47.9752801396475,57.699419742729305,51.63556920170052,54.747413268411435,23.768421780945133,20.07354058503229,28.519499178981935,21.942654464720853,26.109705112459213,1.126183231913455,0.32095743584458414,3.185911016949152,0.9444287530009885,1.852129484150305,27.0,17.0,35.099999999999994,22.75,30.25,0.049652039839003737,0.031148612890681777,0.06491847126275792,0.04196660272852767,0.0558472240431419,70.0,56.375,79.57499999999999,65.5,73.0
1974,20,69878.0,69560.85,70299.575,69753.75,69996.75,296.0,266.0,316.05,280.0,304.75,0.539142158167927,0.48605902911713833,0.5798122224571245,0.5130838190874172,0.559678365976109,57.5,48.9,74.19999999999999,54.75,65.75,57.5,48.9,74.19999999999999,54.75,65.75,232.0,212.475,253.0,222.75,246.25,0.0,0.0,0.0,0.0,0.0,8.98041474654378,6.598214285714286,12.083190468026743,8.396464646464647,10.25062656641604,53.47018572825024,48.52854945688744,58.25000000000001,52.00892857142857,55.06578947368422,23.72119815668203,19.65343045112782,28.824248120300748,22.303554368594757,25.851370851370852,1.2320788530465951,0.32033826899166656,3.111705525391248,0.7283834586466165,1.8154761904761905,27.0,18.475,34.574999999999996,24.5,32.0,0.04930001762507412,0.03364204665518725,0.06314242292289515,0.04472356175273639,0.05844672237274316,70.0,55.85,81.1,66.0,74.5
1975,20,70550.0,70236.375,71004.425,70413.5,70708.5,300.0,270.075,320.525,282.5,306.25,0.542765752940853,0.49035409585419715,0.584438494362011,0.5148771645261376,0.5585542533528249,60.0,49.95,74.625,57.25,66.25,60.0,49.95,74.625,57.25,66.25,232.0,211.75,256.525,224.75,249.0,0.0,0.0,0.0,0.0,0.0,9.120313325118817,6.381927241175508,11.864260277287972,8.448960979740733,9.926391285591027,53.94473936226812,48.18489346932237,58.05897887323943,51.74385671512961,54.854522454142945,23.8859938993391,20.141253869969038,28.044640189073917,22.390897359959382,26.090506049232932,1.1891002066477534,0.31628452084021996,3.0784543325526927,0.9383480003043291,1.6752487446531523,27.0,18.0,36.05,25.0,30.25,0.04907643710387991,0.03257959480330036,0.0655809514998607,0.04537713241008375,0.055343342672525594,69.5,58.95,81.14999999999999,67.0,76.25
1976,20,71274.0,70927.075,71696.425,71082.25,71402.5,302.0,270.75,321.15,285.0,310.5,0.5436540259869387,0.48832972369344557,0.5815720736917269,0.5153091569663634,0.5636228014845186,62.0,51.95,75.625,57.0,65.5,62.0,51.95,75.625,57.0,65.5,233.0,213.275,257.1,227.75,251.75,0.0,0.0,0.0,0.0,0.0,9.046873368827644,6.438626843926425,11.887428048142333,8.717105263157894,9.622252747252748,54.040197581331974,48.00758765044479,58.38136182039256,52.180451127819545,54.86360015929908,23.78747795414462,19.758624447350396,28.6217394197498,22.43900921085387,26.046142141066955,1.1845039018952062,0.31428062678062674,3.0593630835823964,0.9281015037593985,1.465172833072781,27.0,18.475,36.574999999999996,25.0,29.25,0.048775158117742023,0.033241363377308986,0.06608527345095194,0.04540689148150079,0.05275695846788274,70.5,58.95,86.19999999999999,66.75,77.25
1977,20,71968.0,71581.775,72373.5,71788.0,72089.5,303.0,272.7,322.525,291.0,312.25,0.543182334015841,0.49175553165386143,0.5829408395526942,0.5204445485045492,0.5587769912957213,61.5,53.475,77.625,56.75,66.0,61.5,53.475,77.625,56.75,66.0,237.0,213.425,260.525,229.5,250.0,0.0,0.0,0.0,0.0,0.0,9.35969360233035,6.852218324880315,12.1221035892776,8.77770824412898,9.812331359993557,53.46307234085516,47.661133301438596,58.326353092783506,51.6136810592111,54.91928053519209,23.886465767909066,19.380172128434292,29.06023820706432,22.481258518855064,26.353860313564525,1.3053384723493964,0.3157645061420154,3.0006270903010033,1.0128124897071902,1.7211857453715265,28.5,19.9,36.574999999999996,26.0,29.25,0.05124852542036508,0.03552627793162092,0.06570063797530513,0.04652939351307557,0.05274055770150157,72.0,59.325,86.725,67.75,78.75
1978,20,72629.5,72245.025,73056.05,72415.5,72768.5,306.5,274.9,326.2,292.5,315.5,0.5447268043433182,0.4923853477059165,0.5833610847677042,0.5200863884301945,0.5627311223011272,63.0,52.9,78.14999999999999,59.75,70.0,63.0,52.9,78.14999999999999,59.75,70.0,236.5,212.225,265.1,229.75,247.75,0.0,0.0,0.0,0.0,0.0,9.29788140104333,7.093488072211476,12.216494845360822,8.439265536723163,10.05591054313099,53.699430570545985,47.75531563291837,58.678512848551115,51.21153846153846,55.36587732919255,23.880876362435316,19.132308467741936,28.667275216795986,22.655470568673095,25.933168316831683,1.2990436423834075,0.3098845598845599,2.8643189402366267,1.0221553768727945,1.785954301075269,28.0,20.85,37.62499999999999,26.0,31.25,0.049763187843972836,0.03697351133975925,0.06711253052082788,0.046533304898741114,0.055946983927677704,72.0,60.275,86.19999999999999,68.0,77.25
1979,20,73285.5,72816.175,73733.675,73040.75,73394.0,311.5,277.75,325.1,296.5,318.5,0.551743464465118,0.4948435415220337,0.5791428751767618,0.5243614463796853,0.5635635423535672,63.0,56.85,80.19999999999999,62.0,71.5,63.0,56.85,80.19999999999999,62.0,71.5,238.0,212.475,261.675,234.75,251.0,0.0,0.0,0.0,0.0,0.0,9.373492624376016,7.1810935285781765,12.960067200827083,8.33966121495327,10.202847466998412,54.08659664068929,47.99623817081056,58.42577500798978,51.22015915119363,54.883170871559635,24.276905436079847,19.245098039215687,29.113695510735198,22.188836052700463,25.953125000000004,1.2761800085485744,0.6198430557959725,2.669649679656733,1.0058696774483176,1.7529965753424657,28.0,20.9,41.19999999999999,26.0,31.25,0.04977359388256583,0.03683185854194478,0.07305860472018252,0.0460167287990741,0.05557271535842583,75.0,61.375,88.77499999999998,69.0,78.25
1980,20,73900.0,73378.925,74353.275,73659.5,74010.75,313.5,277.7,328.05,299.5,323.5,0.5531605099047814,0.49189154671705615,0.5811342642978362,0.5260496391108073,0.5687332257889882,64.5,57.425,85.67499999999998,63.0,73.0,64.5,57.425,85.67499999999998,63.0,73.0,240.0,211.475,263.525,235.25,256.75,0.0,0.0,0.0,0.0,0.0,9.276550707722134,7.287990975877827,12.593376130726579,8.576923076923078,10.21620647980291,54.25813113061435,48.06462270384564,58.75322497420021,51.02302308092786,55.140148135853444,24.55211726384365,18.691950464396285,28.876513317191282,22.290550663957475,26.244777586630626,1.2904434338283504,0.62562469377756,2.604401700635873,0.9975247524752475,1.8150316769473234,29.0,21.425,40.19999999999999,27.0,31.25,0.05144633243193617,0.03755708015617049,0.07084156915230214,0.04732546984637432,0.055209014214298135,75.0,60.375,89.14999999999999,67.75,83.0
1981,20,74485.5,74003.425,75026.925,74222.75,74635.25,318.0,282.075,334.525,302.5,326.0,0.5555507180393915,0.4965029403506656,0.5880207331895657,0.5277539838904359,0.5712671360307281,66.5,58.0,87.1,64.0,74.75,66.5,58.0,87.1,64.0,74.75,243.5,211.9,268.0,238.0,258.0,0.0,0.0,0.0,0.0,0.0,9.245981720768988,7.056024144950319,12.655922143842048,8.835958245581907,10.342805005213766,53.620925745347414,48.16237776634071,58.69604750231081,51.434677126791215,55.150287065180684,24.4998244998245,18.357024196121863,28.877337947865602,22.716505325200977,26.266047432410815,1.2678575016576583,0.7662701694328519,2.44207237698516,1.0017440833627693,1.7924174174174174,29.0,21.85,40.19999999999999,27.75,32.0,0.05114818879182769,0.03802671737520347,0.07038310089176436,0.04834934700695083,0.056332077649809464,75.0,59.95,89.1,71.25,82.25
1982,20,75117.5,74634.925,75613.575,74830.75,75301.25,314.5,282.75,334.675,301.5,326.25,0.5466165473792969,0.49430696975708355,0.5833792021313298,0.5216187909424546,0.5652316614309252,69.0,55.95,87.57499999999999,65.75,74.25,69.0,55.95,87.57499999999999,65.75,74.25,241.0,212.475,271.1,235.5,254.0,0.0,0.0,0.0,0.0,0.0,9.70061522786943,6.989953473051427,12.745101124538433,9.090909090909092,10.734522876604979,54.355341171741536,49.51333217569145,59.26189388824908,51.5917225950783,55.35299806576403,24.318493008588852,18.338513968991087,28.81298562445748,22.82304173813608,26.430068655446867,1.2945119396732299,0.7589209855564996,2.445015072010718,1.1761285835380033,1.7935574574636208,30.0,21.85,40.72499999999999,28.0,34.0,0.05257487864095658,0.03779732736424278,0.07091491629381423,0.04856105122729792,0.05890211986457204,75.5,60.0,88.57499999999999,72.75,82.0
1983,20,75740.0,75229.875,76368.05,75523.5,75992.75,316.0,276.225,336.05,307.25,325.5,0.5448127205562475,0.4790964963179043,0.5784152827571329,0.5267081450626938,0.5624143376292017,71.0,56.9,89.0,64.75,75.0,71.0,56.9,89.0,64.75,75.0,242.0,208.9,269.2,234.75,254.25,0.0,0.0,0.0,0.0,0.0,9.997731045271617,7.21137813164367,13.18163313406612,9.249471458773785,10.873015873015873,54.885609700297415,50.20454545454545,59.303237634428925,52.52273219311539,55.90352653138095,24.653397391901166,18.730674365419873,29.225577926920206,23.22651985695464,26.715210355987054,1.2903225806451613,0.7579051383399209,2.589577151335311,1.0962157493915363,1.7886922920479968,31.5,22.375,41.774999999999984,28.0,34.5,0.05440784287094109,0.03854240249486056,0.07224303971443792,0.048140990566392435,0.05965048564336752,76.0,61.0,90.05,74.75,83.25
1984,20,76470.0,75896.225,77128.725,76167.75,76692.25,318.0,274.85,337.15,309.5,328.0,0.5437053307240065,0.4730597035346177,0.5747435211018755,0.5260360388925256,0.5650672688848657,71.5,57.9,91.1,64.75,76.0,71.5,57.9,91.1,64.75,76.0,240.5,208.95,269.575,233.5,257.5,0.0,0.0,0.0,0.0,0.0,10.091440422322774,7.376470588235295,12.994282447112633,9.30046213476446,11.163321505137873,55.104918550072966,50.653669724770644,60.31399824934848,53.32720588235294,56.39971139971139,25.078280067506608,18.83370052348134,29.2938679245283,23.462563172929023,26.682692307692307,1.282051282051282,0.6386436104979152,2.6096392121417544,1.1848262032085561,2.0255255255255253,32.0,22.8,42.19999999999999,29.0,36.0,0.05479976243950857,0.039152288120099674,0.07238570568132192,0.04925020190257435,0.061072383337053775,77.0,61.375,93.525,75.0,83.25
1985,20,77204.5,76616.85,77957.5,76821.5,77412.5,319.5,277.225,344.525,309.0,328.75,0.5450110309379831,0.47394076012440606,0.5830968142764834,0.5206539760291601,0.5607050642578014,72.5,57.95,89.525,66.75,74.5,72.5,57.95,89.525,66.75,74.5,244.0,210.9,274.825,237.75,258.75,0.0,0.0,0.0,0.0,0.0,9.993723098995696,7.400926585887385,13.474631742517772,9.247946181574314,11.423076923076923,55.65483313389177,50.915806754221386,60.6752464192207,53.770075310770345,56.8119916337439,25.040192926045016,19.181580975063042,29.1937263556116,23.996884735202492,27.00486261191726,1.2903360076587687,0.6345461694341107,2.5685150650870265,1.1793497519489724,2.004110742409985,32.5,22.8,43.19999999999999,29.0,36.25,0.055371149840706235,0.038934582873840544,0.07362086901987862,0.049136282400086856,0.06187387810726962,79.0,63.85,93.67499999999998,74.75,84.75
1986,20,77967.0,77322.275,78702.9,77489.75,78111.25,320.0,275.55,339.1,310.75,329.0,0.5409460278743448,0.4678806365847307,0.5724637514313515,0.5192873018439126,0.5519234747243261,71.5,59.95,87.0,67.0,76.25,71.5,59.95,87.0,67.0,76.25,245.5,210.75,272.575,235.5,255.5,0.0,0.0,0.0,0.0,0.0,10.545592321293256,7.086887982195846,13.992907801418438,9.240046498111013,11.716607815674747,56.473842263315944,50.58148270577275,61.87006541845252,53.86178023428477,57.7647398374717,25.281120436849022,18.991553172732672,29.930667202572344,24.50858690522601,26.920839075179913,1.288248107042838,0.774737143195313,2.721056993497386,1.1817997773053954,2.1084914701935977,34.0,22.325,44.19999999999999,27.75,38.0,0.05731514189292282,0.037667436075302055,0.0748074531324134,0.046666421549023104,0.0641257456748223,81.0,63.275,94.525,72.5,84.0
1987,20,78667.0,77935.175,79391.05,78242.5,78817.0,323.0,276.55,341.525,307.5,329.5,0.5416454521982583,0.4663284240621875,0.5707180460348044,0.515017877863198,0.5505481169687575,70.5,60.475,86.05,66.0,77.0,70.5,60.475,86.05,66.0,77.0,246.0,212.225,270.72499999999997,232.5,259.25,0.0,0.0,0.0,0.0,0.0,10.564124023593177,7.138929618768328,13.924481862548326,9.79329109811566,11.62577137819571,56.522897833873444,51.345029239766085,62.5731981981982,54.61857943771127,58.10496234837895,25.35104084838963,19.26584777654105,29.80034477905995,24.517963085036257,27.587670083261827,1.2924374660709066,0.6355349157206742,2.686170212765957,1.1017900010437323,2.136417184442038,34.0,21.85,43.72499999999999,29.5,38.0,0.056777699625114704,0.036584368928749764,0.07351967315370375,0.04921691502419852,0.06374350655483366,81.5,64.325,95.57499999999999,71.75,85.25
1988,20,78769.0,78115.15,79536.825,78392.5,78997.25,324.0,278.5,341.05,309.5,329.25,0.5407982427109064,0.46743297752262614,0.5675734044118126,0.5119365898596819,0.5451884314081862,71.0,59.0,86.525,65.5,75.75,71.0,59.0,86.525,65.5,75.75,247.5,212.75,272.625,235.75,257.0,0.0,0.0,0.0,0.0,0.0,10.477682811016145,7.396271972184663,14.152301090017353,9.833484026522001,11.854433909648634,57.20733167541678,51.64493006993007,62.62222222222223,54.80055477418347,58.46626037802509,26.045687361302466,20.105697803066224,30.08908188585608,24.496506986027942,27.513616557734206,1.288248107042838,0.4636644219977553,2.7651958470976874,1.0166419508980062,2.1037711810421706,34.0,23.375,44.14999999999999,30.0,39.0,0.05623171490367043,0.038936056676192966,0.0741383869654924,0.05013602287181704,0.0648213985479093,84.0,65.95,96.625,72.5,87.5
1989,20,79472.5,78809.225,80265.375,79036.5,79770.0,322.0,275.4,340.575,310.75,331.0,0.5349508789621724,0.45839474002756025,0.5655574977586155,0.5095661498041084,0.5482988069114395,69.0,63.475,88.67499999999998,65.75,76.25,69.0,63.475,88.67499999999998,65.75,76.25,247.5,205.65,272.72499999999997,236.0,258.5,0.0,0.0,0.0,0.0,0.0,10.566188197767143,7.5299162059268046,14.505515609636184,10.068062878535446,11.966404614084714,57.121212121212125,51.36476085761407,62.607894736842105,55.06193245381522,58.775811209439524,26.202651515151516,20.360192516689953,29.989698725030603,24.812874251497007,27.425855473347905,1.2779552715654952,0.4605761562998405,2.7607361963190185,1.112689393939394,2.10215931772818,33.0,24.375,46.67499999999999,30.75,39.25,0.0547084358661572,0.04028985693665111,0.07765522553716998,0.05060561913325229,0.06487875650493681,84.5,66.475,96.1,74.5,89.5
1990,20,80180.5,79489.0,80940.95,79702.75,80477.25,317.0,268.45,341.1,310.5,331.25,0.523996469216961,0.44431127065159237,0.5585216314898853,0.5071797832321212,0.5438301634948399,86.0,70.475,106.19999999999999,79.75,90.25,86.0,70.475,106.19999999999999,79.75,90.25,230.0,189.85,254.525,224.0,242.75,0.0,0.0,0.0,0.0,0.0,10.97080114854208,7.743220880269424,15.216114457831326,10.223953261927946,11.946234259284015,57.14370900417412,52.493730594697865,63.52421728659352,55.51120448179272,59.1165922753425,26.43617021276596,20.436569500013608,29.97347942042831,24.99545826142247,27.49338749291517,1.271889028187811,0.5919226097518654,2.8919611919611916,1.139950166112957,1.9731617143639602,34.0,24.9,46.67499999999999,31.5,40.25,0.05574730835203791,0.04089806580279079,0.0773124095221973,0.05115959555924124,0.06606611216792782,83.5,66.9,95.0,74.0,90.25
1991,20,80824.5,80058.0,81538.625,80356.0,81121.5,319.5,268.25,337.675,307.5,328.25,0.5218980197311309,0.4416559686189462,0.5508174964514502,0.5034525716489638,0.5356563048135009,99.5,81.85,120.625,92.5,105.0,99.5,81.85,120.625,92.5,105.0,219.0,179.275,240.1,208.75,225.75,0.0,0.0,0.0,0.0,0.0,10.960528972339997,7.74460149764904,15.023411747078214,10.211860625934104,11.976047904191617,57.79429440478818,52.85208894878706,63.312855995326416,56.40400232822418,59.83809507085536,26.64586079797681,20.813449320870454,29.7418150825839,25.23337025066112,27.444031295995043,1.2951630480342025,0.5982153340378068,3.0276602757787177,1.1499112786957968,2.1400657847251576,34.5,24.9,47.099999999999994,30.75,40.0,0.05667057023430212,0.04066715578551871,0.07745908025886791,0.04970874010336022,0.06530474766933936,84.0,67.475,95.05,74.75,90.25
1992,20,81338.0,80560.6,82098.5,80922.0,81639.0,318.5,269.575,339.1,305.75,327.5,0.5208991757056189,0.44178944058666814,0.5515482838814468,0.5005440188407144,0.5322988291482595,111.5,92.225,130.625,102.75,117.5,111.5,92.225,130.625,102.75,117.5,206.5,166.425,227.525,195.25,214.0,0.0,0.0,0.0,0.0,0.0,11.364199854911432,7.657122507122507,15.27754422274682,10.145206012550469,12.557513733582443,58.26071169208424,53.35445001810002,63.43417452113104,56.43571583044984,59.867343258976874,26.62455160153646,21.30705773293282,30.058060109289617,25.29879964968317,27.578101149893158,1.4107360836815102,0.4581086381017747,3.1376748677694,1.0236447520184544,2.1370445239205926,36.5,24.85,46.574999999999996,30.75,42.0,0.05960675305475577,0.040434543468420514,0.07642753076121711,0.04950971855200615,0.0679033797693728,85.0,67.425,95.67499999999998,75.75,90.0
1993,20,81776.0,80912.45,82515.825,81352.5,82080.75,318.0,268.05,340.1,305.0,331.25,0.517701829447264,0.43836744996216664,0.5512378741123178,0.4933936952825811,0.5390770976286622,120.5,106.275,145.05,115.75,135.25,120.5,106.275,145.05,115.75,135.25,193.5,149.9,215.625,179.75,202.0,0.0,0.0,0.0,0.0,0.0,11.47340725427551,7.740343946084128,15.556066176470589,10.17114230216301,12.768252315245284,58.36996193242024,54.2620510248856,63.34772153894671,56.987028301886795,60.17095501829107,26.394444444444446,21.493055555555557,30.22229526954462,25.51334299933383,28.088550532753292,1.4018966260433403,0.4532414271136185,3.153148307515777,0.9725156362198332,1.966010733452594,36.5,24.9,48.574999999999996,30.0,42.0,0.058994975729496364,0.040722308243317455,0.07944848766424166,0.04897757396391556,0.06841038496829686,85.0,67.9,97.19999999999999,76.0,87.5
1994,20,82069.5,81223.125,82860.975,81645.25,82405.0,314.5,267.675,341.625,303.25,329.5,0.5128663119038281,0.4376662710634234,0.552755927349116,0.49147902029792373,0.5368547319592951,136.5,115.275,157.1,124.0,143.75,136.5,115.275,157.1,124.0,143.75,179.0,141.475,206.2,167.25,188.5,0.0,0.0,0.0,0.0,0.0,11.667192097519965,7.778471036385131,15.591421213584418,10.07328990228013,12.810736617355497,58.57236284587893,54.19727107723987,63.76576305220883,56.80485498108449,60.851325856828424,26.626984126984127,21.385279490053236,30.28481318108549,25.444921915941727,28.88217238787271,1.215850402357789,0.459763571379068,3.0120481927710845,0.9967105263157895,2.056805184902783,37.5,24.9,47.574999999999996,30.0,42.0,0.06066269312989503,0.040701167868613344,0.0779893910055478,0.04889367260347467,0.0683908644311437,84.5,67.475,97.67499999999998,76.75,89.0
1995,20,82384.0,81497.0,83139.85,81926.25,82643.25,314.5,269.675,341.05,303.75,325.25,0.5091424074724216,0.4386076084319567,0.5521079661760345,0.489183587231349,0.5288732858537613,148.0,127.95,165.05,137.0,156.0,148.0,127.95,165.05,137.0,156.0,168.5,131.275,195.825,155.0,175.5,0.0,0.0,0.0,0.0,0.0,11.869605686241327,7.978365384615385,15.243556701030927,10.389063359618557,13.194524829262646,59.33259992665933,53.96875,63.65318251533742,56.87407664899626,60.962467076382794,26.593973359324238,21.225144352219417,30.335937499999996,25.83726106310553,28.274330648498935,1.553362573099415,0.4568494162849121,3.0074882713821722,1.1435587304164299,2.3181899004267423,36.5,24.9,47.525,30.75,41.25,0.05915277492068872,0.04082915038034713,0.07792382344506128,0.04988115508718031,0.06715616464363414,85.5,65.475,99.625,77.0,87.25
1996,20,82623.5,81762.775,83386.35,82153.5,82883.0,312.0,274.4,338.575,298.0,323.25,0.5084460053381372,0.448161991372122,0.5499744774408452,0.4834448790429338,0.5262915499487826,156.5,139.9,180.2,149.0,166.0,156.5,139.9,180.2,149.0,166.0,152.0,125.475,182.14999999999998,141.0,161.75,0.0,0.0,0.0,0.0,0.0,11.964754749251725,8.059886605244508,15.454189920514121,10.77500512400082,12.666666666666668,59.07501392585257,54.27564987347596,64.1132889506512,57.451800232288036,61.59084781375803,26.875,21.51639884398505,30.203592146363228,25.42877405147155,28.217114660433708,1.6194968553459121,0.28189910979228494,3.2367712540126323,1.1132452667476773,2.4503863051052868,37.5,25.425,48.05,31.5,40.5,0.0609235599244707,0.04182944414886538,0.07903527283076159,0.05121351510709264,0.06620405510312237,84.0,65.9,99.14999999999999,77.75,87.25
1997,20,82779.5,81869.7,83526.775,82331.75,83043.75,309.5,271.025,335.575,295.5,325.25,0.506481274997036,0.44366677657739695,0.547228201204959,0.4849523658600246,0.5309894856809714,167.0,145.65,194.77499999999998,158.25,172.75,167.0,145.65,194.77499999999998,158.25,172.75,139.0,119.85,169.625,130.75,151.0,0.0,0.0,0.0,0.0,0.0,11.821673749591369,8.348951048951049,15.73049130581904,10.670347678272249,12.6010101010101,59.20383963862224,54.60439033742332,64.57090132090133,57.91439393140121,61.82926272540516,26.530432530432535,21.877245508982035,30.837981037367538,25.801411743548243,28.359962406015036,1.63039437487387,0.2878787878787879,3.1132734530938113,1.1182941968884546,2.4252417237625665,36.5,24.95,48.0,31.0,39.5,0.059608089385476126,0.041215326358254804,0.07925607355256668,0.0510250857488926,0.0652980383934137,84.5,65.85,101.19999999999999,79.0,87.25
1998,20,82849.0,81898.0,83621.025,82358.75,83150.0,305.5,274.7,330.525,297.25,323.0,0.5032628082157733,0.4516964814262985,0.5472836974230967,0.4852144110557228,0.5279782089904824,176.0,157.8,198.825,168.25,182.0,176.0,157.8,198.825,168.25,182.0,130.5,113.95,153.67499999999998,121.75,141.25,0.0,0.0,0.0,0.0,0.0,12.026560396125614,8.28218259523985,15.217379115457073,10.61114553214925,12.45819397993311,59.6515465912634,54.65426113581687,64.22295692112766,58.49574873993123,61.87289562289562,26.847773950202765,22.450757575757574,31.265969940050567,25.379728966685487,28.187671836132303,1.5677832822206494,0.2878787878787879,2.829545454545454,1.097755268577646,2.2297498511018463,37.0,24.9,48.0,32.0,39.25,0.060503768372395496,0.0413119034546672,0.07959743525354215,0.05297093894760437,0.06436649502621868,82.0,67.85,101.77499999999998,78.25,87.25
1999,20,82790.5,81831.025,83555.325,82304.25,83095.5,310.0,275.65,329.0,294.5,325.0,0.515178761035703,0.4554228993201808,0.548530448642782,0.484127502101113,0.5336089669758486,180.0,168.475,204.25,174.5,191.75,180.0,168.475,204.25,174.5,191.75,122.5,100.75,148.14999999999998,113.5,130.5,0.0,0.0,0.0,0.0,0.0,11.58532688579767,8.369859409066986,15.50350525505119,10.623981075983762,12.534923705136471,59.624206069160195,54.74263322884013,63.959404111789276,58.174633811576484,61.388332856734344,27.328671328671327,22.686480186480185,31.198892816647767,25.23006780453589,28.485752261159917,1.6374024526198439,0.465521476159774,2.8007575757575753,1.1014488946103222,2.2232873509469253,36.0,24.9,47.0,32.5,39.75,0.059093754691306094,0.04157065625049032,0.0785631653739253,0.05370436379375385,0.06576411670491367,82.0,68.9,101.19999999999999,77.75,89.0
2000,20,82643.0,81691.55,83403.525,82192.5,82942.5,311.0,274.7,334.625,291.75,320.5,0.5209274937582205,0.45860164226438205,0.560714380233776,0.4878787206131135,0.5336345576871492,189.0,175.425,214.575,180.5,203.0,189.0,175.425,214.575,180.5,203.0,111.5,94.85,138.525,108.0,121.75,0.0,0.0,0.0,0.0,0.0,11.526376279800504,8.501185593437581,15.399097161034888,10.90090207190579,12.161931465463724,59.07793820688086,54.98208148210244,63.06945679688034,58.208862848654896,61.03769749070632,27.838284024371415,23.10822742816312,31.659009455543693,26.069390550102717,28.946258895150343,1.5751195602563848,0.4655750190403656,2.7775707501969715,0.9837459463734872,2.1203015734265733,36.0,25.95,46.05,32.0,38.25,0.059567146453767775,0.04346232709414523,0.07755777600757316,0.05382811291970843,0.06368131899921643,85.0,71.85,102.77499999999998,76.0,87.25
2001,20,82459.0,81519.175,83239.1,81998.5,82779.75,310.0,269.225,336.72499999999997,294.75,322.25,0.522482018565217,0.45497399742135036,0.562377135683632,0.4954777256321589,0.5419954084650613,196.0,176.475,216.575,193.75,208.25,196.0,176.475,216.575,193.75,208.25,107.0,90.325,131.575,99.0,115.25,0.0,0.0,0.0,0.0,0.0,11.55115511551155,8.138616557734204,15.19663840982169,10.53174146528577,12.081064097193128,58.853584061432414,54.29802371541502,63.32455577944678,58.01256146022765,61.040408958130485,27.943928413459904,23.075502228735424,32.07499424890729,26.371080532370854,28.942400217555015,1.562561037540529,0.49639657843335355,2.8129099973760163,0.8817016317016317,2.1001892209317496,35.0,24.425,45.574999999999996,32.25,39.0,0.05918068758361965,0.04124667199310909,0.07741730684747081,0.05473351084987105,0.0657911164936283,85.5,70.9,103.625,78.5,90.0
2002,20,82287.5,81257.6,83073.3,81752.75,82533.25,305.5,273.425,335.72499999999997,296.5,316.5,0.5217143745047378,0.464191690882098,0.5665644739637886,0.5043333149289175,0.5423226577033428,204.5,180.0,221.625,198.5,212.5,204.5,180.0,221.625,198.5,212.5,101.0,89.0,119.1,92.75,107.5,0.0,0.0,0.0,0.0,0.0,11.824459282086401,7.92444294248463,15.465388802933928,10.398201185810471,12.358351367302774,59.115418584111936,54.15415392398078,62.557631969726,57.33252623083131,60.496683750376846,28.10582502293551,23.517098341819253,32.68156810159531,26.734713622291025,28.85316014573103,1.4782191601622117,0.4915668121110103,2.6871242016591705,0.876131221719457,2.281783681214421,36.0,23.425,45.525,32.5,38.25,0.06101606153638293,0.039989200031442566,0.0783187598241917,0.055164586952759165,0.06506465795613806,85.0,72.425,104.19999999999999,78.75,91.0
2003,20,82093.5,81049.65,82882.725,81563.25,82355.75,305.5,272.425,329.2,294.5,312.0,0.5228987744196318,0.46747762468720455,0.5645576619828334,0.5047735175959802,0.5407680169663823,211.5,184.0,225.14999999999998,201.75,216.75,211.5,184.0,225.14999999999998,201.75,216.75,93.5,82.425,106.05,87.0,99.25,0.0,0.0,0.0,0.0,0.0,11.688311688311687,8.025953069320245,15.577267963200184,10.877209756926739,12.434782608695652,58.48718701979571,53.8480472595996,62.93142282072171,56.91410693970421,60.44301510443015,28.6925790978692,23.685064935064933,32.28653355989804,26.020414236400427,29.114779874213838,1.5745216018938648,0.4976191825860212,2.703321678321678,1.2014611912954107,2.142919618647774,35.5,24.0,45.525,32.75,39.5,0.060770088590907004,0.04141567289197702,0.07919762625509788,0.056810046446044586,0.06756661984946981,85.0,71.475,101.67499999999998,78.0,91.25
2004,20,81958.5,80921.4,82775.8,81444.25,82254.5,301.5,265.95,327.25,293.0,313.25,0.5250543515753736,0.4627078632115696,0.5682629938113188,0.5082052505181816,0.5412617321850037,214.0,187.425,229.575,208.75,221.5,214.0,187.425,229.575,208.75,221.5,88.0,72.425,101.525,85.5,92.25,0.0,0.0,0.0,0.0,0.0,11.945392491467576,8.403255662020905,15.67084734845774,10.55266415856341,12.10923427930993,57.78878962018497,54.411197647186974,62.85255529176558,56.31399317406144,60.67871601046107,29.459821074234917,23.884700700829423,32.021644467213115,25.88009341773708,30.082101196225572,1.5192573800738007,0.35232122637400926,2.9015607717832115,1.1930010604453871,2.2895679185452034,35.5,25.475,46.14999999999999,31.5,37.25,0.062082361952354115,0.04395984288631622,0.08091123750229531,0.05520335419498121,0.06479797914817145,88.0,70.9,100.725,75.5,91.75
2005,20,81743.0,80731.125,82551.975,81217.0,82009.5,297.5,259.95,324.15,293.0,308.25,0.5231716420597481,0.45722532617965217,0.5671803357042173,0.512013428726473,0.53981489012284,220.0,185.8,232.575,209.75,223.0,220.0,185.8,232.575,209.75,223.0,83.0,68.85,94.57499999999999,78.5,86.25,0.0,0.0,0.0,0.0,0.0,11.569654516902222,8.668211802460332,15.806763550284304,10.328798185941043,12.299432649262,58.535189776845314,54.4638121483258,62.490540540540536,56.57192734690675,59.362477231329684,29.217171717171716,23.911928104575164,32.18913358102562,26.82416608646117,30.661162923486867,1.5318799812470698,0.3593572020296158,2.9494525082760368,1.1986639462945898,2.3046448087431695,35.5,25.475,46.72499999999999,30.0,37.25,0.0615004961374411,0.04444011483338988,0.08286774475445413,0.05312725418364056,0.06493137404605247,87.0,69.95,99.19999999999999,77.0,91.25
2006,20,81453.5,80487.725,82230.3,80954.5,81751.0,296.5,256.425,319.525,291.75,306.25,0.5263305862456864,0.4567238895333176,0.5705410685081407,0.5161579371086175,0.5418113340345523,221.0,191.275,234.67499999999998,212.0,226.25,221.0,191.275,234.67499999999998,212.0,226.25,78.0,64.85,92.05,75.0,81.0,0.0,0.0,0.0,0.0,0.0,11.71417370047507,8.90432518115942,15.758663930688552,10.709958140559596,12.395164868462345,57.58242396099372,53.98047854555587,61.90796448872709,56.68815471394037,59.814891484354575,29.28082191780822,23.45880790503465,32.64189189189189,27.24263096454108,30.413980660757453,1.6731578476139315,0.3620746288266982,3.2392893261009457,1.2211062190423776,1.9559941240339782,35.0,25.475,46.19999999999999,32.0,37.25,0.06142841075032597,0.044969826622088704,0.08281665738047445,0.05738526344685484,0.0660926286509724,85.5,71.0,100.67499999999998,75.25,90.5
2007,20,81244.0,80329.675,82005.95,80784.25,81603.5,294.0,253.0,318.1,287.75,302.25,0.5273022411068057,0.4547485943951422,0.5681128521606307,0.5168367035843531,0.5446806668131622,221.5,191.8,239.77499999999998,215.0,228.25,221.5,191.8,239.77499999999998,215.0,228.25,74.5,58.325,83.525,67.0,77.25,0.0,0.0,0.0,0.0,0.0,11.8052237617455,8.84399902564638,15.574642748555792,10.91732559303373,12.054242156429517,57.849920790233895,53.68465033072052,61.9286811498793,56.480651426863886,59.62365591397849,28.94052366915207,23.60456989247312,32.71844660194174,27.169755810532507,29.93017629587046,1.5965766751020511,0.5540654997176736,3.4058419243986235,1.208882659541851,1.957982920414326,35.0,25.475,44.62499999999999,32.0,37.0,0.06233562253858381,0.0453636868403272,0.0808230606785109,0.057749785923489616,0.06617855935447747,84.5,69.95,98.525,74.0,89.0
2008,20,80963.5,80132.2,81711.7,80579.0,81352.0,291.0,252.95,311.575,286.25,300.75,0.5262463133157453,0.4599837729467856,0.5640069640151325,0.5171702724692184,0.546470862007147,222.0,194.425,241.92499999999998,214.75,228.25,222.0,194.425,241.92499999999998,214.75,228.25,71.0,56.95,79.525,63.0,75.5,0.0,0.0,0.0,0.0,0.0,11.937090652202546,9.451193520886616,15.001412429378531,10.786679536679536,12.553038164418309,57.325422181652215,53.79230314794497,62.317411969473824,56.31602112676057,59.430082256169214,29.120074547390843,23.535613870665415,33.11154949784792,28.083440583440584,30.197541179279064,1.4968384533601924,0.5586450266381062,3.588450620050797,1.14715081346539,2.0535927428980663,35.0,26.475,42.099999999999994,32.0,37.0,0.06273995709571617,0.0482474482020078,0.07701514649369255,0.058481177172844435,0.06707617839654896,85.0,69.475,98.05,72.75,89.0
2009,20,80799.0,79961.125,81608.1,80420.5,81165.0,287.5,245.95,310.1,280.5,298.0,0.524450000415905,0.4514072711784343,0.565163691086063,0.5123066740720226,0.5468299120797626,219.0,192.9,243.67499999999998,213.5,226.25,219.0,192.9,243.67499999999998,213.5,226.25,69.5,52.95,77.05,61.0,72.5,0.0,0.0,0.0,0.0,0.0,11.82294700058241,9.150268336314847,15.209183673469386,10.700879765395893,12.466637010676157,57.71217800845828,53.6099832067574,63.10184043315363,56.38267071534496,59.30388219544845,28.766157865786575,22.87075860610972,33.49926767406137,27.938775510204085,30.16657638136511,1.5304855786783498,0.5694160016947956,3.4452539330588094,1.068689375140988,2.0052206929283343,34.5,24.95,43.099999999999994,30.75,36.25,0.06242501015372951,0.04592056539684372,0.07962835377069342,0.05617766209479751,0.066722949238736,84.0,64.85,97.1,73.0,87.75
2010,20,80656.5,79749.975,81410.0,80199.25,80966.75,288.5,238.425,305.525,279.5,297.75,0.5357513671755436,0.44198196711582843,0.5639254522811081,0.5136415079679693,0.5481907287700893,220.0,190.375,243.05,214.25,229.25,220.0,190.375,243.05,214.25,229.25,66.5,47.425,78.57499999999999,59.75,70.25,0.0,0.0,0.0,0.0,0.0,11.576303119112413,9.051633986928106,14.713437869563313,10.643627954779033,12.696678321678322,57.48861566484517,53.170779732213184,61.81136363636364,56.04152249134948,59.43823904574757,29.05701754385965,23.32053872053872,33.83333333333333,27.98278656213044,30.538194444444443,1.688097170603899,0.5800247692285537,3.473525288471906,1.2928921568627452,2.0737704918032787,34.0,23.475,40.525,29.75,36.0,0.06227719253461882,0.043239156559299656,0.07555849918560058,0.055072003680048734,0.06716280833654262,83.5,63.375,98.1,73.75,89.5
2011,20,80429.0,79544.775,81279.8,80017.5,80826.25,282.5,233.275,300.525,275.75,292.25,0.5278036235546808,0.43316536433470126,0.5588305757199047,0.5154928101011652,0.5457814781390786,221.0,187.475,244.14999999999998,210.0,227.0,221.0,187.475,244.14999999999998,210.0,227.0,59.0,42.9,79.0,57.75,65.5,0.0,0.0,0.0,0.0,0.0,11.649275213323737,8.736440677966103,15.051873489121673,11.073910570312114,12.83076278703065,57.67077777272107,53.21326719641203,61.5626158866721,55.83910034602076,59.03873239436619,28.694332581456592,23.838908254839428,32.699229583975345,28.08808305931068,30.74270072992701,1.5702631417530517,0.5783405512375599,3.385763871485137,1.3275109170305677,2.0513000950001756,33.5,22.95,40.525,30.5,37.0,0.06222611024471238,0.042619117741542596,0.07613214747659336,0.05687851923239064,0.06888326463914635,83.0,64.475,93.525,72.0,86.75
2012,20,80273.5,79503.425,81179.35,79898.25,80652.0,279.5,227.7,293.1,273.75,287.5,0.5265708481188696,0.42638520541103786,0.5526401994043993,0.5102042570455907,0.5419764081940934,218.5,186.95,240.34999999999997,210.75,228.25,218.5,186.95,240.34999999999997,210.75,228.25,57.0,39.8,75.525,53.75,61.5,0.0,0.0,0.0,0.0,0.0,11.774667856955311,9.09651617490224,15.786309189593855,10.838295923041684,13.091432225063938,56.90071514813783,54.01459854014598,61.79714532871972,55.57160231073275,59.25267331491049,29.57578764574547,23.579152249134946,32.77977399854516,27.94536288827934,30.474452554744527,1.609419991772933,0.9400972590627764,3.442021456217366,1.094890510948905,2.0654228944458315,32.5,24.0,40.05,29.5,36.0,0.060774229684364516,0.044844657670195194,0.0762146008487799,0.05505206064974791,0.06818635354725071,82.5,61.425,92.57499999999999,73.0,85.0
2013,20,80160.5,79342.25,81069.225,79781.0,80493.0,272.0,224.7,294.25,268.25,285.5,0.5164656586933007,0.4231120399485363,0.5566355329482482,0.5065210380273786,0.5392913465458902,219.0,185.375,238.825,211.5,227.0,219.0,185.375,238.825,211.5,227.0,54.0,38.85,68.05,51.5,57.25,0.0,0.0,0.0,0.0,0.0,11.658526226375027,8.69440903296303,15.624366339979717,10.692197029313398,12.763632558082268,57.877134307340256,54.59361270699561,61.13152198678514,55.43531256588657,58.88622418389866,29.764257853679105,24.411932357970738,31.985294117647058,28.201879421391617,30.458188086080703,1.617680565048986,0.9510611339879633,3.656528721596941,1.114209004543577,2.031332511881711,32.0,23.475,38.574999999999996,28.25,36.0,0.0607556515304007,0.04459070913426886,0.07394361686113274,0.0530516842621562,0.06765840369252782,81.0,62.475,90.0,73.25,87.25
2014,20,80106.0,79193.7,80941.4,79628.0,80448.0,269.5,223.125,294.34999999999997,265.25,280.25,0.5159836843612842,0.42472842507838465,0.5628612184698634,0.5002458485996261,0.5376354619795043,217.0,182.375,239.77499999999998,209.0,226.25,217.0,182.375,239.77499999999998,209.0,226.25,52.5,40.275,61.05,50.0,57.0,0.0,0.0,0.0,0.0,0.0,11.743715737398048,9.041811846689896,16.230495251017636,10.615050996091888,12.748301520543514,57.58457012969648,54.849326599326595,60.75720646062852,56.04089219330855,58.218119926682384,29.43218260705527,25.321855568214573,31.64663182346109,28.213101160862355,29.76002389803505,1.4260294865277072,0.9545454545454545,3.863587561901948,1.1183626477279032,2.113398796325626,31.5,25.0,40.05,27.75,35.25,0.059746002978469104,0.04728125643993065,0.07670748384209705,0.052371163509160754,0.0667051457389715,79.5,62.95,89.0,73.5,83.25
2015,20,79923.5,79087.65,80772.15,79490.25,80304.0,269.0,216.6,293.54999999999995,259.75,276.5,0.5118471486013357,0.41410102766397167,0.5631705420701532,0.4998449927513246,0.5353856432282247,217.5,183.175,241.39999999999998,209.75,222.5,217.5,183.175,241.39999999999998,209.75,222.5,49.5,32.95,59.05,45.0,55.0,0.0,0.0,0.0,0.0,0.0,11.775271161802527,8.895017793594306,15.986617100371744,10.708502024291498,12.763531725795877,57.58724256292906,54.977702514069094,60.541351508602766,56.10148245040331,59.11374212975637,29.400326926626065,25.121802935010482,31.06628787878788,28.118729096989966,30.14592070274776,1.491625232632427,0.9719858156028368,3.367055789517001,1.127867012695518,2.1626984126984126,32.0,23.475,39.0,27.5,34.25,0.06086624965581064,0.04469056905493588,0.0751787378244623,0.052558534487984684,0.06545329889287615,78.5,59.9,89.1,70.75,82.25
2016,20,79760.5,78883.875,80576.825,79264.75,80153.75,264.0,215.75,288.29999999999995,256.0,272.25,0.5077928771186359,0.41351661738907425,0.5524749643144108,0.49646084532316276,0.5270272518803759,215.5,181.95,238.29999999999998,210.75,220.25,215.5,181.95,238.29999999999998,210.75,220.25,49.0,30.0,56.525,43.75,53.25,0.0,0.0,0.0,0.0,0.0,11.817706737786747,9.208791807386424,16.322577330181886,10.76507526087358,12.786195286195285,56.90366350067843,54.26061661093041,61.21218030868668,55.996930996931,59.14985954347424,29.001236858379713,25.041857033400493,32.01811758697009,28.09587310499719,30.15355279004416,1.5138507326007327,0.9782921219091432,3.2914184619518947,1.1406844106463878,2.214113257243196,31.5,23.475,39.05,25.75,34.25,0.060618982850185854,0.04560127373693782,0.07608006839396954,0.04951821135207403,0.06663249231419212,77.5,59.325,85.525,71.5,80.0
2017,20,79658.0,78699.95,80392.225,79093.5,79954.25,265.0,213.075,286.575,253.5,273.0,0.510194830929638,0.41137519346700324,0.5525473252783667,0.4950586763738216,0.5304379899649013,216.5,179.225,235.77499999999998,210.75,223.0,216.5,179.225,235.77499999999998,210.75,223.0,46.0,31.0,58.525,41.0,49.25,0.0,0.0,0.0,0.0,0.0,12.075471698113208,9.070783711102573,16.375168271719993,10.553075396825397,13.0179040119985,57.02715140358951,54.11909448818898,61.353817320970606,55.908408408408405,59.631494963598286,29.111635220125784,24.36026894052724,31.303986710963454,27.929924189048275,29.86842105263158,1.5200023074038822,1.0984299516908211,3.261948690915478,1.304211187932118,2.2114147114147116,32.0,22.95,39.05,25.0,34.25,0.06196100056854345,0.04435973832286794,0.07662076070799831,0.04839310697084966,0.06624940336095836,77.0,57.375,84.525,70.25,81.0
2018,20,79494.5,78537.25,80187.8,78876.75,79783.0,260.0,211.975,285.0,246.75,266.0,0.5086004262184538,0.4119380535381678,0.553685253847214,0.48207921631082007,0.5234039181815954,216.0,177.075,237.25,206.0,222.25,216.0,177.075,237.25,206.0,222.25,42.0,31.425,56.525,39.75,44.5,0.0,0.0,0.0,0.0,0.0,12.046165998654223,9.332307156133828,16.362857683964044,10.533020790868324,12.944675120637413,56.553919312778035,54.23014954969842,62.20038604518158,55.46515972351952,60.24731110286928,28.977404600996657,23.783768048439683,30.921620372153946,27.079617250404254,30.369433198380566,1.585557299843014,1.1234008528784647,3.5226786478391077,1.3444603727216875,2.247652085624841,31.5,23.475,39.574999999999996,25.0,34.0,0.06173498811518678,0.04568701253944605,0.07826655846610256,0.04957192389387427,0.06622510939856509,75.0,56.85,83.05,68.5,79.0
2019,20,79269.0,78276.95,79989.075,78635.5,79548.75,256.5,215.125,282.1,246.25,263.0,0.5028409587542968,0.4243287184207188,0.5520866050724387,0.4841757369243268,0.5183916039526624,214.5,180.7,234.725,203.5,222.5,214.5,180.7,234.725,203.5,222.5,41.0,31.95,55.05,38.0,43.75,0.0,0.0,0.0,0.0,0.0,12.146527815541901,9.620233702337023,16.34011728182131,10.066887481107502,13.049970862470863,57.07556147696993,53.32830025884383,61.498284709409596,55.43498098859315,60.29002424351262,29.25553319919517,23.19398514465779,31.528252872079516,27.664352301417754,30.41790745140027,1.7125292740046838,1.0943501920614598,3.603696671878488,1.195275590551181,2.215079047428457,31.0,22.95,38.574999999999996,26.0,35.0,0.061467511107932665,0.04505482408173615,0.07690015521298108,0.05195328457416867,0.06856297828317141,75.0,55.75,82.525,67.0,78.0
2020,20,78692.5,77708.95,79474.7,78139.5,79074.75,254.5,213.225,283.825,244.75,262.5,0.5022001344198285,0.4243293243035071,0.5593538474957559,0.48558325395680974,0.5222862622507091,215.0,180.175,235.05,198.75,222.5,215.0,180.175,235.05,198.75,222.5,41.0,32.475,55.525,38.5,43.25,0.0,0.0,0.0,0.0,0.0,12.086946899594727,9.566644635382243,16.999041095890405,10.407892327412561,13.373671525640281,57.424479713257014,52.66692307692308,61.88047913545219,55.65702138735847,59.350912778904664,29.089500193723364,23.336351230777304,31.39694162183702,27.167104948601484,30.006639004149378,1.7393471594942826,1.1625828162793144,3.391162302666093,1.3393608074011776,2.186295861953426,31.0,24.0,39.525,26.75,33.25,0.061988490220733966,0.04735768784751098,0.07872718908190293,0.05288860737333541,0.06658387971093634,72.0,55.6,82.57499999999999,65.0,77.25
2021,20,78181.5,77206.15,78989.15,77590.0,78522.25,251.0,212.55,277.775,237.75,257.5,0.5032848482251714,0.42678477266435055,0.5527334686250855,0.4763863031954398,0.517895797470086,212.0,177.5,227.525,196.25,217.0,212.0,177.5,227.525,196.25,217.0,40.0,34.0,55.05,36.0,44.0,0.0,0.0,0.0,0.0,0.0,11.865258924082454,9.640542886818485,17.020683949255375,10.513036164844408,12.954821339641434,57.34905206759171,52.80847338935574,62.041465573387214,55.030398261278194,59.93904382470119,28.908830654040962,23.65081081081081,31.961726998491702,27.079189783314142,29.81705829742256,1.7738185017596784,1.1952191235059761,3.359469696969695,1.373878202758845,2.1725051231489,29.0,23.475,39.525,26.0,33.0,0.05836091016708762,0.04684569390608801,0.07938100849247319,0.051582698562218025,0.06671657907337686,71.0,55.75,83.1,67.0,76.25
2022,20,77902.5,76926.65,78650.55,77314.75,78222.75,244.5,211.075,274.29999999999995,237.5,258.75,0.49646886100049037,0.426928141778832,0.5507686687907385,0.4799690394570696,0.5257769879750726,209.5,176.075,226.05,193.5,216.25,209.5,176.075,226.05,193.5,216.25,41.5,31.475,53.0,35.0,43.25,0.0,0.0,0.0,0.0,0.0,11.460437984748745,9.369501466275661,17.865003772161447,10.112101520770251,13.324819071945509,58.27591157048522,52.26723626923942,61.784980230952684,55.534591194968556,59.89804483065073,29.024986078927988,23.278547671840357,31.486221954524922,27.34589264725088,29.646591526344377,1.5534039151811299,1.2215003982477102,3.5735402808573524,1.297658801511871,2.1571648690292755,28.5,21.95,41.0,25.0,33.25,0.05702192400484496,0.04416255024002508,0.08297305852226697,0.05037143181230515,0.06664065153311285,69.5,54.225,81.1,67.0,76.0
2023,20,77780.5,76760.875,78513.225,77137.5,78140.25,242.5,213.075,273.92499999999995,234.75,253.75,0.4947466827148899,0.43366263628296825,0.5545170941078813,0.47580162078411875,0.5227402871765541,205.0,176.175,225.67499999999998,192.75,213.0,205.0,176.175,225.67499999999998,192.75,213.0,40.5,30.475,51.574999999999996,36.5,45.75,0.0,0.0,0.0,0.0,0.0,11.34487208952849,9.439733724815227,18.05431504465839,10.263786365610073,13.256427158866185,58.16993464052288,52.47754632052758,61.80756148613291,55.756520712852584,60.488308683797406,28.536526171021762,23.835758835758835,32.30045798274577,27.007060669456067,29.506900517538813,1.596863645056416,1.1583011583011582,3.2700983227299005,1.2671973618892278,2.1656271656271655,28.0,23.0,41.0,25.0,33.5,0.0576769091378201,0.046606066142215366,0.0834040973666233,0.05070099789636186,0.06756705811180032,68.5,55.325,81.57499999999999,65.0,74.0
2024,20,77350.5,76347.5,78092.7,76717.25,77706.0,240.0,209.65,270.34999999999997,231.5,254.75,0.48877004660727685,0.43032197232007174,0.5522939191913483,0.4731159615248743,0.5233147078886599,203.0,173.075,229.2,192.5,209.75,203.0,173.075,229.2,192.5,209.75,39.0,29.95,51.62499999999999,34.75,43.25,0.0,0.0,0.0,0.0,0.0,11.293016194331983,9.523948698552418,17.724222350230416,10.21938350458206,12.999793326020253,57.46444657233039,51.92795566502463,61.70471014492754,55.33108671484158,60.0528299347197,28.9393987694858,23.632488479262673,32.38338977832512,27.55777010017535,30.17948071193227,1.6395921178624826,1.1625828162793144,3.38969017094017,1.3058086131606685,2.2007769879318895,27.5,22.475,40.62499999999999,24.75,33.25,0.05635441937154789,0.04604833936888481,0.08313901044092907,0.05056819610194977,0.06774351624421886,69.0,53.9,83.525,65.75,73.25
2025,20,76955.5,75922.425,77669.375,76266.0,77319.75,238.0,207.75,267.575,227.5,248.75,0.4930514566439007,0.42984449280988374,0.5509839220234964,0.46989006411410383,0.5207550938395518,203.5,171.7,223.77499999999998,191.25,211.0,203.5,171.7,223.77499999999998,191.25,211.0,37.5,28.0,52.14999999999999,34.5,40.5,0.0,0.0,0.0,0.0,0.0,10.930579874343392,9.623893805309734,16.964738787333932,10.469018866169563,13.020940643203655,58.15090824406148,51.758253851797505,62.51390051139005,56.018108582044206,59.2156374501992,28.715099117699246,23.68117351248355,32.985750275547154,27.482130404463042,30.294233567790442,1.6535984557303678,1.1874372411196186,3.1967161151261565,1.3245225896599906,2.2620715286314645,27.0,22.0,38.14999999999999,24.0,30.75,0.055495634503110555,0.04549342985840475,0.07878187926712224,0.05010188295005233,0.06422428784829937,68.5,53.475,79.57499999999999,64.75,72.75
2026,20,76517.5,75416.0,77153.625,75766.0,76821.75,233.5,207.125,270.29999999999995,224.0,242.75,0.48721058387737004,0.4332728164491156,0.5658753172182368,0.46801852045351133,0.5115307520226076,199.0,171.65,224.34999999999997,187.75,209.0,199.0,171.65,224.34999999999997,187.75,209.0,37.5,26.95,51.099999999999994,31.75,41.0,0.0,0.0,0.0,0.0,0.0,10.702891664404017,9.210786889221193,16.26162790697674,10.45677066047129,13.318181818181818,58.82415254237288,52.87692307692308,62.01815090161341,56.331665276619404,60.189239235774615,28.533168868912846,23.70819967923015,32.57729357798165,27.42324561403509,29.910861822054127,1.5833333333333335,0.9003815864252659,3.0521323864499466,1.2834618462209937,2.037306858227162,27.0,20.475,37.099999999999994,23.75,29.75,0.055840797263537106,0.04276091000725044,0.07740360924204243,0.049655874798071355,0.06276500507318278,66.5,52.95,79.57499999999999,63.0,70.75
2027,20,76037.0,74937.55,76683.55,75266.75,76327.0,229.5,205.075,266.875,221.75,243.0,0.482946393629168,0.43290598201636826,0.5582950680051213,0.46663827833463073,0.5158964516964469,194.0,170.225,222.39999999999998,184.75,208.0,194.0,170.225,222.39999999999998,184.75,208.0,37.0,25.475,50.574999999999996,32.0,41.0,0.0,0.0,0.0,0.0,0.0,11.383572567783094,9.835114183951394,15.403486700215671,10.347763347763347,13.545443558133913,58.17432549415669,52.863635425694355,61.3875968992248,56.520562770562776,60.05474452554745,28.375235700817093,23.430685358255452,32.72774043078611,27.076866983284095,29.945700850873266,1.5582340688009384,0.8748084291187739,3.539393939393938,1.2917201540436456,2.1817146817146815,26.0,21.475,34.0,25.0,30.0,0.05513592713609525,0.04561452528873561,0.07258562156237733,0.05271173380319247,0.06401792676764163,65.0,51.425,77.57499999999999,61.0,72.0
2028,20,75549.0,74447.1,76131.275,74731.5,75801.25,228.5,204.7,262.825,220.5,236.0,0.48502798328999025,0.4377700014125218,0.555717383314672,0.469426863216061,0.5083756073090949,193.5,172.325,219.49999999999997,186.75,204.75,193.5,172.325,219.49999999999997,186.75,204.75,36.0,23.475,49.0,29.75,40.0,0.0,0.0,0.0,0.0,0.0,11.548884052404729,9.942621327764977,15.240685807894092,10.40456229284461,13.042809536016405,58.37506677350427,52.78188816422538,60.7395553279563,56.103187094235686,59.543412452037096,28.37895420327496,24.422753244452316,32.96138765576762,27.350427350427353,29.874320652173914,1.497263268012927,0.8580639218937092,3.6535960991466867,1.3408270169451169,2.1032256910918,26.0,22.475,34.62499999999999,25.0,29.25,0.05604588108081139,0.047966198525567084,0.07391341950048122,0.0528901632687576,0.06307597823992128,65.0,51.9,75.05,62.75,72.25
2029,20,74990.5,73903.825,75628.825,74225.75,75284.75,226.5,200.225,258.4,215.75,235.5,0.4851197370148425,0.43292960331701225,0.5589482627282555,0.4693698667601538,0.5149977769030616,192.5,167.75,217.97499999999997,182.75,203.5,192.5,167.75,217.97499999999997,182.75,203.5,36.5,22.0,45.0,31.5,39.25,0.0,0.0,0.0,0.0,0.0,11.829596412556054,9.618951612903226,15.185714285714283,10.590277777777779,13.115942028985508,58.2566483748417,52.21528471528471,61.10646033276057,56.07314814814814,59.15328092959672,28.125560538116595,25.393682789847183,33.3826566951567,27.091097308488614,30.285087719298247,1.6888888888888889,0.85997335997336,3.4971682847896424,1.3590501426824297,2.086688137412775,26.0,22.0,34.099999999999994,25.0,30.0,0.056371363348922954,0.04742521955593032,0.07361697974643727,0.05383440716117331,0.06484802023674233,65.0,53.425,74.525,59.75,71.75
2030,20,74423.0,73328.975,75086.45,73637.0,74703.25,223.0,200.225,256.775,214.25,235.5,0.48384287088567274,0.4384348579086003,0.5616658823565376,0.4690993312786078,0.5165871378723095,191.5,165.75,215.825,181.75,202.75,191.5,165.75,215.825,181.75,202.75,34.0,23.95,46.05,29.75,40.0,0.0,0.0,0.0,0.0,0.0,11.681098574302457,9.894311760315599,15.717304982707825,11.01379086850065,12.583005230064053,58.85359869138495,51.846327096327094,61.62447145877379,55.92482938578885,59.98095664837012,28.310235431624648,24.71425419240953,33.543541364296075,26.60587339201083,29.769211442518216,1.7586580086580086,0.6518968285828984,3.536582699204057,1.3120309174414697,1.89890018450852,27.0,23.0,34.099999999999994,24.75,29.0,0.058774977538696,0.050126954329499214,0.07439034261686764,0.05388607942873955,0.06340272462346083,65.5,52.425,74.0,59.25,68.5
2031,20,73747.0,72748.05,74482.4,72996.0,74043.5,220.5,199.7,254.1,212.75,231.5,0.48756829429257786,0.44312008091432753,0.5631560554591019,0.46961504054410597,0.5186562249059994,190.0,164.7,215.05,181.5,196.5,190.0,164.7,215.05,181.5,196.5,34.0,24.475,47.05,29.25,40.0,0.0,0.0,0.0,0.0,0.0,11.727919600938968,9.741670894638931,15.354975728155338,11.281263712154455,12.392129340819295,58.494930056990604,51.54293998527246,61.4770717327219,55.31055900621118,59.685213116585665,28.856417181069958,24.81682164182506,33.78301423662248,26.914792222645826,30.35447362801623,1.6670132390656407,0.41304347826086957,3.540349143610012,1.345193870443464,1.9445919296116503,26.0,22.475,33.62499999999999,24.0,29.25,0.057278912420203075,0.04919244123502384,0.07447141720007723,0.053518358995361844,0.0642233687030086,66.0,51.95,75.05,58.75,69.25
2032,20,73140.5,72089.6,73806.15,72323.75,73351.0,219.0,199.375,252.39999999999998,211.0,232.25,0.48720896595395746,0.4480962679478158,0.5664542923697654,0.473903432314667,0.5212590029485149,187.0,164.325,213.92499999999998,177.25,196.25,187.0,164.325,213.92499999999998,177.25,196.25,33.0,24.95,44.574999999999996,30.0,39.0,0.0,0.0,0.0,0.0,0.0,11.830083062477428,9.66019464437737,15.689169944391695,11.094217195858674,12.387250340038657,58.03695955369595,51.37577359015367,61.473054428264504,54.26053366227359,60.605183613094084,28.829881624791707,23.774694370845538,33.94866970068265,26.595812997688157,30.39430346582828,1.7783398209804582,0.4337899543378996,4.05929573664328,1.350673122342938,1.9443248672693356,26.0,21.475,34.14999999999999,24.0,29.0,0.05793391548256016,0.047957881776991514,0.076663518788188,0.05362290347920488,0.06471239000003588,62.5,49.325,76.525,59.25,69.0
2033,20,72526.5,71441.25,73165.25,71766.5,72736.75,216.0,198.425,249.45,208.25,227.75,0.48809059175678626,0.4523034436363343,0.5677973307107764,0.4737631787398412,0.5190957495292878,184.0,163.325,212.07499999999996,175.75,194.25,184.0,163.325,212.07499999999996,175.75,194.25,32.5,23.95,45.525,27.75,39.25,0.0,0.0,0.0,0.0,0.0,11.988613182003636,9.352760454878943,15.678197674418602,11.033026113671275,12.83507799671593,57.5431353868953,51.78324133852447,62.3546511627907,54.30613741097612,60.38931718061674,28.639781271360217,23.342441860465115,34.52910157212557,26.27391675981327,30.263741134751772,1.790148177813376,0.4418604651162791,4.36309237224018,1.3147241574091508,1.977832512315271,26.0,20.425,33.62499999999999,24.0,29.0,0.05887631253690721,0.046391017674810395,0.076675830975189,0.05500687361458596,0.06566711505980434,62.0,48.375,76.05,57.0,69.25
2034,20,71874.5,70827.8,72497.875,71158.0,72072.0,212.5,193.375,248.64999999999998,202.75,227.5,0.48813676983267595,0.4480902644398022,0.5744363421532687,0.46833224617593083,0.521200630353471,181.0,160.425,214.64999999999998,173.75,190.75,181.0,160.425,214.64999999999998,173.75,190.75,32.0,21.9,41.0,27.75,39.0,0.0,0.0,0.0,0.0,0.0,11.83579056595616,9.244390943550865,15.387499999999996,10.906936665230504,12.536734391847608,58.00052779732583,51.69924947772935,62.47231476702173,53.73831775700935,60.549672489082965,28.36940560556726,24.043661137440758,35.31609947643979,25.970527285286668,30.04310344827586,1.8648119973918713,0.2486910994764398,4.454272363150865,1.3460031347962382,2.2533181319508677,25.0,19.9,33.05,23.0,29.0,0.05761497239524818,0.04555808618444207,0.07600307799542604,0.05345740908589866,0.06655709862835046,62.0,47.95,76.525,55.25,68.25
2035,20,71223.5,70150.575,71875.75,70545.75,71467.0,208.5,191.9,243.54999999999995,200.75,220.25,0.48972662925554133,0.4503231882433694,0.5691384579234078,0.4709401685067849,0.5127110824216631,176.5,159.425,209.74999999999994,170.5,188.25,176.5,159.425,209.74999999999994,170.5,188.25,31.0,22.425,42.05,27.0,38.0,0.0,0.0,0.0,0.0,0.0,11.958653374734434,8.721560130010834,15.630222095265298,11.282932416953036,12.757642427049559,58.03264604810997,50.68509615384615,62.66521181932488,54.43486503565947,60.49928013163307,27.565789473684212,23.771545118011836,34.955465587044536,26.642587483664876,29.84329140461216,1.882363362565329,0.24234693877551022,4.262490087232354,1.3996840442338074,2.3295454545454546,25.5,18.9,33.05,22.75,28.0,0.059951323054039746,0.04390006813264441,0.07728115119880234,0.053281888366278896,0.06533216348997013,62.0,49.0,71.525,54.5,66.0
2036,20,70641.0,69515.15,71258.35,69937.75,70800.0,201.5,184.75,234.25,199.0,216.75,0.485583629849521,0.4417377321569154,0.5591423316750218,0.47362914517120663,0.5113834000964981,174.0,153.475,203.49999999999997,167.25,178.25,174.0,153.475,203.49999999999997,167.25,178.25,30.5,22.475,40.525,26.0,38.25,0.0,0.0,0.0,0.0,0.0,11.674090978912027,8.412698412698413,14.8265243902439,10.493746743095361,12.994365131094805,58.27100381382604,50.06637353433836,63.469814940194084,54.703312704768834,60.373263888888886,27.82581027407781,23.33181279620853,36.14768285873813,26.317493524606498,30.18308080808081,1.9424799622819426,0.24739583333333331,4.396389843956625,0.9976712832454957,2.3580016583747927,25.0,17.425,31.0,20.75,26.25,0.059412826561762305,0.04120240382944325,0.07373610807814061,0.04941748301445665,0.0634209234335891,60.0,47.95,70.14999999999999,54.75,63.25
2037,20,70001.0,68897.6,70602.925,69302.75,70201.25,200.0,183.95,231.77499999999998,192.75,213.25,0.4908892119104886,0.4476428695611159,0.5601856446740642,0.4675576434279265,0.5140778178498835,169.5,151.9,200.49999999999997,163.75,180.25,169.5,151.9,200.49999999999997,163.75,180.25,31.5,21.475,40.525,26.75,36.25,0.0,0.0,0.0,0.0,0.0,12.061205151397683,8.349253252702951,14.832917869325636,10.61855670103093,12.939834506225349,58.662056010928964,49.36479695776178,63.82921467556094,55.177938369239165,60.48434661570764,27.938208987783597,23.314181200118238,36.24453347820182,26.287540332588733,29.940696626964264,1.9854172824908858,0.2486910994764398,4.253844853811053,1.2512562814070352,2.3824539275453716,25.0,16.95,30.525,20.5,27.0,0.06184665839853205,0.04078841403396032,0.07376931281994226,0.04964956196987859,0.06549548031196942,57.5,46.475,69.57499999999999,53.0,62.0
2038,20,69360.5,68223.05,69941.425,68616.0,69503.5,200.5,180.475,234.02499999999998,191.0,205.0,0.4961418685856214,0.4470988616902262,0.5746478223076398,0.47163092884044044,0.5101491934194377,167.0,149.9,201.49999999999997,160.0,176.75,167.0,149.9,201.49999999999997,160.0,176.75,32.0,20.95,40.525,29.0,35.5,0.0,0.0,0.0,0.0,0.0,12.560368887270963,8.009276611694153,15.113932748127995,10.36663065458877,13.352064220183488,58.29510703363914,49.10180170372588,63.04146134893748,55.22592905405405,60.53893442622951,28.089825645552857,23.238235294117647,36.195942084206514,26.30658745676042,30.00980941704036,1.975609756097561,0.0,3.506944444444442,1.2627757164644557,2.4450318394809565,26.0,15.425,30.049999999999997,20.0,27.25,0.06413202064025528,0.03776389094765179,0.07390330975435809,0.0494860957525156,0.06762551440293822,58.0,46.475,70.19999999999999,51.75,63.25
2039,20,68712.5,67541.075,69287.625,67967.75,68921.75,196.0,180.475,230.34999999999997,188.5,202.25,0.49513516229048404,0.45265241222133173,0.5762220887941516,0.47222855702748223,0.5154479192559349,164.5,151.95,200.92499999999998,157.0,174.25,164.5,151.95,200.92499999999998,157.0,174.25,28.5,22.475,39.0,27.0,34.25,0.0,0.0,0.0,0.0,0.0,12.498122599609502,7.61146408839779,15.267182130584192,10.582010582010582,13.607428952889565,58.253730572623525,49.891666666666666,63.35635359116022,55.54303254118606,60.625,28.005923563251123,23.219916267942583,35.0,25.689667033571823,31.144736842105264,1.8562384254274515,0.0,3.4444444444444433,1.2667005686283574,2.2824585635359114,26.0,14.475,29.525,20.0,27.25,0.06501184235420074,0.036007861836955236,0.073825515500392,0.050363251755357635,0.06938507829520418,57.0,47.0,68.57499999999999,50.25,61.25
2040,20,68061.5,66899.35,68632.875,67351.25,68271.5,192.0,177.475,224.97499999999997,186.0,198.5,0.492548653557901,0.45349498413342076,0.5733248178637528,0.47447787979020656,0.5080082382059357,164.5,149.475,196.49999999999997,156.25,169.75,164.5,149.475,196.49999999999997,156.25,169.75,29.0,21.475,37.05,24.0,33.25,0.0,0.0,0.0,0.0,0.0,12.427835051546392,6.897911701282487,14.935557909604519,10.21505376344086,13.532172803499819,58.97480661796304,50.29727224576271,64.73569969356485,54.61740435108777,60.868556701030926,27.826544943820224,23.51907894736842,34.470559675141246,25.61965811965812,31.570078348464122,1.8162393162393164,0.0,3.3026220940710025,1.3069282945736433,2.5382692908466105,25.0,12.95,28.525,19.75,27.0,0.0644365152854498,0.03279070865833091,0.07274879726254523,0.05082496506692535,0.06974216740892386,55.5,44.425,66.57499999999999,49.0,60.25
2041,20,67365.0,66284.55,67996.375,66698.0,67653.0,187.5,174.475,217.12499999999997,183.25,198.0,0.4915179479458466,0.45382770645961523,0.5671122710380052,0.4764088111273399,0.5129772572458676,161.5,145.475,190.64999999999998,152.0,166.0,161.5,145.475,190.64999999999998,152.0,166.0,28.0,23.0,39.525,24.75,32.25,0.0,0.0,0.0,0.0,0.0,12.46286393345217,6.675634517766499,14.594827586206897,9.72972972972973,13.33558451189152,58.8458110516934,51.603448275862064,64.84054054054053,54.97496871088862,61.00063131313131,28.24630541871921,23.018157114624508,33.724394785847295,25.583214627653366,30.503929916489277,2.0202020202020203,0.0,3.4025044438801406,1.36472128118263,2.572002497353348,23.5,12.425,27.0,18.75,26.25,0.06147532467924973,0.032001445242443236,0.07120570831826839,0.04903706910686611,0.06846896085787767,55.5,41.425,62.525,48.0,59.25
2042,20,66711.5,65638.45,67366.075,66068.75,66987.0,187.0,172.425,216.17499999999995,178.75,192.25,0.49518144179043744,0.4567082933095134,0.5710983543052974,0.47441067694481825,0.5107389161802884,157.0,140.475,188.22499999999997,149.75,163.5,157.0,140.475,188.22499999999997,149.75,163.5,28.0,23.0,38.574999999999996,26.5,34.0,0.0,0.0,0.0,0.0,0.0,11.751541946400305,6.781675392670158,14.249999999999998,10.090704264610238,13.054597701149426,58.31661931026798,51.57567049808429,65.19999999999999,54.6395881006865,60.924030172413794,28.666460396039604,22.91472081218274,34.54022988505747,26.099290780141846,30.91210448440701,2.0514978564477526,0.25132275132275134,3.695402298850574,1.1203007518796992,2.695476858345021,22.5,12.425,27.0,19.0,24.0,0.059704463400984925,0.03253189569765383,0.07177932999448507,0.050434261440295364,0.0636257334792853,55.5,40.8,62.0,49.0,59.0
2043,20,66091.0,65028.925,66699.325,65457.5,66303.0,186.5,168.95,214.02499999999998,177.75,190.25,0.49661759473094325,0.4529818705209769,0.5733403386326341,0.4739528973265435,0.5099593506063258,156.0,142.0,185.54999999999995,148.0,161.25,156.0,142.0,185.54999999999995,148.0,161.25,28.5,22.0,38.099999999999994,24.75,32.0,0.0,0.0,0.0,0.0,0.0,11.610226133452155,6.799945906959971,14.76315789473684,9.785426267281107,12.65907224958949,57.97872340425532,50.97222222222222,65.23910411622276,54.65153267784847,60.47120418848168,28.7593984962406,23.508064516129032,35.29962546816479,27.03541162227603,32.481173798709065,2.094240837696335,0.25,3.6931781701444617,0.93828320802005,2.797219258050342,22.0,12.425,28.049999999999997,18.0,23.25,0.058917282070351545,0.032966226856756306,0.07540256475074289,0.048486939431065794,0.062372598953700314,55.0,40.75,64.57499999999999,49.5,60.0
2044,20,65448.0,64361.975,66091.3,64828.5,65650.0,181.5,168.425,216.54999999999995,174.75,185.75,0.49265958685991024,0.4565049880006835,0.5869304430230501,0.47360406650123105,0.5066052423474137,152.5,140.0,185.07499999999996,146.5,158.5,152.5,140.0,185.07499999999996,146.5,158.5,28.5,23.0,37.0,25.0,32.25,0.0,0.0,0.0,0.0,0.0,11.351351351351353,6.589700193423598,14.794232376706601,9.750493695883335,13.1120826709062,56.84023566106394,50.9596590909091,65.33756684491978,55.311899353485934,60.713775449458275,28.526352693701064,23.126074025115663,34.81891891891892,26.971301198105323,32.57040050062578,2.035952960679687,0.5631955484896661,4.613289036544851,1.0961751662971175,2.849072622779519,21.5,12.0,28.099999999999994,17.75,23.25,0.05868607391258569,0.032186703990311843,0.07637677117663558,0.04801539761258714,0.06315337326549561,53.5,40.275,62.525,48.0,59.5
2045,20,64879.5,63738.8,65475.925,64249.25,65026.25,176.5,162.425,214.45,170.75,185.0,0.4881996415354073,0.44636205399663686,0.5879094856730348,0.4659828664530001,0.507615953541918,151.5,138.95,185.39999999999998,142.75,158.25,151.5,138.95,185.39999999999998,142.75,158.25,26.5,21.95,36.574999999999996,24.0,30.25,0.0,0.0,0.0,0.0,0.0,11.347547380156076,7.037758346581876,15.39285714285714,9.68184629658265,13.477549806720189,57.26965342349958,51.395888594164454,65.10338680926915,55.04420866489832,60.65204217670586,28.09944906481384,22.8030303030303,34.32550208412277,26.52173913043478,31.971744471744472,2.051282051282051,0.5447727947727948,4.6691151465687275,0.8869868201787607,2.9173675357443227,21.5,12.475,29.099999999999994,17.0,23.0,0.05905341075348153,0.03386417579383901,0.0799598469553691,0.04694125602791137,0.06309867012888414,51.0,38.325,62.0,47.75,58.5
2046,20,64248.0,63153.525,64846.35,63672.25,64392.0,175.0,161.0,210.49999999999997,168.0,183.0,0.4865779602348659,0.44829839168717744,0.5842526705502306,0.4676102206508383,0.5057294143002404,146.5,137.0,179.825,140.0,156.0,146.5,137.0,179.825,140.0,156.0,27.0,20.95,36.525,24.75,31.0,0.0,0.0,0.0,0.0,0.0,10.995970063327576,6.3224043715847,15.535714285714281,9.360478721626048,13.333671365311158,56.75324675324675,51.2743950039032,64.79813664596273,54.85600437801416,60.75757575757575,29.05322656617993,23.61413043478261,35.674521857923494,25.800653594771244,31.411503195332035,2.1527777777777777,0.546448087431694,4.479166666666665,0.90527950310559,2.995332426770554,20.5,11.0,29.14999999999999,16.0,23.0,0.05693794240203931,0.030203665553317095,0.08089448150561505,0.044898254670489496,0.06381629432529237,50.5,38.85,62.574999999999996,47.5,57.0
2047,20,63651.5,62511.25,64253.6,63075.75,63800.5,171.5,161.475,204.49999999999997,166.75,181.75,0.48416080328686084,0.45041964519911915,0.5732425019094396,0.46739761347346126,0.5099704304776338,145.5,134.475,176.97499999999997,139.75,154.25,145.5,134.475,176.97499999999997,139.75,154.25,27.0,20.425,35.525,24.0,30.5,0.0,0.0,0.0,0.0,0.0,11.374269005847953,6.3469302635969305,15.92585403726708,9.01174530524332,12.857142857142858,56.681922196796336,50.986111111111114,65.756006006006,54.65612449799197,60.4694841741106,29.853121175030594,23.08635265700483,34.486111111111114,26.25219174909849,31.636174408413673,2.249747219413549,0.2567567567567568,4.4910179640718555,0.6201594969710911,3.025907310222485,20.5,11.0,28.624999999999993,15.75,23.0,0.05776641033492527,0.030485848712190334,0.08020874461377596,0.04430636254762466,0.06412963667824582,52.0,37.425,61.525,46.5,57.25
2048,20,63042.0,61967.875,63673.05,62451.0,63210.5,171.0,161.0,205.22499999999997,164.75,178.5,0.4872378754630073,0.4532065914138997,0.5807935565791357,0.4683616298016347,0.5039214172455727,145.0,132.9,177.54999999999995,141.0,153.5,145.0,132.9,177.54999999999995,141.0,153.5,25.0,19.475,34.525,23.75,29.0,0.0,0.0,0.0,0.0,0.0,11.540436456996149,6.341713314674131,15.397936624907883,9.478366187771467,12.926305353602116,58.01496411665903,51.521531886916506,65.71929199334758,55.4393830703013,59.92696658364466,29.324324324324323,22.919254658385093,33.81237672583827,26.34019222959253,30.81655891860123,2.012296444001329,0.2595628415300547,4.44487251330905,0.6211180124223602,2.981130033193823,21.0,11.0,26.049999999999997,16.5,23.0,0.059595446780878976,0.03076500229455557,0.07308541942815808,0.04681179621069978,0.06464874244241642,51.0,36.9,60.525,45.5,55.25
2049,20,62413.5,61345.6,63055.775,61888.0,62625.25,172.0,156.95,202.47499999999994,165.5,178.25,0.49285007849069995,0.44427210320659555,0.5766457718596429,0.47160821269578407,0.5083966393594374,146.0,133.325,173.22499999999997,139.75,151.0,146.0,133.325,173.22499999999997,139.75,151.0,25.5,19.0,36.099999999999994,22.75,28.5,0.0,0.0,0.0,0.0,0.0,11.356589147286822,6.4486874741628775,15.685943803032409,9.548157724628313,13.544238014810965,57.735042735042725,52.55519989547949,65.46121251629725,56.16846284741918,60.774298615737656,29.04907592407593,22.895772476468675,33.66810833806012,26.079160360597488,30.584844304296414,1.970994122156913,0.2668539325842697,4.377381600435492,0.6389970788704966,3.1311291678341275,20.0,11.0,26.525,17.0,23.25,0.05719207634610667,0.030959650820565048,0.0749332651627006,0.04881717364599288,0.06631464978418218,50.5,35.95,59.05,45.75,54.0
2050,20,61819.0,60745.325,62432.025,61328.5,62025.25,172.5,156.425,207.57499999999993,167.0,176.75,0.49460062735236504,0.4442212274052838,0.5939750399488559,0.47683168228765627,0.5023652192146435,142.5,132.9,176.64999999999998,140.25,151.75,142.5,132.9,176.64999999999998,140.25,151.75,24.5,17.95,38.525,21.75,30.0,0.0,0.0,0.0,0.0,0.0,11.507221875114851,6.654031065088757,16.195340501792113,9.32017543859649,13.603343227620684,58.75818036711891,52.25694444444445,65.17890535097814,56.13399440630562,60.30247586421675,28.25438596491228,22.420022905134566,33.88395792241946,25.949550347458782,30.14336680761099,1.7341040462427744,0.2638888888888889,4.427439024390243,0.6420988158432013,3.080556420637392,20.0,11.475,27.049999999999997,16.0,24.25,0.057684687427903496,0.032430558580723384,0.07774330452162592,0.046057103219860854,0.06926663183308561,48.5,35.375,62.14999999999999,44.5,53.5
2051,20,61256.5,60146.525,61839.7,60750.0,61420.25,172.0,156.95,209.72499999999994,167.0,176.25,0.49114090586884696,0.44671217534264906,0.6021576115834484,0.47957302865892226,0.505420585521853,145.5,132.425,178.17499999999995,139.75,152.5,145.5,132.425,178.17499999999995,139.75,152.5,24.0,18.475,40.099999999999994,20.75,29.0,0.0,0.0,0.0,0.0,0.0,12.012987012987011,6.710931354106098,16.69703569910752,9.005165634396443,13.7598814229249,58.857142857142854,51.9093464971068,65.09155264505743,56.75557974959173,60.31206817134961,28.784462064450423,22.842307692307692,33.757396449704146,24.963465925292272,29.496190225959015,1.9450543966463718,0.26243093922651933,4.391017964071856,1.1438321536905967,2.980645851154833,20.5,11.475,28.049999999999997,16.5,24.5,0.05883897176685996,0.03250308690345713,0.08078591773792491,0.04714877169565762,0.07004502034087792,49.0,35.9,62.72499999999999,42.75,52.0
2052,20,60650.5,59539.675,61238.275,60136.0,60807.0,173.0,157.95,210.19999999999993,167.0,179.25,0.49259830138689475,0.45065314589392186,0.6074911374238539,0.4857298309277435,0.5131139612611486,147.0,134.0,182.37499999999994,140.0,153.25,147.0,134.0,182.37499999999994,140.0,153.25,22.5,18.0,39.05,20.0,29.25,0.0,0.0,0.0,0.0,0.0,11.500330469266357,6.293103448275862,16.18285390246417,8.98895601541784,13.210594315245476,58.89415838602831,52.21352377212788,64.7443992971667,57.16498433693004,60.176306835756264,28.277990634312474,22.879278192189556,34.35060912657443,25.19177860495226,29.927454305634072,1.9350303389077992,0.2595628415300547,4.44123212783852,1.1474632527264106,2.9674379052545796,20.0,10.95,27.525,15.75,23.25,0.057740263909312514,0.03109651485202393,0.07950108511202175,0.04520165070159714,0.06683321778378468,49.5,36.425,65.14999999999999,44.0,52.75
2053,20,60053.0,58933.65,60630.975,59563.0,60242.5,171.5,156.0,210.62499999999994,165.5,176.75,0.49323800291374065,0.4471214400036722,0.6099607476890002,0.48388622982970736,0.510355162786958,145.5,133.95,183.32499999999996,139.75,152.25,145.5,133.95,183.32499999999996,139.75,152.25,23.0,14.95,39.525,20.75,31.0,0.0,0.0,0.0,0.0,0.0,11.595079653155878,6.660291717666258,16.44553072625698,9.164771525280305,12.977365871833086,59.29870960241804,52.09202732718584,64.60470085470085,57.681869448752295,59.72276645768025,28.60150488339645,23.29185520361991,34.05190529560101,25.365467333178334,29.88208225481737,1.944638230017939,0.25401069518716574,4.467622965353381,1.0374493927125505,2.9155266757865936,20.0,11.425,28.049999999999997,15.0,23.5,0.05773259580842806,0.032595144985432575,0.0812893171436299,0.043344798706450145,0.06779667691591237,49.0,36.475,63.67499999999999,44.75,51.75
2054,20,59428.0,58322.65,60031.85,58892.25,59623.25,172.5,151.95,210.19999999999993,165.0,178.5,0.5038466996732984,0.4386747742020189,0.611741121440223,0.4861928933641733,0.5202164253827032,146.0,133.9,180.37499999999994,137.75,154.0,146.0,133.9,180.37499999999994,137.75,154.0,23.5,14.0,39.525,21.0,30.0,0.0,0.0,0.0,0.0,0.0,11.11111111111111,7.26608187134503,15.901941601444912,9.275159339097957,12.961711711711711,59.02654576516197,52.14488636363637,63.970588235294116,57.32548701298701,59.68684691745037,28.2479399255715,24.31394191230576,34.561403508771924,26.352894981080887,29.86842105263158,2.1860534567716887,0.2595628415300547,4.451581027667984,1.0427558963634251,2.8861665658398867,19.0,12.425,27.525,15.0,23.25,0.05581914600319861,0.03560957186528875,0.08032667693235473,0.04356959675857736,0.06807760085382147,49.0,36.95,62.574999999999996,45.0,52.5
2055,20,58817.0,57682.3,59476.825,58325.5,59018.25,173.0,155.475,207.52499999999995,164.75,179.0,0.5023980897466678,0.4512451549077398,0.6090653354756145,0.48801549746668693,0.5233574003373468,147.0,134.0,178.74999999999994,139.75,154.0,147.0,134.0,178.74999999999994,139.75,154.0,24.0,13.95,37.525,20.75,30.25,0.0,0.0,0.0,0.0,0.0,10.813248665031029,6.7531964354901195,15.374794969928923,9.363842908146706,12.46112033821531,58.96736018324107,52.470481460594954,64.84803271441203,57.646188232451365,59.94443626729467,27.919968819020397,24.399572649572647,34.44143874242211,25.90383604834472,29.633169337145137,2.042619542619543,0.550619646437033,4.163348030152182,1.0488642870776865,2.6001934028150853,19.0,11.9,27.525,14.75,23.25,0.05551094148528554,0.0343076831807161,0.08064060138858456,0.04310584512250046,0.06836408033198954,50.0,38.0,61.525,44.0,52.25
2056,20,58221.5,57072.175,58883.425,57699.75,58416.0,172.0,151.425,207.62499999999994,164.25,176.5,0.5035424279951235,0.4419477921624826,0.6123460357616942,0.4873809649986991,0.5213283918228777,145.0,129.325,180.94999999999993,138.25,155.25,145.0,129.325,180.94999999999993,138.25,155.25,24.0,12.425,36.14999999999999,19.0,30.25,0.0,0.0,0.0,0.0,0.0,10.634920634920634,6.505582137161084,15.178977272727273,9.570203244452731,12.535919540229886,59.13876758854926,53.050635058229375,65.43171654626762,57.28308364544319,60.40147783251231,27.85542168674699,23.426470588235293,33.75023555572306,25.848164627363737,28.986040965207636,2.0673486786018755,0.5648301838610827,4.243032288943705,1.0595238095238095,2.961624026696329,19.0,10.9,27.0,15.75,22.25,0.055838867971638395,0.032086650125811744,0.07966291094264412,0.04634479283081289,0.06528112872563889,49.0,35.475,60.099999999999994,46.0,51.0
2057,20,57521.5,56460.125,58278.025,57070.0,57785.25,171.0,149.375,208.04999999999995,162.75,174.5,0.5048457707853453,0.440834160818991,0.6178360584090139,0.48436902084241884,0.5206480905908799,144.0,126.75,178.89999999999995,137.75,150.5,144.0,126.75,178.89999999999995,137.75,150.5,23.5,12.475,38.525,17.5,31.25,0.0,0.0,0.0,0.0,0.0,10.970190341355986,6.627281947261663,15.305394990366088,9.703947368421051,12.350657108721624,59.19661733615222,53.419117647058826,65.16142663962137,57.05749354005168,59.79838862919469,27.842377260981912,23.985594237695075,33.84191176470588,26.092681258549934,29.47976878612717,1.8627450980392157,0.5762906119194737,4.316860465116278,1.0223407544836116,2.9689121090855197,19.5,11.375,27.049999999999997,16.5,21.25,0.0578558163162287,0.03320331510711248,0.08040882100941958,0.04887813549082477,0.06353041749336254,48.5,36.0,59.525,45.0,51.0
2058,20,56887.0,55845.6,57642.175,56477.75,57168.75,167.0,149.425,206.42499999999995,156.75,173.25,0.4996320734407779,0.44394829072661673,0.6177861572855022,0.4720890090875556,0.5187343871935909,144.5,124.325,175.69999999999996,133.5,148.75,144.5,124.325,175.69999999999996,133.5,148.75,24.0,11.425,37.574999999999996,19.0,32.25,0.0,0.0,0.0,0.0,0.0,11.15239488680117,5.821932085196695,15.555409451367536,9.801136363636363,12.531817130012232,58.505815942524805,53.88813282525857,65.49129014697877,56.39203520669505,59.790638073342635,27.853907569476434,23.80681818181818,34.167077237929206,26.16128215675727,30.286415121564097,1.7350315916156855,0.5862976468969313,4.306789701526542,0.6659924255465657,3.321432535424914,18.5,9.425,27.049999999999997,16.5,22.25,0.05544606440468412,0.028170089936241115,0.08115060492627933,0.04930497269267018,0.06701449033901585,49.0,35.95,57.05,43.75,51.25
2059,20,56237.0,55216.375,57031.775,55899.5,56521.0,168.5,145.375,204.47499999999994,156.0,175.0,0.5030268071626649,0.4360140094700887,0.6191328884478363,0.4733757671194764,0.5286893054987545,145.0,122.7,172.79999999999995,131.5,149.0,145.0,122.7,172.79999999999995,131.5,149.0,23.0,11.425,37.099999999999994,18.75,30.75,0.0,0.0,0.0,0.0,0.0,10.738482384823847,5.9150326797385615,15.093968531468532,9.966367713004484,12.573225516621743,58.68005738880918,53.644171779141104,65.2992277992278,56.3235294117647,59.86963626030122,28.243257648438334,23.634332202157317,33.23759974337383,26.815856777493607,29.997822299651567,1.7298105682951146,0.5794117647058823,4.525084401205213,0.6817082288780402,3.1712535537383864,19.0,9.425,25.525,15.75,22.0,0.05749875108970959,0.02844588241034107,0.07740070941339584,0.04779052663872148,0.06631988403161652,49.0,34.9,55.525,45.5,51.0
2060,20,55570.0,54584.9,56396.375,55244.75,55837.0,165.5,142.425,202.47499999999994,154.75,173.0,0.5028514757546556,0.43245579995493866,0.6199217829658172,0.47704042578211453,0.5292027752374122,143.0,119.375,172.32499999999996,130.0,148.5,143.0,119.375,172.32499999999996,130.0,148.5,23.5,11.425,35.62499999999999,18.75,29.0,0.0,0.0,0.0,0.0,0.0,10.94587493431424,6.679421768707483,14.91929567131328,9.883971704623878,11.99421965317919,58.6456400742115,53.83289720356194,64.97023809523809,57.03397212543554,60.03734289662434,27.72825405668918,23.24983839689722,32.54826254826255,26.995147635762958,29.407467532467532,1.5473241319649245,0.5745664739884393,4.60824548192771,1.0755085573533785,3.2426176339811157,18.5,10.475,26.0,14.75,21.25,0.056786520021508344,0.031884148913957494,0.07982618391560077,0.04561643437298,0.06489302718831942,48.0,34.375,54.05,44.75,48.5
2061,20,54953.0,53920.975,55735.8,54614.5,55222.5,162.0,139.95,198.99999999999994,153.5,169.25,0.49978984649770947,0.42949607302505705,0.6222125712270712,0.4732308246314991,0.5244379720970496,139.0,118.425,174.22499999999997,130.5,147.25,139.0,118.425,174.22499999999997,130.5,147.25,22.5,12.95,32.62499999999999,17.0,26.25,0.0,0.0,0.0,0.0,0.0,10.751091390538896,6.3599335332738915,15.369900611302866,9.655172413793103,12.540385522924456,58.84599418845994,53.24640804597701,64.34878102350099,56.67777327786164,61.87012399653262,28.123168301355946,22.916482125909525,33.35781766650921,25.885134588958046,29.07563025210084,1.6166085254828553,0.5760219341974078,4.306281572589501,1.0674300796049552,3.294781703428981,18.0,10.0,26.525,14.0,21.0,0.055328438674184834,0.030704422165493295,0.08238649690312456,0.042949398862533475,0.06464226540885025,46.0,33.9,52.0,42.75,49.0
2062,20,54314.5,53321.875,55081.25,53987.75,54574.5,160.0,136.85,197.52499999999995,150.75,169.5,0.49713012106470744,0.4252524180651405,0.627381976334802,0.47565341739409533,0.5315861815573036,137.0,111.475,174.07499999999996,129.75,145.0,137.0,111.475,174.07499999999996,129.75,145.0,22.0,12.95,33.05,16.75,27.0,0.0,0.0,0.0,0.0,0.0,10.396294390118374,6.7253086419753085,15.620689655172413,9.70560820257884,12.661626123164584,58.300550747442955,52.37267080745341,63.773263027295286,57.268170426065154,60.96163149864166,27.827739313666463,23.63241597112565,33.574999999999996,26.35127931769723,29.83793324775353,1.58130081300813,0.5760732323232324,4.249061458640907,1.0661453930684701,3.5152347652347653,18.0,10.475,26.049999999999997,14.0,21.25,0.056050292419809314,0.03260263445865206,0.08207396218212243,0.04435520746252346,0.06629207986454831,46.5,34.475,51.0,42.75,49.0
2063,20,53690.5,52708.95,54460.075,53382.25,53944.25,156.0,135.475,195.52499999999995,147.75,165.75,0.48856441085747815,0.4279305885303992,0.6296886176103661,0.47350747944478155,0.5239797776498365,135.0,113.425,172.17499999999995,129.25,143.25,135.0,113.425,172.17499999999995,129.25,143.25,20.5,11.95,33.67499999999999,16.5,24.0,0.0,0.0,0.0,0.0,0.0,10.699891067538125,6.219013599586848,15.450586062941555,9.380032206119164,12.990755310778916,59.048906919089475,52.51069518716578,63.90520728008089,57.127016129032256,60.98157415832574,27.84992784992785,23.089209968186637,32.06975357710652,26.330476380306955,30.007119126720454,1.8813399386647793,0.5778869286287089,4.272108843537414,1.0882452574525745,3.0734271592527436,17.0,9.475,26.049999999999997,14.75,21.0,0.053613359378008596,0.02985552048924443,0.08324191341611094,0.04682967960534637,0.06620278276368098,44.5,32.425,52.0,42.75,46.25
2064,20,53053.5,52062.975,53856.35,52852.0,53353.0,154.5,131.375,193.32499999999996,141.75,163.0,0.49531773986910366,0.422974966021447,0.6265529310196982,0.4546705755969072,0.522236109452421,131.5,109.475,171.54999999999995,124.5,141.25,131.5,109.475,171.54999999999995,124.5,141.25,20.0,12.475,31.19999999999999,19.75,24.25,0.0,0.0,0.0,0.0,0.0,10.981912144702843,6.269184069936863,14.843132411067193,9.421752860174974,12.821221331859629,58.93713312721245,51.1980856586632,64.24377045054115,57.24891329215283,60.79520601872102,28.881987577639748,22.70404777704048,32.580420876981556,26.36288130474177,30.163962136578768,1.630151278038602,0.5967551938316555,4.522152435919199,1.0443569876603942,2.876950474898236,17.0,9.0,25.525,14.0,20.0,0.05540153069265627,0.02874783882948287,0.08279467550228724,0.044813265148164645,0.06389399420702105,44.5,30.9,52.525,42.0,46.25
2065,20,52407.5,51435.225,53273.0,52225.25,52714.0,157.5,129.475,188.22499999999997,139.5,162.25,0.5137793248269515,0.4249234726349359,0.6207530836549318,0.45480831684723855,0.5288070830467582,133.5,108.9,165.07499999999996,122.25,140.5,133.5,108.9,165.07499999999996,122.25,140.5,20.5,12.425,31.249999999999986,18.75,22.5,0.0,0.0,0.0,0.0,0.0,11.110215270499072,6.334821428571428,14.951155520821704,9.468273469682734,12.664898680810554,58.76996742415322,50.05704256252743,64.47342609489051,55.809419571091425,61.10356280193237,28.04410354745925,22.236138187423496,33.85572139303482,26.5625,31.211111520194393,1.6621376811594204,0.5984992639931066,4.503368893879843,1.2240746794522537,2.9652035679590214,17.5,9.0,24.525,14.0,19.5,0.057071481731729906,0.029128570948832207,0.07995797038753051,0.04543241985039851,0.06417193572684585,45.0,30.85,53.525,41.0,46.25
2066,20,51800.5,50863.25,52698.35,51646.75,52137.5,154.5,125.0,188.02499999999998,140.0,162.5,0.509433540557745,0.415283969132529,0.626269702747888,0.4623894172534072,0.5332125052062631,133.0,105.475,164.45,122.5,139.5,133.0,105.475,164.45,122.5,139.5,20.5,11.95,30.624999999999993,19.0,22.0,0.0,0.0,0.0,0.0,0.0,11.48235294117647,7.278923608037532,14.800569800569798,9.271978021978022,12.485367281240855,59.258552957778704,48.45777777777778,64.39024864024864,56.36541866936504,61.68956043956044,28.101503759398497,22.57371794871795,34.60654320987654,26.821297624740957,29.969711816845575,1.9362091938707529,0.5991579401921624,4.323076923076923,1.2369011976047903,2.9004329004329006,16.5,10.475,24.049999999999997,13.75,19.25,0.05480756596473353,0.034400790590435264,0.07941345222011989,0.04529429680873483,0.06347070213413976,44.0,30.375,55.0,40.75,46.25
2067,20,51203.0,50251.65,52072.275,51051.75,51503.75,151.5,125.95,186.39999999999998,138.0,161.0,0.5063342108173492,0.4215993587685061,0.6289826246370878,0.45926768038748417,0.5317524923348969,131.0,105.475,162.825,118.75,138.25,131.0,105.475,162.825,118.75,138.25,19.5,14.0,30.099999999999994,18.0,22.0,0.0,0.0,0.0,0.0,0.0,11.48235294117647,7.2419227738376675,15.072703714367979,9.829192546583851,12.6161196142617,59.54545454545455,47.97158507360493,64.32307692307693,56.54494382022472,61.20772946859904,28.0276008492569,22.41157811260904,34.343546730571724,26.48148148148148,29.97835497835498,1.986842105263158,0.6033853786662775,4.323076923076923,1.2584443157691567,2.929878319566569,17.5,10.0,23.574999999999996,14.75,18.5,0.05878880010330953,0.03325906675205677,0.07886920057960058,0.04866353148691879,0.0630347777170087,43.0,30.325,55.525,39.75,44.5
2068,20,50612.5,49691.9,51492.65,50413.0,50892.75,150.0,125.9,187.825,138.75,156.5,0.5095454561343211,0.4224458994566548,0.6408822350669269,0.46959372774356417,0.5270807074890187,129.0,105.475,161.725,120.25,136.75,129.0,105.475,161.725,120.25,136.75,20.5,14.475,29.049999999999997,17.0,23.25,0.0,0.0,0.0,0.0,0.0,11.70469798657718,6.848971923598789,15.24352689793866,9.63148223764802,13.014074427480915,58.75,47.07428068115091,64.49168669871794,56.33926744423982,61.60374435690892,28.292007703418392,22.0922599871134,35.18900469759248,26.1875,29.92602617820461,1.9939056703762588,0.6088471949275094,4.37626008064516,1.1240671641791045,2.7142857142857144,17.5,9.475,24.525,14.75,19.25,0.05961535992819711,0.03197498148587892,0.08284179980742307,0.049258334176734614,0.06640390700273235,43.0,30.8,54.525,39.0,45.0
2069,20,50020.5,49115.15,50846.625,49791.5,50302.5,147.5,121.0,183.625,136.5,156.25,0.5046708579799745,0.41038558496016103,0.6343625593450749,0.4713140986473109,0.5373936793229436,128.5,102.475,158.1,118.75,134.75,128.5,102.475,158.1,118.75,134.75,19.0,15.475,29.099999999999994,17.75,20.0,0.0,0.0,0.0,0.0,0.0,11.984517945109078,5.7730496453900715,15.326539278131632,9.401734557727021,12.824844074844073,59.21703411853466,48.35391745637202,64.47237474262182,55.89465109964703,62.888688016528924,28.730158730158728,22.621505376344082,35.41749965130875,25.24350649350649,30.549505779862624,1.923393062633569,0.6176414555153362,4.566115702479338,1.1583888552392487,2.640755032776977,16.5,7.95,25.0,13.75,19.25,0.05741394136239172,0.027219335820421478,0.0854585450140563,0.047106984674757935,0.06556809927949914,41.0,30.9,55.0,39.0,43.25
2070,20,49445.5,48497.7,50223.95,49164.25,49648.5,144.5,118.425,178.05,136.75,151.0,0.5026082030806138,0.4116260494309212,0.6226689839276889,0.4793990049560168,0.5272086961186115,127.5,98.475,156.525,118.25,132.25,127.5,98.475,156.525,118.25,132.25,18.0,13.0,26.14999999999999,16.5,20.0,0.0,0.0,0.0,0.0,0.0,12.152777777777779,6.027129817444219,15.676585626027824,9.281616737280192,12.92664289353031,59.46286472148541,48.83126379690949,65.23846125004687,55.86649266226731,62.97863485016648,28.57434640522876,22.693382036957455,35.518199835645575,24.908192984677726,30.83554376657825,1.6476215785277706,0.6154021158002503,4.577228327228325,0.7790616246498598,2.716681974186687,16.0,8.425,24.525,13.5,20.0,0.05588365331540478,0.028704676518551117,0.08496400624204575,0.046738858803528294,0.06918673615461386,40.0,30.325,51.525,37.5,43.25
2071,20,48847.5,47926.775,49642.475,48491.0,49060.25,141.5,116.0,176.2,136.0,148.5,0.49710961724625613,0.40788481465004695,0.6234561334258136,0.48469169254358535,0.5215497002472336,124.5,97.425,154.575,117.5,128.5,124.5,97.425,154.575,117.5,128.5,17.0,13.475,25.049999999999997,16.5,20.5,0.0,0.0,0.0,0.0,0.0,11.083264535912253,6.799658243579122,15.92486103124401,9.612068965517242,13.122933396315542,59.831932773109244,49.75477632805219,63.99158841940532,54.97950819672132,62.050593031875465,28.50547195622435,22.547383223281976,34.87855593056894,25.516810540663336,31.096579476861166,1.6769617936398995,0.6397396003930561,4.71131556070704,0.7985776277724205,2.7623211446740856,15.5,9.425,24.0,12.5,19.25,0.05530663858857297,0.032507060586869085,0.08416935923484646,0.04395634976363985,0.0687525984318905,40.5,28.85,49.525,36.5,44.0
2072,20,48236.0,47325.025,49069.425,47929.75,48491.25,142.0,112.95,171.29999999999998,133.25,147.5,0.5031691622953367,0.40092342676923415,0.6139360766612865,0.4796342048478214,0.5222268067800524,123.0,92.475,151.14999999999998,115.5,128.0,123.0,92.475,151.14999999999998,115.5,128.0,18.5,12.475,24.574999999999996,15.75,20.25,0.0,0.0,0.0,0.0,0.0,11.200463201235204,6.57051282051282,15.982776089159067,9.337056201649673,12.932330827067668,60.36190087284977,50.29761904761905,64.46821540041879,56.330049261083744,61.61758489502607,28.64191439496731,22.008654886404614,34.55902777777778,24.399381253927586,30.526585483482034,1.7233044907429789,0.6480429292929293,4.77530991735537,0.8373914187944196,2.3369992144540452,15.0,9.425,24.0,12.0,18.25,0.05417460257822117,0.03324304535953595,0.08524816637551208,0.04304929336247277,0.06599983677096957,37.5,28.375,49.0,35.75,43.0
2073,20,47633.5,46757.45,48492.125,47385.75,47896.0,139.5,112.0,166.02499999999998,128.5,145.5,0.5015423395348888,0.40753297666969196,0.6045729631171503,0.4675000941003142,0.5243047957127142,121.5,94.325,146.39999999999998,110.0,126.5,121.5,94.325,146.39999999999998,110.0,126.5,17.5,14.0,23.574999999999996,15.0,20.25,0.0,0.0,0.0,0.0,0.0,11.112012987012987,6.053497627429971,16.413159229208926,9.124327368289325,12.969739619985926,59.703654188948306,48.67072044334975,64.8471575023299,56.993534482758626,61.744221643961424,28.12797461660497,22.759024064171122,34.71843363329584,24.448428019856593,30.413669064748202,1.4472309299895507,0.3064516129032258,4.6162128368991375,0.7313267033432078,2.413828903654485,15.5,8.475,23.525,12.0,19.0,0.05650230754042594,0.030460439003905628,0.08496500853513946,0.04297085782841804,0.06887216157892757,37.5,29.425,46.05,34.75,42.0
2074,20,47059.0,46152.95,47945.1,46832.0,47313.25,136.5,112.375,162.49999999999997,126.0,143.25,0.5022154121564645,0.41396716755432744,0.5991442291089735,0.46434811633120976,0.5249460986614997,119.0,94.225,145.87499999999997,108.5,125.25,119.0,94.225,145.87499999999997,108.5,125.25,18.0,12.475,21.525,14.75,19.0,0.0,0.0,0.0,0.0,0.0,11.031730390224673,6.518382352941177,16.31064925970388,9.499494438827098,12.97926447574335,59.66101694915254,49.01748251748252,64.36338536688967,56.65011982197878,62.281976744186046,27.760701275045538,22.075068399452803,34.33093126385809,24.637218481541677,31.028415015641293,1.488655229662424,0.0,4.878793851005124,0.7235015935026216,2.6555023923444976,15.0,9.0,23.0,12.0,18.25,0.0553526068908597,0.032722167718839186,0.08420182910623718,0.044424021915921395,0.06810022002666215,37.0,29.475,46.05,33.75,41.25
2075,20,46485.0,45598.675,47366.675,46239.0,46776.75,134.5,112.275,160.07499999999996,124.5,141.0,0.49552551353738705,0.41485708963684903,0.5949490730827647,0.4630108680850126,0.5219306372763148,115.5,92.175,142.97499999999997,106.0,125.25,115.5,92.175,142.97499999999997,106.0,125.25,17.5,12.0,23.0,15.0,20.25,0.0,0.0,0.0,0.0,0.0,10.997732426303855,6.688550420168068,16.969258448060074,9.456799319004043,13.10161875372205,59.258171853591705,47.872652582159624,64.51102941176471,55.93129770992367,62.25638018651924,28.003015580499245,21.750408496732025,35.950203252032516,24.696613818751224,32.25113392217713,1.5993373263667643,0.0,4.636752136752135,0.7287755527743012,2.846692111959287,14.5,9.0,23.525,12.0,18.25,0.05382368668533835,0.03313975810070046,0.08714663585529908,0.045016010902226206,0.06860207461369487,38.0,29.0,45.05,33.5,39.5
2076,20,45896.0,45076.475,46814.825,45680.75,46204.75,132.0,108.7,159.45,123.0,139.25,0.4929317861037798,0.4063981533214667,0.6004676858389297,0.4625554141835092,0.5222260283756814,115.0,92.325,141.29999999999998,105.75,122.25,115.0,92.325,141.29999999999998,105.75,122.25,17.5,11.475,22.0,15.0,19.25,0.0,0.0,0.0,0.0,0.0,11.06563314981165,6.788461538461538,16.814765458422173,9.951490438695163,13.148588241951,60.484658979871014,49.06457358385137,64.07692307692308,56.54407528327252,62.425355387623526,27.075078206465065,21.14872068230277,34.49443523561449,23.827311696264545,31.667836462537288,1.602809706257982,0.0,4.734928754110339,0.7421832443621309,2.959659817867088,14.5,9.0,23.0,12.75,17.25,0.055009024681109436,0.03352748317457331,0.08599789863736643,0.0476640076934179,0.0650867408753738,36.5,27.475,44.0,32.5,39.0
2077,20,45326.0,44533.75,46272.45,45136.75,45646.75,130.5,108.275,157.49999999999997,122.75,138.5,0.49266900880089737,0.40935888727095504,0.5984831251258266,0.4659204018338486,0.528321804071312,114.0,90.375,139.825,108.5,121.75,114.0,90.375,139.825,108.5,121.75,17.0,11.425,21.525,14.75,20.0,0.0,0.0,0.0,0.0,0.0,10.666877370417193,7.266276883300035,17.111969223649194,9.566581123467351,13.217723199468967,60.38171971998415,49.82969934994583,65.93851666745249,56.96332154161236,62.61337868480726,26.818662592549067,20.316111962122267,34.0593474148802,24.362277353689567,30.131398144967367,1.090108174417308,0.0,4.778628583540881,0.7462686567164178,2.9268203170874925,14.5,9.475,22.525,12.0,17.25,0.05479840686671085,0.03570793814686044,0.08503478197109618,0.04596595846551233,0.06494553280460502,35.0,26.475,43.525,32.75,38.25
2078,20,44840.0,44013.0,45743.025,44630.75,45126.75,127.5,105.75,156.39999999999998,121.0,136.5,0.49062823018780827,0.4063567005774152,0.5998098418794846,0.4635857279133399,0.5261062405058756,112.5,89.8,136.825,106.25,121.5,112.5,89.8,136.825,106.25,121.5,17.0,11.95,20.525,14.75,17.5,0.0,0.0,0.0,0.0,0.0,10.831761994552693,7.244105975723623,16.92786069651741,9.493284493284493,12.832633053221288,61.04567933368037,49.410121755418785,66.76635694928378,57.212445003142676,62.726288862652495,27.033730158730158,19.782229965156795,32.69463484810019,24.42583227981458,31.02608422375864,1.1217948717948718,0.0,4.350447873947766,0.7435250219490781,2.6531549258821987,14.0,9.475,23.525,12.0,15.25,0.05384550309275078,0.03602868967999908,0.08941079660712398,0.045733421097483705,0.05894564638791195,35.0,27.0,44.574999999999996,31.75,38.0
2079,20,44344.5,43487.15,45272.175,44178.0,44631.25,129.0,108.275,155.825,122.75,137.25,0.5010600669895149,0.42095829606942153,0.6041297598249564,0.46965330069608957,0.5288737734300277,111.5,91.85,138.87499999999997,105.5,121.25,111.5,91.85,138.87499999999997,105.5,121.25,16.5,11.475,19.525,13.75,18.0,0.0,0.0,0.0,0.0,0.0,10.736091102421623,7.688888888888888,17.05894736842105,9.987585153116445,12.769478866066882,60.603448275862064,50.38493804852865,66.93035426731078,57.6103160405486,62.07906520272343,26.689634208126456,19.714074074074073,31.984867062467732,24.125346086081045,30.521140609636184,1.488655229662424,0.0,4.3159323116219666,0.7490949596212754,2.5897099274818705,14.0,10.0,23.0,12.0,15.25,0.054700095179383804,0.03840957459527966,0.08831983337187736,0.04619459781277703,0.05965874195624552,34.5,28.0,44.67499999999999,32.75,38.0
2080,20,43915.0,43049.45,44817.2,43709.75,44133.0,129.0,107.425,155.14999999999998,120.5,136.0,0.5042454082415561,0.42146889692958395,0.6068871322884959,0.46846819094000347,0.5327573925368381,110.5,90.95,138.67499999999998,103.5,122.5,110.5,90.95,138.67499999999998,103.5,122.5,17.0,10.95,19.525,13.75,18.0,0.0,0.0,0.0,0.0,0.0,10.840650826446282,7.779699065647372,16.77762598664238,9.784072079536038,13.376367989056089,60.16213560432361,51.344339622641506,65.65720270993046,57.274247491638796,61.76470588235294,27.30664488017429,20.537715293629383,31.841697477163983,25.634690495916676,30.047169811320757,1.5956770502225048,0.0,4.391166758392955,0.7725046641791045,2.2424017790956263,14.0,10.0,22.525,12.0,16.25,0.05461206544700623,0.0388045796821364,0.08734217959268564,0.04670124970320229,0.06409451757198045,36.0,28.475,45.19999999999999,30.0,38.0
2081,20,43427.5,42616.375,44338.75,43257.0,43682.5,129.0,106.325,152.725,119.75,135.25,0.5102648440984168,0.42060050333141497,0.6040940483754612,0.4711138204720814,0.5329024302263229,113.0,89.9,137.825,103.75,124.25,113.0,89.9,137.825,103.75,124.25,16.5,9.425,20.525,13.0,18.0,0.0,0.0,0.0,0.0,0.0,10.916730328495035,7.719534050179211,16.795393777345648,9.841918644735546,12.416195265032476,59.63514746123441,52.369292836525844,65.64767901949429,56.93526170798898,62.03582145536384,27.588955162484574,20.375746802942775,32.41672246401072,25.111390585698885,30.08736559139785,1.5094554568238778,0.0,4.097895319855994,0.7804232804232805,2.2601827179291964,14.0,10.0,21.525,12.75,16.25,0.05512210375387056,0.03918670013807373,0.08442500707104587,0.04944769246075927,0.0645862629736208,36.5,29.0,43.67499999999999,30.0,38.25
2082,20,43025.5,42209.3,43880.8,42809.25,43233.5,126.0,103.325,151.05,118.5,133.5,0.4967546023451501,0.4119903554417941,0.6034486222870902,0.47041106558656876,0.5282294897729364,112.0,85.95,136.2,102.0,119.75,112.0,85.95,136.2,102.0,119.75,15.0,9.425,20.0,13.75,18.0,0.0,0.0,0.0,0.0,0.0,10.756516211061665,7.58226105883106,17.2625,10.063025210084033,12.832475332475331,58.78611718660068,53.583333333333336,66.04819340016708,56.734234234234236,61.81765389082462,27.53315938247445,19.91280284043442,31.576075439711797,25.844594594594593,30.0,1.6339869281045751,0.0,4.239864864864864,0.8166851044445891,2.3712121212121215,14.0,9.475,21.525,12.0,17.0,0.05544973129719446,0.03749971773962679,0.08512803083208138,0.0475440532217661,0.06722336412843463,35.5,27.425,43.099999999999994,30.0,37.25
2083,20,42618.5,41793.9,43408.125,42369.0,42831.75,124.5,103.375,151.575,115.0,131.25,0.5025304917213502,0.41644806991306477,0.6110557525067822,0.46235374279983,0.5285978724426046,110.0,88.475,136.525,101.5,119.25,110.0,88.475,136.525,101.5,119.25,14.5,9.475,19.0,13.0,17.0,0.0,0.0,0.0,0.0,0.0,11.036789297658864,7.573709677419355,17.582006026689623,9.619482496194825,12.634062634062634,59.38226932023778,53.62793632304407,66.07,56.35526831179005,62.243589743589745,27.712970890410958,19.9130081300813,32.21739130434782,26.086956521739133,29.777227722772274,1.521990740740741,0.0,4.264864864864864,0.8097560975609757,2.3843640020110612,14.0,9.425,21.525,12.0,16.25,0.055288625636820826,0.03758311865396261,0.08611498261411471,0.04802846125352204,0.06539470110318235,35.5,26.475,43.62499999999999,29.75,38.0
2084,20,42217.5,41330.35,42988.975,41941.5,42418.75,122.0,102.8,150.575,116.0,128.75,0.4991544484585793,0.4178878271402884,0.6130846075809137,0.4700736276147509,0.5244997846296635,107.0,87.9,136.1,101.75,118.25,107.0,87.9,136.1,101.75,118.25,14.5,9.475,19.525,13.0,16.25,0.0,0.0,0.0,0.0,0.0,11.508960086885692,7.930811927197625,17.36824406945463,9.82799451576717,13.43984962406015,59.72094247729366,53.73106060606061,66.34544504345912,56.83170582850168,61.2643748470761,27.511921925252302,20.569457301550568,32.26963056609074,25.398936170212764,29.237318324308916,1.5336702315195674,0.0,3.4482758620689653,0.8131667967733541,2.1797451374916164,14.5,9.425,22.0,12.75,16.5,0.05769402938756487,0.03821600628074756,0.08897049050311363,0.05088909751318747,0.06742552765096865,34.5,27.0,43.67499999999999,29.0,36.25
2085,20,41835.0,40927.775,42598.775,41548.0,42049.5,123.5,101.7,146.525,115.5,129.5,0.5034732820762038,0.41705243672727743,0.6040593892494858,0.4668351460782389,0.5281645636467036,107.5,86.85,132.575,100.25,117.25,107.5,86.85,132.575,100.25,117.25,14.0,10.425,20.525,12.75,17.0,0.0,0.0,0.0,0.0,0.0,11.597079918032787,7.601351351351352,16.767344497607652,9.92208693457826,14.016666666666666,59.60553278688525,53.350625,65.9126984126984,56.68103448275862,61.40734265734266,27.128427128427127,20.512295081967213,32.809917355371894,25.396551724137932,29.75208333333333,1.5385525770755666,0.0,3.4963381141287764,0.8198347107438017,2.1734265734265734,15.0,9.0,20.525,12.75,16.5,0.06139594769408474,0.036780442513637254,0.08373822458447835,0.051549354017331725,0.0682072492182856,34.0,26.475,42.14999999999999,29.75,37.0
2086,20,41479.0,40593.125,42248.1,41172.5,41706.75,122.5,100.7,143.05,116.75,126.25,0.5073019568942797,0.41751100010884135,0.5945939540284608,0.4804609209378108,0.5255278088374322,108.0,86.85,129.0,99.75,113.0,108.0,86.85,129.0,99.75,113.0,14.5,9.95,21.525,12.0,17.0,0.0,0.0,0.0,0.0,0.0,11.835265893642543,7.571823792296233,16.47435897435897,9.753861003861005,14.146875,59.592829534852726,53.09157894736842,64.68337584562494,56.157381020233686,61.484593837535016,27.60066577043723,21.499141910285243,33.67545231181595,25.723938223938227,29.83157894736842,1.3199665831244778,0.0,3.0770398251578426,0.8097560975609757,2.0982142857142856,14.5,9.0,19.525,11.75,17.25,0.06036066624928266,0.03723074258843626,0.08185431006353702,0.0487000536100759,0.06987766276995687,33.5,27.0,42.099999999999994,29.75,37.25
2087,20,41105.5,40236.9,41939.725,40802.0,41331.5,122.0,100.175,144.1,115.0,125.25,0.5066474260891751,0.42143981048941676,0.6045152019287063,0.47165823976552784,0.5296420922159862,106.5,86.75,129.1,101.75,110.25,106.5,86.75,129.1,101.75,110.25,14.5,8.475,21.049999999999997,13.5,18.0,0.0,0.0,0.0,0.0,0.0,11.85544047221294,7.1951219512195115,16.767287234042552,9.893373671782763,14.034782608695652,59.48179584543221,54.20877659574468,65.65809968847351,55.819015556071506,61.83442116111302,27.386363636363637,22.20039804041641,32.65198207031797,25.450000000000003,28.85962636222107,1.344923023698322,0.0,3.087721984078382,0.8198347107438017,2.0692649044954656,14.5,8.95,20.049999999999997,12.0,17.0,0.061027480944694346,0.037231213387552246,0.08352197981068461,0.05021939589956617,0.06961877976436666,33.0,25.475,42.099999999999994,31.0,36.0
2088,20,40760.5,39879.45,41555.1,40410.5,40980.75,119.0,98.275,146.25,116.75,125.25,0.5009915885737545,0.41780165765162974,0.6148556249507016,0.48174485309028153,0.526679747333924,106.0,86.275,130.2,100.5,109.0,106.0,86.275,130.2,100.5,109.0,14.0,8.95,19.574999999999996,12.75,17.0,0.0,0.0,0.0,0.0,0.0,11.842617841838722,6.635900261744042,16.987017670393076,10.573811301966641,14.346764346764346,59.81651376146789,53.71692307692308,64.83989857294492,55.856437310584795,62.10290524029324,26.857923497267763,21.113867526668322,32.89714946070878,25.837027724475618,29.4107658346069,1.3583611746087567,0.0,2.7392396427685437,0.8299180327868853,2.0219811187825845,14.5,8.0,19.525,12.75,17.0,0.0615962673314781,0.03365904327201398,0.08227170698331793,0.05294974240996586,0.07014767822782042,32.5,24.475,42.67499999999999,30.75,36.0
2089,20,40385.0,39492.85,41172.65,40024.5,40618.0,119.5,97.8,143.2,113.5,123.5,0.5093902335190674,0.420029218740871,0.6090018027652168,0.473858368859641,0.5277693817315625,105.0,86.275,127.24999999999999,97.5,109.25,105.0,86.275,127.24999999999999,97.5,109.25,15.0,9.0,20.0,12.0,17.25,0.0,0.0,0.0,0.0,0.0,11.44286433425623,6.128235294117647,16.329787234042552,10.377809660449547,13.102921195652174,59.19131845215108,52.84552845528455,65.64529411764707,56.22109158186864,62.58794371602174,27.87937401090206,20.950970940641785,34.307747489239595,25.8203125,29.604280736684917,1.372251028070803,0.0,2.899753190148611,0.6000000000000001,2.1403683424589346,14.0,7.475,19.525,12.75,15.25,0.059028428414822226,0.03182147800020947,0.0832343976952404,0.053349502602073696,0.06619183960154955,34.0,22.475,43.574999999999996,29.0,36.0
2090,20,40001.5,39088.925,40784.45,39593.5,40270.5,117.5,95.8,142.1,111.5,122.25,0.5102245371841165,0.41594661633192886,0.6050141787989262,0.4714474074810514,0.5297339859014731,102.5,83.85,127.725,96.75,107.5,102.5,83.85,127.725,96.75,107.5,14.0,7.95,20.0,11.0,16.25,0.0,0.0,0.0,0.0,0.0,11.572802197802197,6.671261930010605,17.525575447570333,10.335820895522387,13.201618457300276,59.9407453609855,52.64260962281754,66.45548780487805,56.593366452367036,62.744565217391305,27.938475665748392,21.388636363636362,34.74989491382934,25.157563025210084,29.766087915116437,0.9155518394648829,0.0,2.7954545454545454,0.0,2.020833333333333,13.5,7.95,20.049999999999997,12.75,15.25,0.05887233085973984,0.03425828547015843,0.08637029701604389,0.05400075815000445,0.06675927083840409,32.5,22.425,41.525,29.5,35.25
2091,20,39665.0,38696.425,40405.975,39216.25,39870.25,115.5,94.95,138.1,110.75,122.0,0.5052464015553741,0.41800840620315893,0.5945429939360146,0.473188657518018,0.5321923405062542,102.0,83.475,125.67499999999998,95.75,108.25,102.0,83.475,125.67499999999998,95.75,108.25,12.0,7.475,18.525,11.0,16.0,0.0,0.0,0.0,0.0,0.0,11.249115983026876,7.610256782242855,16.9429955290611,10.436432637571158,12.906799083269672,59.66807909604519,52.438194077207825,65.75696523140687,56.086813427923644,62.97465808527756,27.7307206068268,21.758985200845665,33.90120967741935,25.46487603305785,30.118455014749266,0.9375273810566898,0.0,3.0906072106261853,0.0,2.0208628005657707,14.0,8.475,20.574999999999996,11.75,15.0,0.05976284897973036,0.036596734978210234,0.08966299490288929,0.05030089581658211,0.06549333545742837,32.0,23.475,40.099999999999994,28.0,35.25
2092,20,39264.5,38281.3,39994.15,38817.75,39493.0,116.0,93.9,140.05,108.5,121.0,0.506929344206555,0.41794051874120874,0.6091183527821318,0.4697360492834954,0.536411599925101,101.5,81.95,126.1,93.0,106.0,101.5,81.95,126.1,93.0,106.0,14.0,8.475,18.049999999999997,11.0,15.25,0.0,0.0,0.0,0.0,0.0,11.01306173223449,7.609830361026534,16.670454545454543,10.879659908436887,12.136443490142495,60.593220338983045,53.06387741046832,64.14528383027523,56.88744412840308,62.731919727375995,27.61941448382126,22.789026662844037,33.361570247933884,24.948347107438018,29.51086956521739,0.9587155963302753,0.0,3.4587371425173905,0.6198347107438017,2.0319148936170213,12.5,8.475,20.099999999999994,11.75,14.25,0.055164366288303554,0.03708441039115298,0.08858680022026083,0.05070149789069659,0.06412119062072022,32.5,25.0,38.574999999999996,27.75,34.25
2093,20,38826.5,37863.7,39569.65,38405.75,39098.5,113.0,91.475,137.625,106.0,121.0,0.5041128884347947,0.4109777628621715,0.6048514875888288,0.46678785102233894,0.5432366646306522,100.0,82.475,124.1,91.5,106.0,100.0,82.475,124.1,91.5,106.0,13.5,8.475,19.0,10.75,15.0,0.0,0.0,0.0,0.0,0.0,11.634565330557,7.675619834710744,16.765053128689487,10.161824668705403,12.852032520325205,60.97345132743362,53.85606454971369,64.04077669902914,56.710137235575104,62.810831108144185,27.45750184774575,21.130280373831777,32.82293448352792,24.717490301905887,28.765527950310556,1.0596546310832027,0.0,3.5410830999066287,0.6198347107438017,2.050865800865801,13.0,8.0,20.14999999999999,11.0,15.25,0.05865132280747684,0.035368051527432845,0.08996280839115949,0.04806887525365052,0.0673777647191646,31.5,23.475,38.0,26.0,34.0
2094,20,38419.0,37481.875,39120.4,38034.75,38668.75,114.0,91.8,139.575,103.5,120.25,0.5151326648280088,0.41747150706215197,0.6207889893455802,0.45990816343056734,0.5430288754764513,99.5,79.9,124.625,91.25,105.75,99.5,79.9,124.625,91.25,105.75,13.0,8.425,18.574999999999996,11.0,15.25,0.0,0.0,0.0,0.0,0.0,11.343861958031733,7.2146739130434785,17.605280748663095,9.462444771723122,12.948447392221887,61.444569771189165,54.783152627189324,65.91000859106529,57.961079168509514,62.68232819074335,26.457307060755337,21.334151472650774,32.3394495412844,24.109653233364572,29.550395256916996,1.3618326118326118,0.0,3.5688405797101446,0.625,2.0783066461943407,13.0,8.0,20.67499999999999,9.75,16.0,0.05867614389838019,0.03576570135858736,0.09419299100101322,0.04348407655769751,0.07098596829000806,31.0,23.475,36.0,26.0,34.0
2095,20,38027.5,37045.4,38681.85,37593.0,38256.25,112.0,90.425,136.575,99.0,118.25,0.5141759140049151,0.4155382297583579,0.6149227905380673,0.44905562536370264,0.5442893119612771,97.5,79.375,122.525,90.0,105.5,97.5,79.375,122.525,90.0,105.5,13.0,8.475,17.525,10.75,15.0,0.0,0.0,0.0,0.0,0.0,10.960591133004925,7.35958485958486,17.392821535393814,9.84375,12.886412652767792,61.49839743589744,53.56534090909091,66.58854166666667,57.48571428571428,63.09457450761799,27.159322033898306,21.428229091780494,33.82832792207792,23.665223665223664,29.462195692883896,1.082631086142322,0.0,3.6408730158730154,0.5952380952380952,2.0586297760210805,13.0,8.0,20.624999999999993,10.0,14.25,0.05940083051721791,0.035955644068868184,0.09429258222460224,0.04535915407714168,0.06489984975800393,30.0,23.0,37.525,25.75,34.25
2096,20,37596.0,36600.975,38222.4,37167.75,37859.5,109.5,89.0,131.0,99.0,116.25,0.5063764429396231,0.4137499187363736,0.5968378437280357,0.4550179693585603,0.5353560455552616,94.5,77.425,118.525,88.25,104.25,94.5,77.425,118.525,88.25,104.25,13.0,9.0,19.0,11.75,14.0,0.0,0.0,0.0,0.0,0.0,11.159003831417625,7.545999144201968,17.928943189837675,9.871675943104513,12.259478897230458,60.87142979672356,52.82252298263534,65.59357889497262,57.5950950950951,62.939852700490995,26.884226884226884,20.554869442484126,33.963383838383834,24.353288987435327,30.026078710289234,1.1235955056179776,0.0,3.731089521165857,0.8602269378131446,2.134986225895317,12.0,8.0,19.67499999999999,9.75,15.0,0.05621692204365593,0.036411519173939304,0.0911262734113735,0.04489605916139407,0.06839045675283274,30.0,21.9,37.0,25.0,33.25
2097,20,37158.0,36178.6,37817.85,36751.5,37435.0,109.0,86.9,129.625,98.5,112.0,0.5120509766926233,0.4088642457325515,0.5982411716988789,0.4586394339082043,0.5323662643528547,94.0,75.9,116.1,87.0,101.25,94.0,75.9,116.1,87.0,101.25,13.0,9.0,18.049999999999997,11.75,14.25,0.0,0.0,0.0,0.0,0.0,11.537674037674037,7.656565656565657,16.38867488443759,9.73480729732995,12.155627793579846,61.108015231726576,52.46871871871872,66.37303889963465,56.951924600031674,62.82215357458077,26.55699177438308,20.974153765415902,34.247372372372375,24.09090909090909,30.463089362595824,1.0695493022191718,0.0,3.778640845569979,0.8875400824553367,2.1145735707591378,12.5,8.0,18.574999999999996,9.75,14.0,0.05813520932728876,0.03688864965107033,0.08709049156871387,0.04551358694093906,0.06500116503061046,29.0,21.475,37.525,25.75,32.25
2098,20,36734.5,35748.675,37362.875,36319.25,37013.0,104.5,84.9,128.25,97.75,111.75,0.4952816360673983,0.4040393993996658,0.6067156377568602,0.45911876220666414,0.53418118497281,89.5,74.95,115.29999999999998,86.0,99.25,89.5,74.95,115.29999999999998,86.0,99.25,13.0,9.475,16.525,11.75,15.0,0.0,0.0,0.0,0.0,0.0,11.299475102851469,7.710727969348659,16.689393939393934,8.812580231065468,11.891017230823056,61.01730688054032,53.277283892852964,65.81190947044607,57.58741258741259,62.759170653907496,26.423200859291086,20.48116298116298,33.95180722891566,23.736959761549926,31.086631814787157,1.0417797069994572,0.0,3.996299538437052,0.9137426900584794,2.12640977443609,12.0,7.475,18.624999999999993,8.75,13.25,0.05660111631403257,0.03498227950915653,0.08844837544684726,0.04133579674599771,0.061641109241606665,28.5,21.475,35.574999999999996,26.0,31.25
2099,20,36273.5,35337.875,36939.175,35892.5,36568.5,105.5,86.0,128.2,95.5,110.25,0.504412327126774,0.4140466009697214,0.6073735027493641,0.45388378519205896,0.5314293587248867,91.0,75.475,115.77499999999998,83.75,97.5,91.0,75.475,115.77499999999998,83.75,97.5,12.5,10.0,15.0,11.0,14.0,0.0,0.0,0.0,0.0,0.0,10.708435708435708,6.925080128205129,16.869574119574114,9.061668145519079,12.750312891113891,60.735735735735744,52.50247124370956,65.8826188016529,57.62653898768811,63.07650682650682,26.083896396396398,21.111702127659573,34.63043673616103,24.886363636363637,30.716130756212706,1.0929288103201147,0.0,3.9438585607940446,0.9132986197206381,2.0987940630797777,11.5,6.475,18.624999999999993,8.75,14.0,0.055046531793453604,0.030688187728923934,0.08942248555893739,0.041889957374041,0.0658979736692319,28.0,21.475,36.574999999999996,27.0,30.25
2100,20,35839.0,34882.5,36495.125,35442.0,36138.5,104.5,85.475,125.24999999999999,94.75,110.5,0.5095013597451479,0.41588798007569483,0.6069634494244763,0.457440467786524,0.5376574254176087,90.5,74.475,113.34999999999998,83.0,98.25,90.5,74.475,113.34999999999998,83.0,98.25,11.5,8.475,16.049999999999997,10.0,14.0,0.0,0.0,0.0,0.0,0.0,10.524802300503236,6.8922670191672175,17.70982142857142,8.440190511082616,13.125687568756877,60.18867924528302,51.656976744186046,65.1736111111111,58.29786249653002,62.79611756964246,27.280701754385966,21.30614657210402,34.64853417094993,25.0,31.29023307436182,1.1173533083645444,0.0,4.068627450980392,0.9241488651535379,2.1558704453441297,11.0,6.0,19.624999999999993,8.75,14.0,0.05393641450050758,0.028743006790981948,0.0952470407603305,0.041425858219984436,0.06664497437151204,28.5,21.475,35.525,27.0,30.25
2101,20,35450.5,34456.025,36113.2,35086.5,35732.75,103.0,83.475,123.625,94.75,109.25,0.4974527353547401,0.40934996992682376,0.6062743811663438,0.45817516037885303,0.5350578689913561,90.0,74.475,113.19999999999999,81.75,98.0,90.0,74.475,113.19999999999999,81.75,98.0,10.5,8.0,15.0,9.0,13.5,0.0,0.0,0.0,0.0,0.0,10.659226331221035,6.37220591555656,18.03535353535353,8.060049235097592,12.592821782178218,60.18558295386202,51.05954345434544,66.08619416758951,56.51659888394968,63.00211416490486,27.54660139333459,21.26291195277914,33.52787921973813,25.0,31.027201589864614,1.1627906976744187,0.0,4.646423694093547,0.9484265734265734,2.1416298478154148,11.5,6.0,19.624999999999993,9.25,13.0,0.056499551671492836,0.028968740735484437,0.09636069180027518,0.04424868569535274,0.06260704867369744,27.5,20.95,35.525,25.75,31.25
2102,20,35032.5,34061.075,35677.525,34682.0,35302.75,103.0,81.95,121.625,94.0,108.5,0.5031609335816052,0.4023663537792919,0.6025949920627289,0.46204428285281546,0.532335453128898,91.5,72.95,112.67499999999998,82.75,96.0,91.5,72.95,112.67499999999998,82.75,96.0,10.0,8.0,15.0,9.0,13.0,0.0,0.0,0.0,0.0,0.0,10.647340889276373,6.088235294117647,17.97323911028729,7.524120759414877,13.303718629785674,59.684429327286466,51.06235997012696,66.8182670667667,57.157939189189186,62.954338361850766,27.77511961722488,19.573511166253102,33.694317532838376,24.886363636363637,30.979473449352966,1.1838049873914263,0.0,4.707634598411297,0.9596368212873067,1.9252984212552946,12.0,6.0,18.67499999999999,8.25,13.0,0.0600273781173836,0.029323794443795334,0.09287047082075547,0.0412847873508957,0.06376107463604479,27.0,18.375,35.525,25.75,31.25
2103,20,34645.5,33626.825,35262.125,34292.25,34900.75,100.5,79.425,118.67499999999998,91.25,105.75,0.5021889653636422,0.39945104075184845,0.5952412239354903,0.453031027917146,0.5256285167359498,90.5,71.95,110.19999999999999,79.75,94.25,90.5,71.95,110.19999999999999,79.75,94.25,10.0,7.0,15.049999999999997,8.0,13.0,0.0,0.0,0.0,0.0,0.0,10.043087642097543,5.647378516624041,19.013202247191,7.554945054945055,12.414599065084502,59.81651376146789,49.85,67.81420765027322,57.74247198879552,63.939193654990085,28.248081841432224,19.171808804568062,35.66911764705882,24.75,30.792972459639127,1.1834733893557423,0.0,4.3082568807339445,0.9662505779010633,1.9771440129449835,10.5,5.475,18.724999999999987,7.5,13.0,0.052664840952180325,0.027153085832418232,0.09427545768924797,0.03796543068887218,0.06366733938108148,26.5,18.375,37.0,24.0,29.5
2104,20,34243.0,33248.5,34877.725,33910.75,34537.0,99.5,77.475,118.14999999999999,87.75,104.0,0.4983363626849561,0.38868054466560736,0.5986510435463906,0.4497088921914576,0.5310371449232839,88.5,69.95,107.625,75.5,93.25,88.5,69.95,107.625,75.5,93.25,10.5,7.475,16.0,10.0,12.0,0.0,0.0,0.0,0.0,0.0,10.695742471443406,5.18048128342246,19.156249999999986,7.767232767232767,13.659521291935018,60.128205128205124,48.91979166666667,68.2297879985627,57.001195392306016,64.20454545454545,27.84090909090909,19.04481881754609,35.154411764705884,24.012539184952978,30.282669138090824,1.2157382847038019,0.0,3.8113636363636343,0.9876722966414289,1.993945088213801,11.0,4.95,18.67499999999999,7.5,13.0,0.05465292042175828,0.02481422183531031,0.09505588218576741,0.03840945383072588,0.06443783278515759,25.0,18.375,37.05,24.75,28.0
2105,20,33876.0,32856.975,34479.625,33535.5,34155.0,98.5,77.275,115.57499999999999,87.75,103.5,0.49827767487252994,0.3945779584662803,0.5940297621415934,0.44564527727024444,0.5257232561417342,88.0,68.85,104.625,75.0,93.25,88.0,68.85,104.625,75.0,93.25,10.0,7.475,15.0,8.75,12.0,0.0,0.0,0.0,0.0,0.0,11.215932914046121,6.177593542053016,19.138576779026206,8.247455071006662,12.897391966495336,60.00380734818199,49.05663780663781,68.39968511021142,57.20798836428731,64.12959827612744,27.42202024375129,19.43820224719101,35.82350901525659,23.809523809523807,29.216867469879517,1.09371264642601,0.0,3.954081632653059,0.9418305534810388,1.805985552115583,10.5,5.475,18.67499999999999,7.75,13.0,0.053353081887895344,0.027814614402277227,0.09621792143054334,0.040138678492495077,0.06537801143347349,25.0,17.425,37.525,23.75,28.5
2106,20,33487.5,32485.7,34069.025,33145.0,33784.5,97.5,75.425,113.0,87.5,103.25,0.5039673000231311,0.3983069166344491,0.5865242737411466,0.4508187486460805,0.527940201257151,87.5,68.0,102.525,75.75,92.0,87.5,68.0,102.525,75.75,92.0,10.5,6.0,14.0,9.0,11.25,0.0,0.0,0.0,0.0,0.0,10.683639792550684,6.21110988526037,19.568506817425998,8.004158004158004,12.867506681939672,60.0,49.81958762886598,69.49115044247787,57.24687933425797,62.84562211981567,27.4977497749775,19.829431915501,35.545240716644976,23.665858095815643,30.013346680013345,1.0657596371882088,0.0,3.488302934179222,0.8849557522123894,1.503709591944886,10.5,5.475,18.67499999999999,8.0,12.0,0.05386339181151435,0.028120434713883688,0.09747905652985488,0.04153062017994705,0.06196446173575713,25.0,19.425,35.525,23.0,28.0
2107,20,33097.5,32116.0,33692.525,32795.75,33451.25,95.5,75.0,113.05,87.5,102.0,0.502747866696239,0.3970247094458039,0.5919184473942257,0.4541319370415798,0.5325073967626941,86.0,65.95,101.525,76.5,91.25,86.0,65.95,101.525,76.5,91.25,10.0,6.0,14.524999999999999,8.0,11.0,0.0,0.0,0.0,0.0,0.0,10.947712418300654,5.2918604651162795,19.591957421643993,7.610957004160887,13.220301418439716,59.51361126975061,50.0625,69.49835526315789,57.78571428571428,61.90909090909091,28.431372549019606,19.194756554307112,35.76562499999999,23.724489795918366,30.79220779220779,1.1363636363636365,0.0,3.484374999999999,0.9585084033613445,1.8259935553168636,10.0,4.475,18.099999999999994,8.0,12.0,0.052799666935017586,0.02322272468403366,0.09452953702408153,0.04242627218432038,0.06127155449301328,24.5,19.375,35.0,22.75,29.0
2108,20,32762.5,31730.275,33306.1,32420.25,33069.5,94.0,75.95,109.05,86.0,99.25,0.49581841614590594,0.4042510354348826,0.5794177989341083,0.45025436600534163,0.5217196840385243,83.5,64.475,99.05,74.5,89.5,83.5,64.475,99.05,74.5,89.5,10.0,5.475,14.0,8.75,12.0,0.0,0.0,0.0,0.0,0.0,10.551707075705096,5.198863636363637,20.66761363636363,7.818181818181818,12.078136463683052,59.242999525391554,49.31405141843972,69.27651515151516,57.141414141414145,63.07283142389525,29.03488372093023,19.22138047138047,36.271760154738885,24.34064716312057,31.376623376623378,1.1495771670190276,0.0,3.6159574468085096,0.9772727272727273,1.8990929705215418,9.5,4.475,19.14999999999999,8.0,11.0,0.04963863386212316,0.023476220664598677,0.10108345750444453,0.042718854113672364,0.058732213355630336,25.0,18.85,35.05,23.0,28.0
2109,20,32388.5,31340.925,32920.925,32012.0,32674.0,92.5,73.475,109.05,83.0,96.75,0.49395389871225326,0.40039582010234137,0.5854754906499146,0.44281376143972906,0.5195406321122105,84.5,61.95,97.625,71.0,86.5,84.5,61.95,97.625,71.0,86.5,10.0,6.475,14.049999999999997,8.0,12.0,0.0,0.0,0.0,0.0,0.0,10.901138801782473,4.031567683253076,20.557408707865164,7.373737373737373,12.607573149741825,59.82345222474055,49.54727564102564,68.82890704800818,57.47995322418977,62.527056277056275,28.319217463915066,20.583645443196005,36.324508824508825,24.601063829787236,30.984555984555985,1.09371264642601,0.0,3.215144230769231,0.0,1.8939393939393938,9.5,3.475,19.099999999999994,8.0,11.25,0.05023267648420577,0.01846504559270517,0.10188014068344499,0.042872216353994144,0.06081992419702803,24.0,19.375,34.62499999999999,23.0,25.25
2110,20,32024.5,31041.925,32553.2,31672.0,32294.25,89.5,72.95,110.525,83.75,96.0,0.4827007728551439,0.4023494233068722,0.6006220182590496,0.45042541393580726,0.5112363173896466,82.5,61.95,99.1,72.5,85.25,82.5,61.95,99.1,72.5,85.25,10.0,6.475,15.624999999999993,9.0,11.25,0.0,0.0,0.0,0.0,0.0,10.916192241493446,4.2778772951186745,19.901942815249264,7.813754348407814,15.184169278996865,59.80113636363636,47.61363636363636,68.33230958230958,56.076388888888886,61.73826173826174,28.078817733990146,21.102272727272727,35.87357954545454,24.32932469935245,32.44120744120744,1.1241631931287104,0.0,3.2741477272727266,0.0,1.8844696969696968,9.5,3.475,18.049999999999997,7.75,13.0,0.0517413778971489,0.018637612507615614,0.09713141843766332,0.042328190797449164,0.06985660860869015,24.0,19.9,34.05,23.75,25.5
2111,20,31667.5,30726.85,32191.125,31304.75,31926.5,88.0,69.425,108.05,82.5,95.25,0.47941347120162925,0.380466295454729,0.5921140987918292,0.44316607802413455,0.519972165571566,79.5,60.95,97.57499999999999,73.25,85.25,79.5,60.95,97.57499999999999,73.25,85.25,9.0,5.95,14.574999999999996,8.0,12.0,0.0,0.0,0.0,0.0,0.0,11.189358372456965,3.6948885658914734,19.555390492359933,8.613407212280862,15.12255920232655,58.75050875050875,46.65948275862069,69.03444903281894,56.43366228070175,62.99983476536682,27.68975210835676,20.748742231429418,37.15876436781609,24.98185117967332,31.816740646797715,1.0994321614111393,0.0,3.802879488091005,0.0,1.896980122324159,10.0,2.95,17.525,7.75,13.0,0.05481147781418037,0.01598647120538156,0.09513718306863429,0.04233203473656533,0.06964839670788292,24.0,19.95,34.574999999999996,23.0,25.25
2112,20,31335.0,30357.9,31886.475,30953.25,31619.0,89.0,67.85,106.525,80.75,94.25,0.4907640090484731,0.3758106624369906,0.5911041103376008,0.44350213544989553,0.5143398987432977,78.5,59.375,97.1,71.75,85.0,78.5,59.375,97.1,71.75,85.0,9.0,5.475,14.574999999999996,8.0,11.25,0.0,0.0,0.0,0.0,0.0,11.189358372456965,3.803763440860215,19.860704940741876,8.10059779562862,15.073529411764707,58.83755042170883,46.30868092965984,69.58726415094338,55.844508880029,63.21678321678321,28.403361344537814,20.89622641509434,36.836716201522286,23.64081188836535,31.65667808219178,1.1235955056179776,0.0,3.766072049113864,0.0,1.9470092332396627,9.5,2.95,17.0,7.75,13.0,0.05303819562778404,0.016132598893787185,0.09340460481238728,0.04285354581222279,0.07137592704983303,24.0,20.0,35.0,22.0,25.0
2113,20,31015.0,30058.75,31555.4,30606.25,31225.5,86.5,70.85,104.14999999999999,79.75,93.5,0.47990842327300276,0.39134165270328247,0.5851921386380996,0.4493846264990665,0.5213966138467302,77.0,61.9,94.725,70.5,84.0,77.0,61.9,94.725,70.5,84.0,10.0,4.475,14.574999999999996,8.0,11.0,0.0,0.0,0.0,0.0,0.0,10.380747126436782,3.8028616852146264,19.181217734588518,7.300420168067227,15.41795665634675,58.784029038112514,46.47456279809221,69.36196854979615,56.032967032967036,63.30882352941176,28.895071542130367,21.140927176829834,35.03740409207161,25.714045698924732,31.792318634423896,1.1365103964871497,0.0,3.8639705882352926,0.0,1.551147922115664,9.5,2.95,16.525,6.75,13.0,0.05325213659783072,0.016270020859800848,0.09174809314054377,0.03788158349677119,0.07208031765010915,24.0,20.475,33.0,22.0,25.25
2114,20,30673.5,29731.45,31224.925,30265.0,30887.5,86.0,70.375,104.14999999999999,77.75,95.0,0.4858331785993415,0.39339754197596116,0.5916238987357331,0.43566612946649436,0.5327277595707552,75.0,61.475,95.24999999999999,68.0,83.5,75.0,61.475,95.24999999999999,68.0,83.5,10.5,3.95,14.099999999999994,7.75,11.0,0.0,0.0,0.0,0.0,0.0,10.196366691168748,4.897590361445783,18.882926140375652,8.196672608437314,15.550807217473885,58.52382797365362,46.104769152714354,69.53721427767144,56.65301268498943,63.14262691377921,28.354149879129736,21.07693419404567,35.76185834957764,25.29169308814204,32.21917808219178,1.1696306429548564,0.0,3.969785575048732,0.7009345794392523,1.5891950130829613,9.0,3.95,16.574999999999996,7.0,13.0,0.05055788225638551,0.022045295337547528,0.09275743112849846,0.039608516705370696,0.07296317068622754,23.5,19.95,34.525,22.0,26.0
2115,20,30359.0,29395.025,30880.4,29937.5,30579.25,84.5,70.95,105.24999999999999,77.5,92.5,0.47652518041980574,0.40787974008131717,0.6045882323133276,0.4419886126913079,0.5260296555774338,73.5,62.425,96.29999999999998,68.75,80.5,73.5,62.425,96.29999999999998,68.75,80.5,8.5,5.475,16.574999999999996,7.0,11.0,0.0,0.0,0.0,0.0,0.0,10.5941005400914,5.637254901960785,18.397988505747126,7.822916666666667,15.48582995951417,58.65817091454272,46.59455128205128,67.62045454545454,55.57133198106829,61.816496756255795,29.02930402930403,21.617021276595747,36.16709183673469,26.035805626598467,31.205547652916074,1.1764705882352942,0.0,4.1095317725752505,0.6818181818181818,1.6163793103448274,9.0,4.475,15.524999999999999,7.0,12.0,0.051292553776378355,0.02521712526620051,0.08778510856390545,0.040130240587665345,0.06875900038985114,24.0,20.475,35.05,22.0,24.25
2116,20,30063.5,29046.85,30567.925,29590.75,30260.5,83.5,69.0,103.67499999999998,77.5,92.0,0.47165251638603173,0.40167207804474786,0.6021648618436259,0.4448756847161004,0.5273107732328356,73.5,59.375,94.24999999999999,67.75,79.5,73.5,59.375,94.24999999999999,67.75,79.5,8.0,5.0,16.099999999999994,7.0,11.25,0.0,0.0,0.0,0.0,0.0,10.548418972332016,5.81919226200577,18.373447204968944,7.5815217391304355,15.227272727272727,58.91350210970464,46.149456521739125,67.15210280373832,55.15422077922078,62.07210998877666,27.40447957839262,21.445713626398984,36.62231062303899,26.427137119908206,32.51495273007911,1.242283950617284,0.0,4.063858695652173,1.047872340425532,1.6821946169772257,9.0,4.475,15.524999999999999,6.75,12.25,0.05191215147676552,0.025864842494750413,0.08877473722856577,0.03868329489884855,0.07096093337028267,24.0,19.0,34.525,22.0,24.25
2117,20,29772.0,28755.35,30271.1,29286.0,29922.75,82.5,68.425,99.625,76.75,90.5,0.47226391338209545,0.4044088002402093,0.5889638626752449,0.4479436797427401,0.525711285919075,72.0,58.85,91.14999999999999,68.25,80.5,72.0,58.85,91.14999999999999,68.25,80.5,8.5,4.475,15.574999999999996,7.0,10.25,0.0,0.0,0.0,0.0,0.0,10.66919191919192,6.131400602409639,18.779201817001944,7.5106454504706415,15.227272727272727,59.02951958325294,45.476212686567166,67.38831615120274,54.96894409937889,62.697784810126585,26.7479674796748,21.557004244996968,36.98775146009085,25.695970695970693,33.10823847192745,1.3178428992543783,0.0,4.114583333333332,1.12401185770751,1.714641080312722,9.0,5.0,16.574999999999996,6.75,12.0,0.052588840745369195,0.028896926324918283,0.09573021108451187,0.03893032933091763,0.07091697860986523,23.0,18.475,34.525,22.0,24.0
2118,20,29467.0,28433.475,29970.725,28959.75,29606.0,79.5,68.425,99.57499999999999,73.5,89.0,0.4701152179145752,0.405652482568921,0.5911785870426735,0.43340375193341496,0.5241141247445638,70.5,57.9,89.625,64.5,79.25,70.5,57.9,89.625,64.5,79.25,9.0,5.0,15.524999999999999,7.0,10.25,0.0,0.0,0.0,0.0,0.0,11.46213337224573,6.1689797163336895,18.649508141112616,7.821953327571305,15.324989332954061,57.757936507936506,44.52815038730398,66.33183471408366,53.49931318681319,62.103402926187734,27.437564146424904,22.251068856885688,38.381590319792565,25.55085364074128,34.394841269841265,1.3437950937950938,0.0,4.190161104718066,1.1235955056179776,1.7444029850746268,9.5,5.0,15.574999999999996,6.75,12.0,0.0559831681284187,0.029201069260531853,0.09128464909890428,0.039445318083507895,0.07169857864671608,23.0,17.95,34.574999999999996,21.0,24.25
2119,20,29140.0,28138.225,29683.35,28653.25,29281.0,80.5,67.95,99.0,71.75,87.0,0.472843676854735,0.4105742063126784,0.5940094790450049,0.4253074364879834,0.5180391004151405,71.5,59.475,91.57499999999999,65.0,77.25,71.5,59.475,91.57499999999999,65.0,77.25,8.0,4.475,13.524999999999999,6.75,10.0,0.0,0.0,0.0,0.0,0.0,11.516357206012378,6.172650878533231,19.158789386401327,7.872200263504611,15.637254901960784,57.78256704980842,44.513444302176694,66.87254901960783,53.74057744275352,62.84520077623526,27.315529484408767,22.150856389986824,38.535677805340725,25.050505050505052,33.322517845554835,1.3535760014633254,0.0,4.07076984763432,1.0858585858585859,1.7291590826356025,9.5,5.0,15.574999999999996,6.0,13.0,0.05649442731455951,0.029516989663032376,0.0918714754601735,0.03595532644325866,0.07653583616571329,22.5,17.425,33.574999999999996,21.0,24.25
2120,20,28826.0,27843.45,29379.9,28346.25,28991.25,80.5,66.475,97.05,73.0,85.25,0.4781390294271091,0.4030806714574901,0.5878585598975749,0.4348689022782827,0.516044757757214,72.0,58.95,88.1,65.25,77.25,72.0,58.95,88.1,65.25,77.25,8.0,5.0,11.524999999999999,6.75,9.25,0.0,0.0,0.0,0.0,0.0,10.909491625036733,5.561627906976744,19.118083003952567,7.846076961519241,15.716731898238747,57.71292435973794,45.07775119617225,68.00723777883246,54.855410447761194,63.40625,27.270723104056437,21.58777969018933,37.91524767801858,24.6111446692842,33.69565217391304,1.316017316017316,0.0,4.198906644238854,0.7812499999999999,1.481729055258467,9.0,4.475,15.574999999999996,6.0,12.0,0.05409522502356401,0.02678942999590977,0.09276912756228217,0.03636930835950524,0.0722539042287875,22.5,16.95,32.0,20.0,24.0
2121,20,28512.5,27536.9,29079.725,28033.75,28663.75,80.0,66.475,97.0,72.75,83.75,0.4859168737264174,0.40212794037546773,0.5946380979396233,0.438459750203963,0.514207149209151,70.5,59.95,88.1,63.0,76.0,70.5,59.95,88.1,63.0,76.0,7.0,5.475,12.0,6.0,9.5,0.0,0.0,0.0,0.0,0.0,10.77943615257048,5.746061167747915,18.82293080054274,7.916245365689249,14.89864864864865,57.73550724637681,45.23648648648649,69.19871794871796,52.89772727272727,64.38526155021,28.76893939393939,21.7185434840074,38.21393682839466,23.996065662732327,33.72093023255813,1.3656633221850614,0.0,4.281976744186045,1.081907782938711,2.487163029525032,9.0,5.0,15.049999999999997,6.5,12.0,0.05458190497279145,0.030189790097666785,0.0905749131293623,0.03852245336525219,0.07313935246331099,22.5,15.95,31.049999999999997,21.0,25.0
2122,20,28221.0,27252.225,28765.075,27753.5,28339.0,78.5,66.0,96.57499999999999,70.0,80.5,0.4818037368236135,0.40647644408609923,0.5978564479893367,0.4346346963139715,0.5011629180071265,69.5,59.475,87.05,61.75,74.25,69.5,59.475,87.05,61.75,74.25,7.0,4.95,12.0,6.0,9.25,0.0,0.0,0.0,0.0,0.0,10.230245944531658,5.438888888888889,18.82293080054274,7.26409666283084,13.964164735246925,59.3379257558362,45.252880921895006,69.81962025316456,52.860430708531965,63.50161117078411,29.437229437229437,20.253164556962027,39.19974391805378,23.18181818181818,33.338986883763006,1.3956193060670672,0.0,4.368778280542984,1.08843537414966,2.548084826565839,8.0,4.0,14.0,5.0,11.25,0.049534214569889934,0.024555266790741753,0.0859772345016412,0.03141674799240181,0.07006971733659614,22.0,15.475,30.525,20.0,25.0
2123,20,27889.5,26938.675,28474.45,27431.0,28024.0,78.0,65.0,97.525,69.5,81.75,0.4864693887368395,0.402231019944913,0.6115615220252416,0.43376903823394597,0.5069288819110565,68.5,59.0,89.05,62.75,74.25,68.5,59.0,89.05,62.75,74.25,7.5,4.0,12.0,6.0,10.0,0.0,0.0,0.0,0.0,0.0,10.230245944531658,5.606597386238388,19.11013986013986,7.568293775190327,14.148351648351648,58.29820864067439,44.840909090909086,69.63461538461539,53.52564102564103,63.706654170571696,28.71794871794872,20.243589743589745,39.045112781954884,24.582869855394883,33.5820895522388,1.3763197586726998,0.0,4.330238726790448,0.7653061224489797,2.6059466848940533,8.0,4.0,14.524999999999999,6.0,11.25,0.050085346703807404,0.02485935946391455,0.08940747165219456,0.036729916529838695,0.07089356196905572,22.0,14.95,30.0,20.75,24.25
2124,20,27574.5,26621.05,28183.025,27140.0,27748.25,74.5,65.0,97.625,68.5,80.75,0.4725848118594682,0.40610380804230267,0.6197070277270089,0.4446150087156484,0.5132716255496681,67.5,56.95,88.67499999999998,61.5,73.25,67.5,56.95,88.67499999999998,61.5,73.25,8.0,4.0,11.574999999999996,6.75,9.25,0.0,0.0,0.0,0.0,0.0,10.39136302294197,5.063453815261044,19.486486486486484,7.436594202898551,13.159090909090908,58.121212121212125,46.762660855126605,71.1543095458758,55.067567567567565,63.81249999999999,28.998946259220233,17.451923076923077,38.109959274342835,24.77409638554217,32.960199004975124,1.4003133568350958,0.0,4.828767123287669,0.7894736842105263,2.541666666666667,7.5,4.0,14.524999999999999,6.0,10.5,0.04739827727494102,0.024986946454735807,0.09044910785693744,0.037134967951055725,0.06807845928264171,22.0,12.375,28.525,19.75,24.25
2125,20,27295.0,26318.5,27902.725,26816.5,27443.25,74.0,63.475,97.525,69.5,81.5,0.4729964896125889,0.4082532233963139,0.6246677470409608,0.44630372917043637,0.5195780147173537,64.5,56.95,89.57499999999999,60.75,74.5,64.5,56.95,89.57499999999999,60.75,74.5,8.0,4.0,12.574999999999996,6.0,9.0,0.0,0.0,0.0,0.0,0.0,10.96096096096096,5.1690093708166,20.1640625,7.34126984126984,13.680322875418824,58.452380952380956,47.03752364935884,71.02365343727853,55.142463235294116,64.21957671957672,27.15215215215215,17.689724037763252,36.32535211267606,23.971165561120888,32.976190476190474,1.4285714285714286,0.0,4.844880091358963,0.7731958762886597,2.5462962962962963,8.0,4.0,14.524999999999999,6.0,10.5,0.05111708666473959,0.025275914453623198,0.09137679939901724,0.037498681382198584,0.06889470138967506,21.0,12.85,28.049999999999997,18.75,24.0
